id,year,school_key,school_name,dept_name,origin_dept,exam_no,name,status,dest_school,dest_dept,category,offers_count,offers
CAND_0001,115,nutc_acc,國立臺中科技大學,會計資訊系,國立臺中科技大學 會計資訊系,64090276,許*,正取,國立臺中科技大學,國立臺中科技大學會計資訊系,原校系/本校留任,3,"國立臺中科技大學會計資訊系(正取,分發); 國立高雄科技大學會計資訊系(通過); 逢甲大學會計學系(通過)"
CAND_0002,115,nutc_acc,國立臺中科技大學,會計資訊系,國立臺中科技大學 會計資訊系,67090186,周*柔,正取,逢甲大學,逢甲大學會計學系,其他學校錄取,3,"國立臺中科技大學會計資訊系(正取); 朝陽科技大學會計系(通過); 逢甲大學會計學系(正取,分發)"
CAND_0003,115,nutc_acc,國立臺中科技大學,會計資訊系,國立臺中科技大學 會計資訊系,63090356,林*鈞,正取,國立雲林科技大學,國立雲林科技大學會計系,其他學校錄取,5,"國立臺中科技大學會計資訊系(正取); 國立雲林科技大學會計系(備取,分發); 國立高雄科技大學會計資訊系(正取); 國立虎尾科技大學財務金融系(通過); 國立勤益科技大學資訊管理系(通過)"
CAND_0004,115,nutc_acc,國立臺中科技大學,會計資訊系,國立臺中科技大學 會計資訊系,63090025,吳*黛,正取,國立臺中科技大學,國立臺中科技大學會計資訊系,原校系/本校留任,4,"國立臺中科技大學會計資訊系(正取,分發); 國立高雄科技大學財務管理系(正取); 國立高雄科技大學會計資訊系(通過); 國立勤益科技大學企業管理系(通過)"
CAND_0005,115,nutc_acc,國立臺中科技大學,會計資訊系,國立臺中科技大學 會計資訊系,56090096,吳*,正取,國立臺北商業大學,國立臺北商業大學企業管理系(臺北校區),其他學校錄取,5,"國立臺中科技大學會計資訊系(正取); 國立雲林科技大學會計系(通過); 國立臺北商業大學企業管理系(臺北校區)(正取,分發); 國立屏東大學會計學系(通過); 中原大學會計學系(備取)"
CAND_0006,115,nutc_acc,國立臺中科技大學,會計資訊系,國立臺中科技大學 會計資訊系,64090465,尤*葳,正取,國立臺中科技大學,國立臺中科技大學會計資訊系,原校系/本校留任,2,"國立臺中科技大學會計資訊系(正取,分發); 中原大學會計學系(正取)"
CAND_0007,115,nutc_acc,國立臺中科技大學,會計資訊系,國立臺中科技大學 會計資訊系,60090232,*政,正取,—,—,未分發或放棄,3,國立臺中科技大學會計資訊系(正取); 國立高雄科技大學會計資訊系(正取); 亞洲大學會計與資訊學系(正取)
CAND_0008,115,nutc_acc,國立臺中科技大學,會計資訊系,國立臺中科技大學 會計資訊系,64090161,黄*住,正取,國立雲林科技大學,國立雲林科技大學會計系,其他學校錄取,6,"國立臺中科技大學會計資訊系(正取); 國立雲林科技大學會計系(正取,分發); 國立高雄科技大學會計資訊系(正取); 國立高雄科技大學財政稅務系(通過); 中原大學會計學系(通過); 逢甲大學會計學系(通過)"
CAND_0009,115,nutc_acc,國立臺中科技大學,會計資訊系,國立臺中科技大學 會計資訊系,61090715,陳*楷,正取,國立臺中科技大學,國立臺中科技大學會計資訊系,原校系/本校留任,2,"國立臺中科技大學會計資訊系(正取,分發); 國立高雄科技大學會計資訊系(正取)"
CAND_0010,115,nutc_acc,國立臺中科技大學,會計資訊系,國立臺中科技大學 會計資訊系,52090398,李*,正取,國立臺中科技大學,國立臺中科技大學會計資訊系,原校系/本校留任,3,"國立臺中科技大學會計資訊系(正取,分發); 國立屏東大學會計學系(正取); 銘傳大學會計學系(台北校區)(正取)"
CAND_0011,115,nutc_acc,國立臺中科技大學,會計資訊系,國立臺中科技大學 會計資訊系,61090202,胡*祐,正取,國立臺中科技大學,國立臺中科技大學會計資訊系,原校系/本校留任,4,"國立臺中科技大學會計資訊系(正取,分發); 國立雲林科技大學會計系(通過); 國立高雄科技大學會計資訊系(通過); 國立高雄科技大學財政稅務系(通過)"
CAND_0012,115,nutc_acc,國立臺中科技大學,會計資訊系,國立臺中科技大學 會計資訊系,55090278,李*,正取,國立臺中科技大學,國立臺中科技大學會計資訊系,原校系/本校留任,5,"國立臺中科技大學會計資訊系(正取,分發); 國立高雄科技大學會計資訊系(備取); 國立虎尾科技大學企業管理系(正取); 國立勤益科技大學企業管理系(通過); 國立宜蘭大學應用經濟與管理學系(正取)"
CAND_0013,115,nutc_acc,國立臺中科技大學,會計資訊系,國立臺中科技大學 會計資訊系,63090225,李*婷,正取,國立臺中科技大學,國立臺中科技大學會計資訊系,原校系/本校留任,1,"國立臺中科技大學會計資訊系(正取,分發)"
CAND_0014,115,nutc_acc,國立臺中科技大學,會計資訊系,國立臺中科技大學 會計資訊系,54090171,徐*佑,正取,中原大學,中原大學會計學系,其他學校錄取,3,"國立臺中科技大學會計資訊系(正取); 中原大學會計學系(正取,分發); 逢甲大學會計學系(正取)"
CAND_0015,115,nutc_acc,國立臺中科技大學,會計資訊系,國立臺中科技大學 會計資訊系,57090580,*延,正取,國立臺中科技大學,國立臺中科技大學會計資訊系,原校系/本校留任,4,"國立臺中科技大學會計資訊系(正取,分發); 國立高雄科技大學會計資訊系(備取); 國立高雄科技大學財政稅務系(通過); 逢甲大學會計學系(正取)"
CAND_0016,115,nutc_acc,國立臺中科技大學,會計資訊系,國立臺中科技大學 會計資訊系,58090188,林*永,正取,國立臺中科技大學,國立臺中科技大學會計資訊系,原校系/本校留任,2,"國立臺中科技大學會計資訊系(正取,分發); 國立高雄科技大學會計資訊系(通過)"
CAND_0017,115,nutc_acc,國立臺中科技大學,會計資訊系,國立臺中科技大學 會計資訊系,61090600,*婷,正取,國立臺中科技大學,國立臺中科技大學會計資訊系,原校系/本校留任,1,"國立臺中科技大學會計資訊系(正取,分發)"
CAND_0018,115,nutc_acc,國立臺中科技大學,會計資訊系,國立臺中科技大學 會計資訊系,61090516,葵*瑜,正取,國立臺中科技大學,國立臺中科技大學會計資訊系,原校系/本校留任,4,"國立臺中科技大學會計資訊系(正取,分發); 國立高雄科技大學會計資訊系(通過); 國立虎尾科技大學財務金融系(通過); 逢甲大學會計學系(通過)"
CAND_0019,115,nutc_acc,國立臺中科技大學,會計資訊系,國立臺中科技大學 會計資訊系,52090554,張*倫,正取,中原大學,中原大學會計學系,其他學校錄取,4,"國立臺中科技大學會計資訊系(正取); 國立高雄科技大學會計資訊系(正取); 中原大學會計學系(備取,分發); 銘傳大學會計學系(台北校區)(備取)"
CAND_0020,115,nutc_acc,國立臺中科技大學,會計資訊系,國立臺中科技大學 會計資訊系,57090589,邱*,正取,逢甲大學,逢甲大學會計學系,其他學校錄取,3,"國立臺中科技大學會計資訊系(正取); 中原大學國際經營與貿易學系(通過); 逢甲大學會計學系(備取,分發)"
CAND_0021,115,nutc_acc,國立臺中科技大學,會計資訊系,國立臺中科技大學 會計資訊系,61090825,陳*豪,正取,國立臺中科技大學,國立臺中科技大學會計資訊系,原校系/本校留任,2,"國立臺中科技大學會計資訊系(正取,分發); 國立雲林科技大學企業管理系(通過)"
CAND_0022,115,nutc_acc,國立臺中科技大學,會計資訊系,國立臺中科技大學 會計資訊系,57090511,*妍,正取,國立臺中科技大學,國立臺中科技大學會計資訊系,原校系/本校留任,3,"國立臺中科技大學會計資訊系(正取,分發); 國立虎尾科技大學企業管理系(通過); 國立勤益科技大學企業管理系(通過)"
CAND_0023,115,nutc_acc,國立臺中科技大學,會計資訊系,國立臺中科技大學 會計資訊系,57090111,—,正取,中原大學,中原大學會計學系,其他學校錄取,4,"國立臺中科技大學會計資訊系(正取); 國立雲林科技大學會計系(備取); 國立高雄科技大學會計資訊系(通過); 中原大學會計學系(備取,分發)"
CAND_0024,115,nutc_acc,國立臺中科技大學,會計資訊系,國立臺中科技大學 會計資訊系,64090310,許*妃,正取,國立臺中科技大學,國立臺中科技大學會計資訊系,原校系/本校留任,2,"國立臺中科技大學會計資訊系(正取,分發); 逢甲大學會計學系(通過)"
CAND_0025,115,nutc_acc,國立臺中科技大學,會計資訊系,國立臺中科技大學 會計資訊系,70090789,楊*,正取,逢甲大學,逢甲大學會計學系,其他學校錄取,4,"國立臺中科技大學會計資訊系(正取); 國立高雄科技大學會計資訊系(正取); 國立高雄科技大學財政稅務系(通過); 逢甲大學會計學系(正取,分發)"
CAND_0026,115,nutc_acc,國立臺中科技大學,會計資訊系,國立臺中科技大學 會計資訊系,55090448,林*槿,正取,國立臺北商業大學,國立臺北商業大學財政稅務系(臺北校區),其他學校錄取,4,"國立臺中科技大學會計資訊系(正取); 國立高雄科技大學會計資訊系(通過); 國立高雄科技大學財政稅務系(通過); 國立臺北商業大學財政稅務系(臺北校區)(備取,分發)"
CAND_0027,115,nutc_acc,國立臺中科技大學,會計資訊系,國立臺中科技大學 會計資訊系,63090049,*羽,正取,國立臺中科技大學,國立臺中科技大學會計資訊系,原校系/本校留任,1,"國立臺中科技大學會計資訊系(正取,分發)"
CAND_0028,115,nutc_acc,國立臺中科技大學,會計資訊系,國立臺中科技大學 會計資訊系,55090512,—,正取,國立臺中科技大學,國立臺中科技大學會計資訊系,原校系/本校留任,3,"國立臺中科技大學會計資訊系(正取,分發); 國立高雄科技大學會計資訊系(通過); 致理科技大學會計資訊系(通過)"
CAND_0029,115,nutc_acc,國立臺中科技大學,會計資訊系,國立臺中科技大學 會計資訊系,61090246,陳*,正取,國立臺中科技大學,國立臺中科技大學會計資訊系,原校系/本校留任,4,"國立臺中科技大學會計資訊系(正取,分發); 國立高雄科技大學資訊管理系(通過); 國立高雄科技大學會計資訊系(通過); 國立虎尾科技大學資訊管理系(通過)"
CAND_0030,115,nutc_acc,國立臺中科技大學,會計資訊系,國立臺中科技大學 會計資訊系,60090053,葉*,正取,國立臺中科技大學,國立臺中科技大學會計資訊系,原校系/本校留任,1,"國立臺中科技大學會計資訊系(正取,分發)"
CAND_0031,115,nutc_acc,國立臺中科技大學,會計資訊系,國立臺中科技大學 會計資訊系,61090710,張*禎,正取,國立高雄科技大學,國立高雄科技大學會計資訊系,其他學校錄取,4,"國立臺中科技大學會計資訊系(正取); 國立高雄科技大學會計資訊系(備取,分發); 致理科技大學會計資訊系(正取); 中原大學會計學系(備取)"
CAND_0032,115,nutc_acc,國立臺中科技大學,會計資訊系,國立臺中科技大學 會計資訊系,64090277,陳*智,正取,國立臺中科技大學,國立臺中科技大學會計資訊系,原校系/本校留任,2,"國立臺中科技大學會計資訊系(正取,分發); 國立高雄科技大學會計資訊系(通過)"
CAND_0033,115,nutc_acc,國立臺中科技大學,會計資訊系,國立臺中科技大學 會計資訊系,56090112,蕭*婷,正取,國立臺中科技大學,國立臺中科技大學會計資訊系,原校系/本校留任,4,"國立臺中科技大學會計資訊系(正取,分發); 國立高雄科技大學會計資訊系(正取); 國立勤益科技大學企業管理系(正取); 致理科技大學會計資訊系(通過)"
CAND_0034,115,nutc_acc,國立臺中科技大學,會計資訊系,國立臺中科技大學 會計資訊系,70090813,楊*淇,正取,國立臺中科技大學,國立臺中科技大學會計資訊系,原校系/本校留任,3,"國立臺中科技大學會計資訊系(正取,分發); 國立高雄科技大學會計資訊系(正取); 國立高雄科技大學財政稅務系(正取)"
CAND_0035,115,nutc_acc,國立臺中科技大學,會計資訊系,國立臺中科技大學 會計資訊系,68090050,徐*岑,正取,國立臺中科技大學,國立臺中科技大學會計資訊系,原校系/本校留任,5,"國立臺中科技大學會計資訊系(正取,分發); 國立高雄科技大學會計資訊系(備取); 國立高雄科技大學智慧商務系(通過); 國立勤益科技大學企業管理系(通過); 國立屏東大學行銷與流通管理學系(通過)"
CAND_0036,115,nutc_acc,國立臺中科技大學,會計資訊系,國立臺中科技大學 會計資訊系,52090453,陳*良,正取,國立臺北商業大學,國立臺北商業大學企業管理系(臺北校區),其他學校錄取,2,"國立臺中科技大學會計資訊系(正取); 國立臺北商業大學企業管理系(臺北校區)(備取,分發)"
CAND_0037,115,nutc_acc,國立臺中科技大學,會計資訊系,國立臺中科技大學 會計資訊系,66090261,沈*婷,正取,國立臺中科技大學,國立臺中科技大學會計資訊系,原校系/本校留任,1,"國立臺中科技大學會計資訊系(正取,分發)"
CAND_0038,115,nutc_acc,國立臺中科技大學,會計資訊系,國立臺中科技大學 會計資訊系,64090346,葵*,正取,國立臺中科技大學,國立臺中科技大學會計資訊系,原校系/本校留任,4,"國立臺中科技大學會計資訊系(正取,分發); 國立高雄科技大學資訊管理系(通過); 國立高雄科技大學會計資訊系(通過); 國立虎尾科技大學資訊工程系(正取)"
CAND_0039,115,nutc_acc,國立臺中科技大學,會計資訊系,國立臺中科技大學 會計資訊系,55090430,蘇*,正取,中原大學,中原大學國際經營與貿易學系,其他學校錄取,3,"國立臺中科技大學會計資訊系(正取); 國立高雄科技大學會計資訊系(備取); 中原大學國際經營與貿易學系(備取,分發)"
CAND_0040,115,nutc_acc,國立臺中科技大學,會計資訊系,國立臺中科技大學 會計資訊系,70090043,*妤,正取,國立臺中科技大學,國立臺中科技大學會計資訊系,原校系/本校留任,4,"國立臺中科技大學會計資訊系(正取,分發); 國立屏東科技大學企業管理系(通過); 國立高雄科技大學會計資訊系(正取); 國立屏東大學會計學系(正取)"
CAND_0041,115,nutc_acc,國立臺中科技大學,會計資訊系,國立臺中科技大學 會計資訊系,68090565,林*宇,正取,國立臺中科技大學,國立臺中科技大學會計資訊系,原校系/本校留任,1,"國立臺中科技大學會計資訊系(正取,分發)"
CAND_0042,115,nutc_acc,國立臺中科技大學,會計資訊系,國立臺中科技大學 會計資訊系,67090188,楊*蓉,正取,國立臺中科技大學,國立臺中科技大學會計資訊系,原校系/本校留任,1,"國立臺中科技大學會計資訊系(正取,分發)"
CAND_0043,115,nutc_acc,國立臺中科技大學,會計資訊系,國立臺中科技大學 會計資訊系,61090421,沈*妤,正取,國立臺中科技大學,國立臺中科技大學會計資訊系,原校系/本校留任,1,"國立臺中科技大學會計資訊系(正取,分發)"
CAND_0044,115,nutc_acc,國立臺中科技大學,會計資訊系,國立臺中科技大學 會計資訊系,61090150,宋*禛,正取,—,—,未分發或放棄,3,國立臺中科技大學會計資訊系(正取); 國立高雄科技大學會計資訊系(正取); 國立虎尾科技大學財務金融系(通過)
CAND_0045,115,nutc_acc,國立臺中科技大學,會計資訊系,國立臺中科技大學 會計資訊系,59090442,—,正取,國立臺中科技大學,國立臺中科技大學會計資訊系,原校系/本校留任,2,"國立臺中科技大學會計資訊系(正取,分發); 朝陽科技大學會計系(正取)"
CAND_0046,115,nutc_acc,國立臺中科技大學,會計資訊系,國立臺中科技大學 會計資訊系,56090052,李*,正取,國立臺中科技大學,國立臺中科技大學會計資訊系,原校系/本校留任,1,"國立臺中科技大學會計資訊系(正取,分發)"
CAND_0047,115,nutc_acc,國立臺中科技大學,會計資訊系,國立臺中科技大學 會計資訊系,61090254,吳*妍,正取,國立臺中科技大學,國立臺中科技大學會計資訊系,原校系/本校留任,5,"國立臺中科技大學會計資訊系(正取,分發); 國立高雄科技大學金融資訊系(通過); 國立虎尾科技大學資訊管理系(通過); 國立虎尾科技大學企業管理系(通過); 國立勤益科技大學資訊管理系(通過)"
CAND_0048,115,nutc_acc,國立臺中科技大學,會計資訊系,國立臺中科技大學 會計資訊系,65090363,林*汝,正取,國立臺中科技大學,國立臺中科技大學會計資訊系,原校系/本校留任,4,"國立臺中科技大學會計資訊系(正取,分發); 國立高雄科技大學會計資訊系(備取); 國立虎尾科技大學企業管理系(通過); 國立虎尾科技大學財務金融系(正取)"
CAND_0049,115,nutc_acc,國立臺中科技大學,會計資訊系,國立臺中科技大學 會計資訊系,59090337,*岑,正取,國立臺中科技大學,國立臺中科技大學會計資訊系,原校系/本校留任,3,"國立臺中科技大學會計資訊系(正取,分發); 國立高雄科技大學會計資訊系(通過); 朝陽科技大學會計系(正取)"
CAND_0050,115,nutc_acc,國立臺中科技大學,會計資訊系,國立臺中科技大學 會計資訊系,64090574,陳*,正取,國立臺北商業大學,國立臺北商業大學企業管理系(臺北校區),其他學校錄取,3,"國立臺中科技大學會計資訊系(正取); 國立雲林科技大學會計系(正取); 國立臺北商業大學企業管理系(臺北校區)(正取,分發)"
CAND_0051,115,nutc_acc,國立臺中科技大學,會計資訊系,國立臺中科技大學 會計資訊系,61090994,林*,正取,國立臺中科技大學,國立臺中科技大學會計資訊系,原校系/本校留任,3,"國立臺中科技大學會計資訊系(正取,分發); 國立高雄科技大學會計資訊系(備取); 國立勤益科技大學企業管理系(備取)"
CAND_0052,115,nutc_acc,國立臺中科技大學,會計資訊系,國立臺中科技大學 會計資訊系,58090345,蘇*晴,正取,國立雲林科技大學,國立雲林科技大學會計系,其他學校錄取,4,"國立臺中科技大學會計資訊系(正取); 國立雲林科技大學會計系(備取,分發); 國立高雄科技大學資訊管理系(通過); 中原大學會計學系(正取)"
CAND_0053,115,nutc_acc,國立臺中科技大學,會計資訊系,國立臺中科技大學 會計資訊系,57090313,陳*澄,正取,國立高雄科技大學,國立高雄科技大學會計資訊系,其他學校錄取,5,"國立臺中科技大學會計資訊系(正取); 國立高雄科技大學會計資訊系(備取,分發); 國立虎尾科技大學財務金融系(通過); 中原大學會計學系(正取); 逢甲大學會計學系(通過)"
CAND_0054,115,nutc_acc,國立臺中科技大學,會計資訊系,國立臺中科技大學 會計資訊系,63090323,簡*軒,正取,國立高雄科技大學,國立高雄科技大學會計資訊系,其他學校錄取,4,"國立臺中科技大學會計資訊系(正取); 國立高雄科技大學會計資訊系(正取,分發); 國立屏東大學企業管理學系(通過); 國立屏東大學會計學系(正取)"
CAND_0055,115,nutc_acc,國立臺中科技大學,會計資訊系,國立臺中科技大學 會計資訊系,61090053,*晴,正取,國立雲林科技大學,國立雲林科技大學會計系,其他學校錄取,5,"國立臺中科技大學會計資訊系(正取); 國立雲林科技大學會計系(正取,分發); 國立臺北科技大學經營管理系(通過); 國立勤益科技大學企業管理系(正取); 國立臺北商業大學會計資訊系(臺北校區)(正取)"
CAND_0056,115,nutc_acc,國立臺中科技大學,會計資訊系,國立臺中科技大學 會計資訊系,63090357,余*,正取,國立臺中科技大學,國立臺中科技大學會計資訊系,原校系/本校留任,5,"國立臺中科技大學會計資訊系(正取,分發); 國立虎尾科技大學工業管理系(通過); 國立虎尾科技大學財務金融系(通過); 國立勤益科技大學工業工程與管理系(正取); 朝陽科技大學財務金融系(通過)"
CAND_0057,115,nutc_acc,國立臺中科技大學,會計資訊系,國立臺中科技大學 會計資訊系,67090137,吳*融,正取,國立臺中科技大學,國立臺中科技大學會計資訊系,原校系/本校留任,4,"國立臺中科技大學會計資訊系(正取,分發); 國立高雄科技大學金融資訊系(正取); 國立屏東大學會計學系(正取); 靜宜大學會計學系(通過)"
CAND_0058,115,nutc_acc,國立臺中科技大學,會計資訊系,國立臺中科技大學 會計資訊系,63090209,*溎,正取,國立臺中科技大學,國立臺中科技大學會計資訊系,原校系/本校留任,6,"國立臺中科技大學會計資訊系(正取,分發); 國立雲林科技大學會計系(備取); 國立高雄科技大學會計資訊系(備取); 國立高雄科技大學財政稅務系(正取); 國立虎尾科技大學財務金融系(通過); 逢甲大學會計學系(正取)"
CAND_0059,115,nutc_acc,國立臺中科技大學,會計資訊系,國立臺中科技大學 會計資訊系,56090352,吳*臻,備取,國立臺中科技大學,國立臺中科技大學會計資訊系,原校系/本校留任,3,"國立臺中科技大學會計資訊系(備取,分發); 國立虎尾科技大學企業管理系(通過); 致理科技大學財務金融系(通過)"
CAND_0060,115,nutc_acc,國立臺中科技大學,會計資訊系,國立臺中科技大學 會計資訊系,58090068,賴*沁,備取,國立臺中科技大學,國立臺中科技大學會計資訊系,原校系/本校留任,2,"國立臺中科技大學會計資訊系(備取,分發); 國立高雄科技大學會計資訊系(正取)"
CAND_0061,115,nutc_acc,國立臺中科技大學,會計資訊系,國立臺中科技大學 會計資訊系,52090202,李*,備取,國立臺中科技大學,國立臺中科技大學會計資訊系,原校系/本校留任,3,"國立臺中科技大學會計資訊系(備取,分發); 國立高雄科技大學會計資訊系(正取); 中原大學會計學系(備取)"
CAND_0062,115,nutc_acc,國立臺中科技大學,會計資訊系,國立臺中科技大學 會計資訊系,64090359,林*璇,備取,國立臺中科技大學,國立臺中科技大學會計資訊系,原校系/本校留任,1,"國立臺中科技大學會計資訊系(備取,分發)"
CAND_0063,115,nutc_acc,國立臺中科技大學,會計資訊系,國立臺中科技大學 會計資訊系,56090173,陳*,備取,—,—,未分發或放棄,2,國立臺中科技大學會計資訊系(備取); 國立高雄科技大學會計資訊系(備取)
CAND_0064,115,nutc_acc,國立臺中科技大學,會計資訊系,國立臺中科技大學 會計資訊系,64090351,姚*,備取,國立高雄科技大學,國立高雄科技大學會計資訊系,其他學校錄取,2,"國立臺中科技大學會計資訊系(備取); 國立高雄科技大學會計資訊系(備取,分發)"
CAND_0065,115,nutc_acc,國立臺中科技大學,會計資訊系,國立臺中科技大學 會計資訊系,61090236,*雅,備取,國立臺中科技大學,國立臺中科技大學會計資訊系,原校系/本校留任,3,"國立臺中科技大學會計資訊系(備取,分發); 國立勤益科技大學企業管理系(正取); 中原大學國際經營與貿易學系(備取)"
CAND_0066,115,nutc_acc,國立臺中科技大學,會計資訊系,國立臺中科技大學 會計資訊系,64090425,許*妤,備取,國立臺中科技大學,國立臺中科技大學會計資訊系,原校系/本校留任,1,"國立臺中科技大學會計資訊系(備取,分發)"
CAND_0067,115,nutc_acc,國立臺中科技大學,會計資訊系,國立臺中科技大學 會計資訊系,61090139,*漩,備取,國立臺中科技大學,國立臺中科技大學會計資訊系,原校系/本校留任,6,"國立臺中科技大學會計資訊系(備取,分發); 國立屏東科技大學植物醫學系(通過); 國立高雄科技大學會計資訊系(備取); 國立勤益科技大學健康產業科技研發與管理系(通過); 國立屏東大學會計學系(正取); 國立屏東大學商業大數據學系(正取)"
CAND_0068,115,nutc_acc,國立臺中科技大學,會計資訊系,國立臺中科技大學 會計資訊系,68090411,張*,備取,國立勤益科技大學,國立勤益科技大學企業管理系,其他學校錄取,3,"國立臺中科技大學會計資訊系(備取); 國立勤益科技大學企業管理系(正取,分發); 國立聯合大學經營管理學系(正取)"
CAND_0069,115,nutc_acc,國立臺中科技大學,會計資訊系,國立臺中科技大學 會計資訊系,57090159,邱*綺,備取,逢甲大學,逢甲大學會計學系,其他學校錄取,5,"國立臺中科技大學會計資訊系(備取); 國立屏東大學會計學系(通過); 逢甲大學會計學系(備取,分發); 銘傳大學會計學系(台北校區)(正取); 實踐大學會計學系(臺北校區)(通過)"
CAND_0070,115,nutc_acc,國立臺中科技大學,會計資訊系,國立臺中科技大學 會計資訊系,64090563,許*綾,備取,國立臺中科技大學,國立臺中科技大學會計資訊系,原校系/本校留任,4,"國立臺中科技大學會計資訊系(備取,分發); 國立高雄科技大學會計資訊系(通過); 國立虎尾科技大學企業管理系(通過); 國立虎尾科技大學財務金融系(正取)"
CAND_0071,115,nutc_acc,國立臺中科技大學,會計資訊系,國立臺中科技大學 會計資訊系,55090229,顏*玹,備取,銘傳大學,銘傳大學會計學系(台北校區),其他學校錄取,3,"國立臺中科技大學會計資訊系(備取); 國立臺北護理健康大學護理系(通過); 銘傳大學會計學系(台北校區)(正取,分發)"
CAND_0072,115,nutc_acc,國立臺中科技大學,會計資訊系,國立臺中科技大學 會計資訊系,56090098,黄*,備取,銘傳大學,銘傳大學會計學系(台北校區),其他學校錄取,6,"國立臺中科技大學會計資訊系(備取); 國立高雄科技大學會計資訊系(通過); 朝陽科技大學財務金融系(通過); 致理科技大學財務金融系(通過); 銘傳大學會計學系(台北校區)(備取,分發); 實踐大學會計學系(臺北校區)(備取)"
CAND_0073,115,nutc_acc,國立臺中科技大學,會計資訊系,國立臺中科技大學 會計資訊系,63090347,張*,備取,國立高雄科技大學,國立高雄科技大學會計資訊系,其他學校錄取,4,"國立臺中科技大學會計資訊系(備取); 國立高雄科技大學會計資訊系(備取,分發); 國立虎尾科技大學工業管理系(通過); 國立勤益科技大學資訊管理系(通過)"
CAND_0074,115,nutc_acc,國立臺中科技大學,會計資訊系,國立臺中科技大學 會計資訊系,67090198,江*廷,備取,逢甲大學,逢甲大學會計學系,其他學校錄取,4,"國立臺中科技大學會計資訊系(備取); 國立雲林科技大學會計系(通過); 朝陽科技大學會計系(通過); 逢甲大學會計學系(備取,分發)"
CAND_0075,115,nutc_acc,國立臺中科技大學,會計資訊系,國立臺中科技大學 會計資訊系,70090748,*妤,備取,國立臺中科技大學,國立臺中科技大學會計資訊系,原校系/本校留任,3,"國立臺中科技大學會計資訊系(備取,分發); 國立屏東科技大學企業管理系(通過); 國立屏東大學會計學系(正取)"
CAND_0076,115,nutc_acc,國立臺中科技大學,會計資訊系,國立臺中科技大學 會計資訊系,63090359,張*朋,備取,—,—,未分發或放棄,3,國立臺中科技大學會計資訊系(備取); 國立勤益科技大學工業工程與管理系(通過); 國立屏東大學會計學系(正取)
CAND_0077,115,nutc_acc,國立臺中科技大學,會計資訊系,國立臺中科技大學 會計資訊系,67090363,陳*硯,備取,國立高雄科技大學,國立高雄科技大學會計資訊系,其他學校錄取,5,"國立臺中科技大學會計資訊系(備取); 國立高雄科技大學會計資訊系(備取,分發); 國立高雄科技大學金融資訊系(通過); 國立虎尾科技大學財務金融系(通過); 國立屏東大學會計學系(通過)"
CAND_0078,115,nutc_acc,國立臺中科技大學,會計資訊系,國立臺中科技大學 會計資訊系,63090251,—,備取,國立臺中科技大學,國立臺中科技大學會計資訊系,原校系/本校留任,1,"國立臺中科技大學會計資訊系(備取,分發)"
CAND_0079,115,nutc_acc,國立臺中科技大學,會計資訊系,國立臺中科技大學 會計資訊系,68090579,*鈞,備取,國立臺中科技大學,國立臺中科技大學會計資訊系,原校系/本校留任,2,"國立臺中科技大學會計資訊系(備取,分發); 國立屏東大學財務金融學系(備取)"
CAND_0080,115,nutc_acc,國立臺中科技大學,會計資訊系,國立臺中科技大學 會計資訊系,64090337,黄*,備取,國立臺中科技大學,國立臺中科技大學會計資訊系,原校系/本校留任,1,"國立臺中科技大學會計資訊系(備取,分發)"
CAND_0081,115,nutc_acc,國立臺中科技大學,會計資訊系,國立臺中科技大學 會計資訊系,67090094,陳*儀,備取,國立臺中科技大學,國立臺中科技大學會計資訊系,原校系/本校留任,1,"國立臺中科技大學會計資訊系(備取,分發)"
CAND_0082,115,nutc_acc,國立臺中科技大學,會計資訊系,國立臺中科技大學 會計資訊系,61090186,林*日,備取,國立高雄科技大學,國立高雄科技大學會計資訊系,其他學校錄取,2,"國立臺中科技大學會計資訊系(備取); 國立高雄科技大學會計資訊系(正取,分發)"
CAND_0083,115,nutc_acc,國立臺中科技大學,會計資訊系,國立臺中科技大學 會計資訊系,58090533,吳*亭,備取,國立臺中科技大學,國立臺中科技大學會計資訊系,原校系/本校留任,3,"國立臺中科技大學會計資訊系(備取,分發); 國立高雄科技大學工業工程與管理系(通過); 國立勤益科技大學工業工程與管理系(通過)"
CAND_0084,115,nutc_acc,國立臺中科技大學,會計資訊系,國立臺中科技大學 會計資訊系,64090113,李*真,備取,國立臺中科技大學,國立臺中科技大學會計資訊系,原校系/本校留任,1,"國立臺中科技大學會計資訊系(備取,分發)"
CAND_0085,115,nutc_acc,國立臺中科技大學,會計資訊系,國立臺中科技大學 會計資訊系,56090103,邱*,備取,國立臺北護理健康大學,國立臺北護理健康大學生死與健康心理諮商系,其他學校錄取,4,"國立臺中科技大學會計資訊系(備取); 國立高雄科技大學人力資源發展系(通過); 國立虎尾科技大學財務金融系(通過); 國立臺北護理健康大學生死與健康心理諮商系(正取,分發)"
CAND_0086,115,nutc_acc,國立臺中科技大學,會計資訊系,國立臺中科技大學 會計資訊系,66090098,程*鈞,備取,國立臺中科技大學,國立臺中科技大學會計資訊系,原校系/本校留任,3,"國立臺中科技大學會計資訊系(備取,分發); 國立虎尾科技大學企業管理系(通過); 國立勤益科技大學企業管理系(通過)"
CAND_0087,115,nutc_acc,國立臺中科技大學,會計資訊系,國立臺中科技大學 會計資訊系,59090338,何*緯,備取,國立雲林科技大學,國立雲林科技大學會計系,其他學校錄取,3,"國立臺中科技大學會計資訊系(備取); 國立雲林科技大學會計系(備取,分發); 中原大學會計學系(備取)"
CAND_0088,115,nutc_acc,國立臺中科技大學,會計資訊系,國立臺中科技大學 會計資訊系,52090362,*永,備取,國立高雄科技大學,國立高雄科技大學會計資訊系,其他學校錄取,4,"國立臺中科技大學會計資訊系(備取); 國立雲林科技大學財務金融系(備取); 國立高雄科技大學會計資訊系(正取,分發); 銘傳大學會計學系(台北校區)(備取)"
CAND_0089,115,nutc_acc,國立臺中科技大學,會計資訊系,國立臺中科技大學 會計資訊系,70090752,朱*瑄,備取,國立屏東大學,國立屏東大學會計學系,其他學校錄取,4,"國立臺中科技大學會計資訊系(備取); 國立高雄科技大學會計資訊系(正取); 國立屏東大學會計學系(正取,分發); 銘傳大學會計學系(台北校區)(正取)"
CAND_0090,115,nutc_acc,國立臺中科技大學,會計資訊系,國立臺中科技大學 會計資訊系,57090563,*晴,備取,中原大學,中原大學會計學系,其他學校錄取,3,"國立臺中科技大學會計資訊系(備取); 國立高雄科技大學會計資訊系(正取); 中原大學會計學系(正取,分發)"
CAND_0091,115,nutc_acc,國立臺中科技大學,會計資訊系,國立臺中科技大學 會計資訊系,52090473,陳*,備取,實踐大學,實踐大學會計學系(臺北校區),其他學校錄取,6,"國立臺中科技大學會計資訊系(備取); 國立高雄科技大學會計資訊系(備取); 德明財經科技大學會計資訊系(正取); 致理科技大學會計資訊系(正取); 銘傳大學會計學系(台北校區)(備取); 實踐大學會計學系(臺北校區)(正取,分發)"
CAND_0092,115,nutc_acc,國立臺中科技大學,會計資訊系,國立臺中科技大學 會計資訊系,61090357,陳*,備取,國立臺中科技大學,國立臺中科技大學會計資訊系,原校系/本校留任,1,"國立臺中科技大學會計資訊系(備取,分發)"
CAND_0093,115,nutc_acc,國立臺中科技大學,會計資訊系,國立臺中科技大學 會計資訊系,59090324,*妮,備取,中原大學,中原大學會計學系,其他學校錄取,4,"國立臺中科技大學會計資訊系(備取); 國立高雄科技大學會計資訊系(備取); 國立屏東大學會計學系(通過); 中原大學會計學系(備取,分發)"
CAND_0094,115,nutc_acc,國立臺中科技大學,會計資訊系,國立臺中科技大學 會計資訊系,67090069,江*穎,備取,—,—,未分發或放棄,1,國立臺中科技大學會計資訊系(備取)
CAND_0095,115,nutc_acc,國立臺中科技大學,會計資訊系,國立臺中科技大學 會計資訊系,58090261,楊*渹,備取,國立高雄科技大學,國立高雄科技大學會計資訊系,其他學校錄取,2,"國立臺中科技大學會計資訊系(備取); 國立高雄科技大學會計資訊系(備取,分發)"
CAND_0096,115,nutc_acc,國立臺中科技大學,會計資訊系,國立臺中科技大學 會計資訊系,60090110,—,備取,國立高雄科技大學,國立高雄科技大學會計資訊系,其他學校錄取,3,"國立臺中科技大學會計資訊系(備取); 國立高雄科技大學會計資訊系(備取,分發); 國立勤益科技大學企業管理系(通過)"
CAND_0097,115,nutc_acc,國立臺中科技大學,會計資訊系,國立臺中科技大學 會計資訊系,61090031,*妤,備取,—,—,未分發或放棄,1,國立臺中科技大學會計資訊系(備取)
CAND_0098,115,nutc_acc,國立臺中科技大學,會計資訊系,國立臺中科技大學 會計資訊系,60090254,—,備取,國立高雄科技大學,國立高雄科技大學金融資訊系,其他學校錄取,4,"國立臺中科技大學會計資訊系(備取); 國立高雄科技大學金融資訊系(正取,分發); 國立高雄科技大學智慧商務系(通過); 國立虎尾科技大學資訊管理系(通過)"
CAND_0099,115,nutc_acc,國立臺中科技大學,會計資訊系,國立臺中科技大學 會計資訊系,67090234,黄*,備取,—,—,未分發或放棄,2,國立臺中科技大學會計資訊系(備取); 國立勤益科技大學企業管理系(通過)
CAND_0100,115,nutc_acc,國立臺中科技大學,會計資訊系,國立臺中科技大學 會計資訊系,67090114,黄*恬,備取,—,—,未分發或放棄,3,國立臺中科技大學會計資訊系(備取); 國立勤益科技大學行銷與流通管理系(通過); 銘傳大學會計學系(台北校區)(通過)
CAND_0101,115,nutc_acc,國立臺中科技大學,會計資訊系,國立臺中科技大學 會計資訊系,68530056,—,備取,—,—,未分發或放棄,2,國立臺中科技大學會計資訊系(備取); 國立高雄科技大學風險管理與保險系(備取)
CAND_0102,115,nutc_acc,國立臺中科技大學,會計資訊系,國立臺中科技大學 會計資訊系,51090154,許*,備取,—,—,未分發或放棄,4,國立臺中科技大學會計資訊系(備取); 國立屏東科技大學資訊管理系(通過); 國立屏東科技大學企業管理系(通過); 國立虎尾科技大學企業管理系(通過)
CAND_0103,115,nutc_acc,國立臺中科技大學,會計資訊系,國立臺中科技大學 會計資訊系,61090466,*岑,備取,逢甲大學,逢甲大學會計學系,其他學校錄取,4,"國立臺中科技大學會計資訊系(備取); 國立高雄科技大學會計資訊系(通過); 逢甲大學會計學系(備取,分發); 逢甲大學合作經濟暨社會事業經營學系(備取)"
CAND_0104,115,nutc_acc,國立臺中科技大學,會計資訊系,國立臺中科技大學 會計資訊系,57090856,曹*秀,備取,逢甲大學,逢甲大學會計學系,其他學校錄取,2,"國立臺中科技大學會計資訊系(備取); 逢甲大學會計學系(備取,分發)"
CAND_0105,115,nutc_acc,國立臺中科技大學,會計資訊系,國立臺中科技大學 會計資訊系,54090413,—,備取,—,—,未分發或放棄,2,國立臺中科技大學會計資訊系(備取); 明志科技大學經營管理系(通過)
CAND_0106,115,nutc_acc,國立臺中科技大學,會計資訊系,國立臺中科技大學 會計資訊系,52090233,陳*,備取,中原大學,中原大學會計學系,其他學校錄取,2,"國立臺中科技大學會計資訊系(備取); 中原大學會計學系(備取,分發)"
CAND_0107,115,nutc_acc,國立臺中科技大學,會計資訊系,國立臺中科技大學 會計資訊系,54090324,陳*昕,備取,—,—,未分發或放棄,4,國立臺中科技大學會計資訊系(備取); 國立雲林科技大學會計系(備取); 國立高雄科技大學財務管理系(通過); 國立高雄科技大學會計資訊系(正取)
CAND_0108,115,nutc_acc,國立臺中科技大學,會計資訊系,國立臺中科技大學 會計資訊系,63090332,*婷,備取,朝陽科技大學,朝陽科技大學會計系,其他學校錄取,3,"國立臺中科技大學會計資訊系(備取); 朝陽科技大學會計系(正取,分發); 亞洲大學會計與資訊學系(通過)"
CAND_0109,115,nutc_acc,國立臺中科技大學,會計資訊系,國立臺中科技大學 會計資訊系,64090421,張*元,備取,亞洲大學,亞洲大學會計與資訊學系,其他學校錄取,2,"國立臺中科技大學會計資訊系(備取); 亞洲大學會計與資訊學系(備取,分發)"
CAND_0110,115,nutc_acc,國立臺中科技大學,會計資訊系,國立臺中科技大學 會計資訊系,57090347,*華,備取,國立虎尾科技大學,國立虎尾科技大學財務金融系,其他學校錄取,3,"國立臺中科技大學會計資訊系(備取); 國立高雄科技大學會計資訊系(備取); 國立虎尾科技大學財務金融系(備取,分發)"
CAND_0111,115,nutc_acc,國立臺中科技大學,會計資訊系,國立臺中科技大學 會計資訊系,70090742,盧*呈,備取,國立屏東科技大學,國立屏東科技大學應用外語系,其他學校錄取,3,"國立臺中科技大學會計資訊系(備取); 國立屏東科技大學財務金融國際學士學位學程(正取); 國立屏東科技大學應用外語系(正取,分發)"
CAND_0112,115,nutc_acc,國立臺中科技大學,會計資訊系,國立臺中科技大學 會計資訊系,61091002,林*,備取,—,—,未分發或放棄,3,國立臺中科技大學會計資訊系(備取); 國立高雄科技大學會計資訊系(通過); 國立高雄科技大學智慧商務系(通過)
CAND_0113,115,nutc_acc,國立臺中科技大學,會計資訊系,國立臺中科技大學 會計資訊系,67090194,何*,備取,國立虎尾科技大學,國立虎尾科技大學企業管理系,其他學校錄取,2,"國立臺中科技大學會計資訊系(備取); 國立虎尾科技大學企業管理系(備取,分發)"
CAND_0114,115,nutc_acc,國立臺中科技大學,會計資訊系,國立臺中科技大學 會計資訊系,70090736,鄭*鏞,備取,國立高雄科技大學,國立高雄科技大學會計資訊系,其他學校錄取,2,"國立臺中科技大學會計資訊系(備取); 國立高雄科技大學會計資訊系(正取,分發)"
CAND_0115,115,nutc_acc,國立臺中科技大學,會計資訊系,國立臺中科技大學 會計資訊系,66090383,*碩,備取,—,—,未分發或放棄,1,國立臺中科技大學會計資訊系(備取)
CAND_0116,115,nutc_acc,國立臺中科技大學,會計資訊系,國立臺中科技大學 會計資訊系,61091203,林*永,備取,—,—,未分發或放棄,1,國立臺中科技大學會計資訊系(備取)
CAND_0117,115,nutc_acc,國立臺中科技大學,會計資訊系,國立臺中科技大學 會計資訊系,61090722,吳*錡,備取,國立高雄科技大學,國立高雄科技大學智慧商務系,其他學校錄取,2,"國立臺中科技大學會計資訊系(備取); 國立高雄科技大學智慧商務系(正取,分發)"
CAND_0118,115,nutc_acc,國立臺中科技大學,會計資訊系,國立臺中科技大學 會計資訊系,74090062,葵*邦,備取,國立臺中科技大學,國立臺中科技大學會計資訊系,原校系/本校留任,5,"國立臺中科技大學會計資訊系(備取,分發); 國立高雄科技大學風險管理與保險系(正取); 國立高雄科技大學會計資訊系(備取); 嶺東科技大學財務金融系會計資訊組(正取); 國立屏東大學會計學系(正取)"
CAND_0119,115,nutc_acc,國立臺中科技大學,會計資訊系,國立臺中科技大學 會計資訊系,73090167,鄧*綺,備取,國立臺中科技大學,國立臺中科技大學會計資訊系,原校系/本校留任,6,"國立臺中科技大學會計資訊系(備取,分發); 國立雲林科技大學會計系(通過); 國立高雄科技大學會計資訊系(通過); 國立虎尾科技大學企業管理系(通過); 致理科技大學財務金融系(通過); 國立屏東大學會計學系(通過)"
CAND_0120,115,nutc_acc,國立臺中科技大學,會計資訊系,國立臺中科技大學 會計資訊系,61090557,陳*瑜,備取,國立臺中科技大學,國立臺中科技大學會計資訊系,原校系/本校留任,1,"國立臺中科技大學會計資訊系(備取,分發)"
CAND_0121,115,nutc_acc,國立臺中科技大學,會計資訊系,國立臺中科技大學 會計資訊系,70090427,郭*源,備取,國立高雄科技大學,國立高雄科技大學會計資訊系,其他學校錄取,5,"國立臺中科技大學會計資訊系(備取); 國立高雄科技大學會計資訊系(正取,分發); 國立虎尾科技大學工業管理系(正取); 國立勤益科技大學工業工程與管理系(通過); 國立屏東大學會計學系(正取)"
CAND_0122,115,nutc_acc,國立臺中科技大學,會計資訊系,國立臺中科技大學 會計資訊系,61090347,*棻,備取,朝陽科技大學,朝陽科技大學財務金融系,其他學校錄取,3,"國立臺中科技大學會計資訊系(備取); 朝陽科技大學財務金融系(正取,分發); 嶺東科技大學財務金融系財務金融組(通過)"
CAND_0123,115,nutc_acc,國立臺中科技大學,會計資訊系,國立臺中科技大學 會計資訊系,65090181,葵*裙,備取,南臺科技大學,南臺科技大學財務金融系,其他學校錄取,4,"國立臺中科技大學會計資訊系(備取); 朝陽科技大學會計系(正取); 南臺科技大學財務金融系(正取,分發); 國立屏東大學會計學系(通過)"
CAND_0124,115,nutc_acc,國立臺中科技大學,會計資訊系,國立臺中科技大學 會計資訊系,67090169,游*峰,備取,嶺東科技大學,嶺東科技大學財務金融系會計資訊組,其他學校錄取,5,"國立臺中科技大學會計資訊系(備取); 朝陽科技大學會計系(正取); 南臺科技大學財務金融系(通過); 嶺東科技大學財務金融系財務金融組(備取); 嶺東科技大學財務金融系會計資訊組(正取,分發)"
CAND_0125,115,nutc_acc,國立臺中科技大學,會計資訊系,國立臺中科技大學 會計資訊系,52090226,林*緯,備取,—,—,未分發或放棄,1,國立臺中科技大學會計資訊系(通過)
CAND_0126,115,nutc_acc,國立臺中科技大學,會計資訊系,國立臺中科技大學 會計資訊系,52090252,—,備取,—,—,未分發或放棄,4,國立臺中科技大學會計資訊系(通過); 國立高雄科技大學會計資訊系(通過); 國立高雄科技大學財政稅務系(通過); 國立臺北護理健康大學生死與健康心理諮商系(通過)
CAND_0127,115,nutc_acc,國立臺中科技大學,會計資訊系,國立臺中科技大學 會計資訊系,52090261,*潼,備取,—,—,未分發或放棄,3,國立臺中科技大學會計資訊系(通過); 國立勤益科技大學企業管理系(通過); 致理科技大學會計資訊系(通過)
CAND_0128,115,nutc_acc,國立臺中科技大學,會計資訊系,國立臺中科技大學 會計資訊系,52090635,*瑜,備取,—,—,未分發或放棄,5,國立臺中科技大學會計資訊系(通過); 國立雲林科技大學會計系(正取); 國立高雄科技大學會計資訊系(通過); 中原大學會計學系(正取); 逢甲大學會計學系(正取)
CAND_0129,115,nutc_acc,國立臺中科技大學,會計資訊系,國立臺中科技大學 會計資訊系,54090476,吳*臻,備取,—,—,未分發或放棄,3,國立臺中科技大學會計資訊系(通過); 國立高雄科技大學會計資訊系(通過); 國立虎尾科技大學企業管理系(通過)
CAND_0130,115,nutc_acc,國立臺中科技大學,會計資訊系,國立臺中科技大學 會計資訊系,55090031,張*婷,備取,逢甲大學,逢甲大學財務金融學系,其他學校錄取,5,"國立臺中科技大學會計資訊系(通過); 中原大學會計學系(備取); 逢甲大學工業工程與系統管理學系(備取); 逢甲大學財務金融學系(正取,分發); 銘傳大學企業管理學系(台北校區)(通過)"
CAND_0131,115,nutc_acc,國立臺中科技大學,會計資訊系,國立臺中科技大學 會計資訊系,55090131,張*純,備取,—,—,未分發或放棄,2,國立臺中科技大學會計資訊系(通過); 國立臺北護理健康大學護理系(通過)
CAND_0132,115,nutc_acc,國立臺中科技大學,會計資訊系,國立臺中科技大學 會計資訊系,55090251,徐*淇,備取,—,—,未分發或放棄,1,國立臺中科技大學會計資訊系(通過)
CAND_0133,115,nutc_acc,國立臺中科技大學,會計資訊系,國立臺中科技大學 會計資訊系,56090051,游*丞,備取,—,—,未分發或放棄,2,國立臺中科技大學會計資訊系(通過); 國立虎尾科技大學工業管理系(通過)
CAND_0134,115,nutc_acc,國立臺中科技大學,會計資訊系,國立臺中科技大學 會計資訊系,56090228,*諄,備取,—,—,未分發或放棄,1,國立臺中科技大學會計資訊系(通過)
CAND_0135,115,nutc_acc,國立臺中科技大學,會計資訊系,國立臺中科技大學 會計資訊系,56090368,紀*,備取,—,—,未分發或放棄,1,國立臺中科技大學會計資訊系(通過)
CAND_0136,115,nutc_acc,國立臺中科技大學,會計資訊系,國立臺中科技大學 會計資訊系,56090382,李*螢,備取,—,—,未分發或放棄,3,國立臺中科技大學會計資訊系(通過); 國立虎尾科技大學企業管理系(通過); 致理科技大學財務金融系(通過)
CAND_0137,115,nutc_acc,國立臺中科技大學,會計資訊系,國立臺中科技大學 會計資訊系,57090337,*瑛,備取,—,—,未分發或放棄,2,國立臺中科技大學會計資訊系(通過); 國立高雄科技大學會計資訊系(通過)
CAND_0138,115,nutc_acc,國立臺中科技大學,會計資訊系,國立臺中科技大學 會計資訊系,57090877,余*言,備取,國立雲林科技大學,國立雲林科技大學會計系,其他學校錄取,2,"國立臺中科技大學會計資訊系(通過); 國立雲林科技大學會計系(備取,分發)"
CAND_0139,115,nutc_acc,國立臺中科技大學,會計資訊系,國立臺中科技大學 會計資訊系,57090886,*綺,備取,—,—,未分發或放棄,3,國立臺中科技大學會計資訊系(通過); 逢甲大學會計學系(通過); 逢甲大學財稅學系(通過)
CAND_0140,115,nutc_acc,國立臺中科技大學,會計資訊系,國立臺中科技大學 會計資訊系,58090282,楊*,備取,—,—,未分發或放棄,1,國立臺中科技大學會計資訊系(通過)
CAND_0141,115,nutc_acc,國立臺中科技大學,會計資訊系,國立臺中科技大學 會計資訊系,58090357,何*儀,備取,—,—,未分發或放棄,3,國立臺中科技大學會計資訊系(通過); 國立勤益科技大學資訊管理系(通過); 朝陽科技大學財務金融系(通過)
CAND_0142,115,nutc_acc,國立臺中科技大學,會計資訊系,國立臺中科技大學 會計資訊系,59090368,謝*J,備取,—,—,未分發或放棄,2,國立臺中科技大學會計資訊系(通過); 國立虎尾科技大學財務金融系(通過)
CAND_0143,115,nutc_acc,國立臺中科技大學,會計資訊系,國立臺中科技大學 會計資訊系,60090271,蘇*,備取,—,—,未分發或放棄,1,國立臺中科技大學會計資訊系(通過)
CAND_0144,115,nutc_acc,國立臺中科技大學,會計資訊系,國立臺中科技大學 會計資訊系,61090067,陳*靚,備取,國立勤益科技大學,國立勤益科技大學資訊管理系,其他學校錄取,2,"國立臺中科技大學會計資訊系(通過); 國立勤益科技大學資訊管理系(備取,分發)"
CAND_0145,115,nutc_acc,國立臺中科技大學,會計資訊系,國立臺中科技大學 會計資訊系,61090121,*臻,備取,國立雲林科技大學,國立雲林科技大學財務金融系,其他學校錄取,4,"國立臺中科技大學會計資訊系(通過); 國立雲林科技大學財務金融系(備取,分發); 國立高雄科技大學風險管理與保險系(正取); 國立高雄科技大學財務管理系(正取)"
CAND_0146,115,nutc_acc,國立臺中科技大學,會計資訊系,國立臺中科技大學 會計資訊系,61090674,吳*瑀,備取,逢甲大學,逢甲大學會計學系,其他學校錄取,4,"國立臺中科技大學會計資訊系(通過); 國立高雄科技大學金融系(通過); 國立高雄科技大學會計資訊系(正取); 逢甲大學會計學系(正取,分發)"
CAND_0147,115,nutc_acc,國立臺中科技大學,會計資訊系,國立臺中科技大學 會計資訊系,61090787,楊*,備取,—,—,未分發或放棄,3,國立臺中科技大學會計資訊系(通過); 國立虎尾科技大學財務金融系(通過); 國立勤益科技大學企業管理系(通過)
CAND_0148,115,nutc_acc,國立臺中科技大學,會計資訊系,國立臺中科技大學 會計資訊系,61091148,維*為,備取,—,—,未分發或放棄,1,國立臺中科技大學會計資訊系(通過)
CAND_0149,115,nutc_acc,國立臺中科技大學,會計資訊系,國立臺中科技大學 會計資訊系,61091155,陳*慈,備取,—,—,未分發或放棄,4,國立臺中科技大學會計資訊系(通過); 國立高雄科技大學會計資訊系(通過); 朝陽科技大學會計系(通過); 德明財經科技大學會計資訊系(通過)
CAND_0150,115,nutc_acc,國立臺中科技大學,會計資訊系,國立臺中科技大學 會計資訊系,63090361,—,備取,國立高雄科技大學,國立高雄科技大學會計資訊系,其他學校錄取,4,"國立臺中科技大學會計資訊系(通過); 國立高雄科技大學會計資訊系(備取,分發); 國立高雄科技大學智慧商務系(通過); 國立屏東大學會計學系(正取)"
CAND_0151,115,nutc_acc,國立臺中科技大學,會計資訊系,國立臺中科技大學 會計資訊系,64090102,林*叡,備取,國立臺北商業大學,國立臺北商業大學會計資訊系(臺北校區),其他學校錄取,4,"國立臺中科技大學會計資訊系(通過); 國立雲林科技大學會計系(正取); 國立臺北商業大學會計資訊系(臺北校區)(正取,分發); 國立臺北商業大學財務金融系(臺北校區)(通過)"
CAND_0152,115,nutc_acc,國立臺中科技大學,會計資訊系,國立臺中科技大學 會計資訊系,64090265,許*,備取,—,—,未分發或放棄,3,國立臺中科技大學會計資訊系(通過); 中原大學國際經營與貿易學系(通過); 逢甲大學財稅學系(通過)
CAND_0153,115,nutc_acc,國立臺中科技大學,會計資訊系,國立臺中科技大學 會計資訊系,64090391,涂*瑄,備取,國立高雄科技大學,國立高雄科技大學金融系,其他學校錄取,2,"國立臺中科技大學會計資訊系(通過); 國立高雄科技大學金融系(備取,分發)"
CAND_0154,115,nutc_acc,國立臺中科技大學,會計資訊系,國立臺中科技大學 會計資訊系,64090496,黄*純,備取,逢甲大學,逢甲大學財稅學系,其他學校錄取,3,"國立臺中科技大學會計資訊系(通過); 逢甲大學會計學系(備取); 逢甲大學財稅學系(正取,分發)"
CAND_0155,115,nutc_acc,國立臺中科技大學,會計資訊系,國立臺中科技大學 會計資訊系,65090366,趙*,備取,國立高雄科技大學,國立高雄科技大學財政稅務系,其他學校錄取,5,"國立臺中科技大學會計資訊系(通過); 國立高雄科技大學會計資訊系(備取); 國立高雄科技大學財政稅務系(正取,分發); 國立虎尾科技大學工業管理系(通過); 國立虎尾科技大學財務金融系(通過)"
CAND_0156,115,nutc_acc,國立臺中科技大學,會計資訊系,國立臺中科技大學 會計資訊系,67090021,邱*裕,備取,—,—,未分發或放棄,2,國立臺中科技大學會計資訊系(通過); 國立虎尾科技大學企業管理系(通過)
CAND_0157,115,nutc_acc,國立臺中科技大學,會計資訊系,國立臺中科技大學 會計資訊系,67090053,*儀,備取,國立雲林科技大學,國立雲林科技大學會計系,其他學校錄取,4,"國立臺中科技大學會計資訊系(通過); 國立雲林科技大學會計系(備取,分發); 國立高雄科技大學會計資訊系(正取); 國立高雄科技大學財政稅務系(通過)"
CAND_0158,115,nutc_acc,國立臺中科技大學,會計資訊系,國立臺中科技大學 會計資訊系,67090162,—,備取,國立雲林科技大學,國立雲林科技大學會計系,其他學校錄取,3,"國立臺中科技大學會計資訊系(通過); 國立雲林科技大學會計系(備取,分發); 國立高雄科技大學會計資訊系(通過)"
CAND_0159,115,nutc_acc,國立臺中科技大學,會計資訊系,國立臺中科技大學 會計資訊系,68090082,—,備取,國立高雄科技大學,國立高雄科技大學會計資訊系,其他學校錄取,2,"國立臺中科技大學會計資訊系(通過); 國立高雄科技大學會計資訊系(正取,分發)"
CAND_0160,115,nutc_acc,國立臺中科技大學,會計資訊系,國立臺中科技大學 會計資訊系,68090104,楊*誠,備取,—,—,未分發或放棄,3,國立臺中科技大學會計資訊系(通過); 國立高雄科技大學會計資訊系(通過); 國立高雄科技大學智慧商務系(通過)
CAND_0161,115,nutc_acc,國立臺中科技大學,會計資訊系,國立臺中科技大學 會計資訊系,68090375,陳*玲,備取,—,—,未分發或放棄,4,國立臺中科技大學會計資訊系(通過); 國立高雄科技大學會計資訊系(通過); 國立臺北商業大學財政稅務系(臺北校區)(通過); 國立彰化師範大學財務金融技術學系(通過)
CAND_0162,115,nutc_acc,國立臺中科技大學,會計資訊系,國立臺中科技大學 會計資訊系,68090550,葵*岑,備取,—,—,未分發或放棄,3,國立臺中科技大學會計資訊系(通過); 國立高雄科技大學會計資訊系(通過); 國立高雄科技大學金融資訊系(通過)
CAND_0163,115,nutc_acc,國立臺中科技大學,會計資訊系,國立臺中科技大學 會計資訊系,68530007,*婷,備取,—,—,未分發或放棄,5,國立臺中科技大學會計資訊系(通過); 國立雲林科技大學資訊管理系(通過); 國立高雄科技大學資訊管理系(通過); 國立高雄科技大學資訊管理系(通過); 國立臺北商業大學企業管理系(臺北校區)(通過)
CAND_0164,115,nutc_acc,國立臺中科技大學,會計資訊系,國立臺中科技大學 會計資訊系,68530063,許*,備取,—,—,未分發或放棄,3,國立臺中科技大學會計資訊系(通過); 國立高雄科技大學會計資訊系(通過); 國立高雄科技大學漁業科技與管理系(通過)
CAND_0165,115,nutc_acc,國立臺中科技大學,會計資訊系,國立臺中科技大學 會計資訊系,70090165,蘇*,備取,國立高雄科技大學,國立高雄科技大學會計資訊系,其他學校錄取,4,"國立臺中科技大學會計資訊系(通過); 國立高雄科技大學會計資訊系(正取,分發); 國立屏東大學會計學系(通過); 國立屏東大學資訊管理學系(通過)"
CAND_0166,115,nutc_acc,國立臺中科技大學,會計資訊系,國立臺中科技大學 會計資訊系,70090385,葉*穎,備取,國立高雄科技大學,國立高雄科技大學金融資訊系,其他學校錄取,2,"國立臺中科技大學會計資訊系(通過); 國立高雄科技大學金融資訊系(正取,分發)"
CAND_0167,115,nutc_acc,國立臺中科技大學,會計資訊系,國立臺中科技大學 會計資訊系,70090389,*茹,備取,—,—,未分發或放棄,3,國立臺中科技大學會計資訊系(通過); 國立雲林科技大學會計系(通過); 國立虎尾科技大學財務金融系(通過)
CAND_0168,115,nutc_acc,國立臺中科技大學,會計資訊系,國立臺中科技大學 會計資訊系,70090581,—,備取,—,—,未分發或放棄,2,國立臺中科技大學會計資訊系(通過); 國立屏東大學財務金融學系(通過)
CAND_0169,115,nutc_acc,國立臺中科技大學,會計資訊系,國立臺中科技大學 會計資訊系,70090745,郭*鉲,備取,—,—,未分發或放棄,4,國立臺中科技大學會計資訊系(通過); 國立高雄科技大學財務管理系(通過); 國立高雄科技大學會計資訊系(通過); 國立勤益科技大學資訊管理系(通過)
CAND_0170,115,nutc_acc,國立臺中科技大學,會計資訊系,國立臺中科技大學 會計資訊系,70090797,葵*庭,備取,—,—,未分發或放棄,2,國立臺中科技大學會計資訊系(通過); 國立屏東大學會計學系(通過)
CAND_0171,115,nutc_acc,國立臺中科技大學,會計資訊系,國立臺中科技大學 會計資訊系,71090281,張*,備取,國立高雄科技大學,國立高雄科技大學會計資訊系,其他學校錄取,5,"國立臺中科技大學會計資訊系(通過); 國立屏東科技大學工業管理系(正取); 國立高雄科技大學會計資訊系(備取,分發); 國立屏東大學會計學系(正取); 國立屏東大學行銷與流通管理學系(備取)"
CAND_0172,115,nutc_acc,國立臺中科技大學,會計資訊系,國立臺中科技大學 會計資訊系,71090321,陳*明,備取,國立高雄科技大學,國立高雄科技大學會計資訊系,其他學校錄取,4,"國立臺中科技大學會計資訊系(通過); 國立高雄科技大學財務管理系(備取); 國立高雄科技大學會計資訊系(正取,分發); 國立屏東大學會計學系(正取)"
CAND_0173,115,nutc_acc,國立臺中科技大學,會計資訊系,國立臺中科技大學 會計資訊系,71090325,蘇*綾,備取,國立雲林科技大學,國立雲林科技大學會計系,其他學校錄取,4,"國立臺中科技大學會計資訊系(通過); 國立雲林科技大學財務金融系(通過); 國立雲林科技大學會計系(正取,分發); 國立高雄科技大學會計資訊系(通過)"
CAND_0174,115,nutc_acc,國立臺中科技大學,會計資訊系,國立臺中科技大學 會計資訊系,72090034,鄭*琳,備取,—,—,未分發或放棄,3,國立臺中科技大學會計資訊系(通過); 國立高雄科技大學會計資訊系(正取); 國立屏東大學會計學系(正取)
CAND_0175,114,nutc_acc,國立臺中科技大學,會計資訊系,國立臺中科技大學 會計資訊系,71090110,薛*晴,正取,—,—,未分發或放棄,2,國立臺中科技大學會計資訊系(正取); 國立屏東大學會計學系(正取)
CAND_0176,114,nutc_acc,國立臺中科技大學,會計資訊系,國立臺中科技大學 會計資訊系,61090433,陳*慈,正取,國立雲林科技大學,國立雲林科技大學會計系,其他學校錄取,4,"國立臺中科技大學會計資訊系(正取); 國立雲林科技大學財務金融系(通過); 國立雲林科技大學會計系(正取,分發); 國立高雄科技大學會計資訊系(正取)"
CAND_0177,114,nutc_acc,國立臺中科技大學,會計資訊系,國立臺中科技大學 會計資訊系,71090193,陳*菁,正取,國立高雄科技大學,國立高雄科技大學會計資訊系,其他學校錄取,4,"國立臺中科技大學會計資訊系(正取); 國立高雄科技大學財務管理系(正取); 國立高雄科技大學會計資訊系(正取,分發); 國立屏東大學會計學系(正取)"
CAND_0178,114,nutc_acc,國立臺中科技大學,會計資訊系,國立臺中科技大學 會計資訊系,63090083,徐*勛,正取,國立臺中科技大學,國立臺中科技大學會計資訊系,原校系/本校留任,3,"國立臺中科技大學會計資訊系(正取,分發); 國立虎尾科技大學企業管理系(正取); 國立勤益科技大學企業管理系(通過)"
CAND_0179,114,nutc_acc,國立臺中科技大學,會計資訊系,國立臺中科技大學 會計資訊系,71090297,吳*,正取,國立臺北商業大學,國立臺北商業大學企業管理系(臺北校區),其他學校錄取,3,"國立臺中科技大學會計資訊系(正取); 國立臺北商業大學企業管理系(臺北校區)(備取,分發); 國立屏東大學會計學系(正取)"
CAND_0180,114,nutc_acc,國立臺中科技大學,會計資訊系,國立臺中科技大學 會計資訊系,63090481,楊*遠,正取,國立臺中科技大學,國立臺中科技大學會計資訊系,原校系/本校留任,2,"國立臺中科技大學會計資訊系(正取,分發); 國立高雄科技大學會計資訊系(通過)"
CAND_0181,114,nutc_acc,國立臺中科技大學,會計資訊系,國立臺中科技大學 會計資訊系,57090959,謝*運,正取,國立高雄科技大學,國立高雄科技大學會計資訊系,其他學校錄取,3,"國立臺中科技大學會計資訊系(正取); 國立高雄科技大學會計資訊系(正取,分發); 中原大學會計學系(正取)"
CAND_0182,114,nutc_acc,國立臺中科技大學,會計資訊系,國立臺中科技大學 會計資訊系,67090144,F*,正取,國立雲林科技大學,國立雲林科技大學會計系,其他學校錄取,5,"國立臺中科技大學會計資訊系(正取); 國立雲林科技大學財務金融系(通過); 國立雲林科技大學會計系(備取,分發); 國立高雄科技大學財務管理系(通過); 國立高雄科技大學會計資訊系(正取)"
CAND_0183,114,nutc_acc,國立臺中科技大學,會計資訊系,國立臺中科技大學 會計資訊系,52090677,逄*晴,正取,國立臺中科技大學,國立臺中科技大學會計資訊系,原校系/本校留任,1,"國立臺中科技大學會計資訊系(正取,分發)"
CAND_0184,114,nutc_acc,國立臺中科技大學,會計資訊系,國立臺中科技大學 會計資訊系,61090669,張*庭,正取,國立臺中科技大學,國立臺中科技大學會計資訊系,原校系/本校留任,4,"國立臺中科技大學會計資訊系(正取,分發); 國立高雄科技大學會計資訊系(備取); 國立高雄科技大學金融資訊系(備取); 國立聯合大學經營管理學系(通過)"
CAND_0185,114,nutc_acc,國立臺中科技大學,會計資訊系,國立臺中科技大學 會計資訊系,63090289,林*德,正取,國立臺中科技大學,國立臺中科技大學會計資訊系,原校系/本校留任,1,"國立臺中科技大學會計資訊系(正取,分發)"
CAND_0186,114,nutc_acc,國立臺中科技大學,會計資訊系,國立臺中科技大學 會計資訊系,68530051,*女,正取,國立高雄科技大學,國立高雄科技大學財務管理系,其他學校錄取,2,"國立臺中科技大學會計資訊系(正取); 國立高雄科技大學財務管理系(備取,分發)"
CAND_0187,114,nutc_acc,國立臺中科技大學,會計資訊系,國立臺中科技大學 會計資訊系,66090001,陳*凱,正取,國立臺中科技大學,國立臺中科技大學會計資訊系,原校系/本校留任,4,"國立臺中科技大學會計資訊系(正取,分發); 國立高雄科技大學會計資訊系(正取); 國立高雄科技大學金融資訊系(正取); 國立虎尾科技大學企業管理系(正取)"
CAND_0188,114,nutc_acc,國立臺中科技大學,會計資訊系,國立臺中科技大學 會計資訊系,52090785,陳*,正取,國立高雄科技大學,國立高雄科技大學會計資訊系,其他學校錄取,2,"國立臺中科技大學會計資訊系(正取); 國立高雄科技大學會計資訊系(正取,分發)"
CAND_0189,114,nutc_acc,國立臺中科技大學,會計資訊系,國立臺中科技大學 會計資訊系,71090063,穆*晴,正取,國立屏東科技大學,國立屏東科技大學企業管理系,其他學校錄取,3,"國立臺中科技大學會計資訊系(正取); 國立屏東科技大學企業管理系(正取,分發); 國立屏東大學會計學系(正取)"
CAND_0190,114,nutc_acc,國立臺中科技大學,會計資訊系,國立臺中科技大學 會計資訊系,76090034,林*,正取,國立高雄科技大學,國立高雄科技大學會計資訊系,其他學校錄取,4,"國立臺中科技大學會計資訊系(正取); 國立高雄科技大學會計資訊系(正取,分發); 國立高雄科技大學金融資訊系(正取); 國立臺北商業大學會計資訊系(臺北校區)(正取)"
CAND_0191,114,nutc_acc,國立臺中科技大學,會計資訊系,國立臺中科技大學 會計資訊系,63090253,許*恩,正取,國立臺中科技大學,國立臺中科技大學會計資訊系,原校系/本校留任,4,"國立臺中科技大學會計資訊系(正取,分發); 國立高雄科技大學會計資訊系(備取); 國立高雄科技大學文化創意產業系(正取); 國立虎尾科技大學工業管理系(備取)"
CAND_0192,114,nutc_acc,國立臺中科技大學,會計資訊系,國立臺中科技大學 會計資訊系,71090265,張*翔,正取,—,—,未分發或放棄,3,國立臺中科技大學會計資訊系(正取); 國立屏東大學會計學系(正取); 國立屏東大學不動產經營學系(通過)
CAND_0193,114,nutc_acc,國立臺中科技大學,會計資訊系,國立臺中科技大學 會計資訊系,71090254,梁*富,正取,國立臺中科技大學,國立臺中科技大學會計資訊系,原校系/本校留任,3,"國立臺中科技大學會計資訊系(正取,分發); 國立高雄科技大學人力資源發展系(正取); 國立高雄科技大學會計資訊系(備取)"
CAND_0194,114,nutc_acc,國立臺中科技大學,會計資訊系,國立臺中科技大學 會計資訊系,61090659,黄*筳,正取,國立臺中科技大學,國立臺中科技大學會計資訊系,原校系/本校留任,3,"國立臺中科技大學會計資訊系(正取,分發); 國立高雄科技大學會計資訊系(通過); 國立臺北商業大學企業管理系(臺北校區)(通過)"
CAND_0195,114,nutc_acc,國立臺中科技大學,會計資訊系,國立臺中科技大學 會計資訊系,63090074,葉*湘,正取,國立臺中科技大學,國立臺中科技大學會計資訊系,原校系/本校留任,2,"國立臺中科技大學會計資訊系(正取,分發); 國立雲林科技大學工業工程與管理系(通過)"
CAND_0196,114,nutc_acc,國立臺中科技大學,會計資訊系,國立臺中科技大學 會計資訊系,61090902,江*,正取,國立臺中科技大學,國立臺中科技大學會計資訊系,原校系/本校留任,1,"國立臺中科技大學會計資訊系(正取,分發)"
CAND_0197,114,nutc_acc,國立臺中科技大學,會計資訊系,國立臺中科技大學 會計資訊系,63090357,李*慈,正取,國立臺中科技大學,國立臺中科技大學會計資訊系,原校系/本校留任,1,"國立臺中科技大學會計資訊系(正取,分發)"
CAND_0198,114,nutc_acc,國立臺中科技大學,會計資訊系,國立臺中科技大學 會計資訊系,57090019,—,正取,國立臺中科技大學,國立臺中科技大學會計資訊系,原校系/本校留任,1,"國立臺中科技大學會計資訊系(正取,分發)"
CAND_0199,114,nutc_acc,國立臺中科技大學,會計資訊系,國立臺中科技大學 會計資訊系,56090154,林*君,正取,國立臺中科技大學,國立臺中科技大學會計資訊系,原校系/本校留任,1,"國立臺中科技大學會計資訊系(正取,分發)"
CAND_0200,114,nutc_acc,國立臺中科技大學,會計資訊系,國立臺中科技大學 會計資訊系,66090345,吳*令,正取,國立臺中科技大學,國立臺中科技大學會計資訊系,原校系/本校留任,1,"國立臺中科技大學會計資訊系(正取,分發)"
CAND_0201,114,nutc_acc,國立臺中科技大學,會計資訊系,國立臺中科技大學 會計資訊系,67090290,黄*靜,正取,國立雲林科技大學,國立雲林科技大學會計系,其他學校錄取,6,"國立臺中科技大學會計資訊系(正取); 國立雲林科技大學會計系(正取,分發); 國立高雄科技大學會計資訊系(正取); 國立高雄科技大學金融資訊系(正取); 國立虎尾科技大學財務金融系(正取); 國立屏東大學會計學系(正取)"
CAND_0202,114,nutc_acc,國立臺中科技大學,會計資訊系,國立臺中科技大學 會計資訊系,52090761,余*盲,正取,國立高雄科技大學,國立高雄科技大學會計資訊系,其他學校錄取,3,"國立臺中科技大學會計資訊系(正取); 國立高雄科技大學會計資訊系(正取,分發); 國立屏東大學會計學系(正取)"
CAND_0203,114,nutc_acc,國立臺中科技大學,會計資訊系,國立臺中科技大學 會計資訊系,61091123,林*棻,正取,逢甲大學,逢甲大學會計學系,其他學校錄取,3,"國立臺中科技大學會計資訊系(正取); 國立高雄科技大學會計資訊系(通過); 逢甲大學會計學系(正取,分發)"
CAND_0204,114,nutc_acc,國立臺中科技大學,會計資訊系,國立臺中科技大學 會計資訊系,61091586,陳*伶,正取,—,—,未分發或放棄,1,國立臺中科技大學會計資訊系(正取)
CAND_0205,114,nutc_acc,國立臺中科技大學,會計資訊系,國立臺中科技大學 會計資訊系,52090505,曹*允,正取,國立臺北商業大學,國立臺北商業大學會計資訊系(臺北校區),其他學校錄取,4,"國立臺中科技大學會計資訊系(正取); 國立雲林科技大學會計系(通過); 國立高雄科技大學航運管理系(通過); 國立臺北商業大學會計資訊系(臺北校區)(備取,分發)"
CAND_0206,114,nutc_acc,國立臺中科技大學,會計資訊系,國立臺中科技大學 會計資訊系,71090386,陳*錡,正取,國立臺中科技大學,國立臺中科技大學會計資訊系,原校系/本校留任,3,"國立臺中科技大學會計資訊系(正取,分發); 國立高雄科技大學會計資訊系(備取); 國立屏東大學會計學系(備取)"
CAND_0207,114,nutc_acc,國立臺中科技大學,會計資訊系,國立臺中科技大學 會計資訊系,61091037,吳*靜,正取,國立臺中科技大學,國立臺中科技大學會計資訊系,原校系/本校留任,3,"國立臺中科技大學會計資訊系(正取,分發); 國立高雄科技大學會計資訊系(通過); 國立臺中教育大學國際企業學系(通過)"
CAND_0208,114,nutc_acc,國立臺中科技大學,會計資訊系,國立臺中科技大學 會計資訊系,65090309,賴*垠,正取,國立臺中科技大學,國立臺中科技大學會計資訊系,原校系/本校留任,5,"國立臺中科技大學會計資訊系(正取,分發); 國立高雄科技大學金融系(通過); 國立虎尾科技大學企業管理系(通過); 國立聯合大學經營管理學系(通過); 逢甲大學會計學系(通過)"
CAND_0209,114,nutc_acc,國立臺中科技大學,會計資訊系,國立臺中科技大學 會計資訊系,68530095,林*,正取,國立高雄科技大學,國立高雄科技大學會計資訊系,其他學校錄取,3,"國立臺中科技大學會計資訊系(正取); 國立高雄科技大學會計資訊系(備取,分發); 國立高雄科技大學財政稅務系(正取)"
CAND_0210,114,nutc_acc,國立臺中科技大學,會計資訊系,國立臺中科技大學 會計資訊系,56090364,F*儀,正取,—,—,未分發或放棄,5,國立臺中科技大學會計資訊系(正取); 國立高雄科技大學會計資訊系(通過); 國立高雄科技大學財政稅務系(通過); 國立高雄科技大學航運管理系(通過); 國立勤益科技大學企業管理系(通過)
CAND_0211,114,nutc_acc,國立臺中科技大學,會計資訊系,國立臺中科技大學 會計資訊系,61090607,陳*瑀,正取,國立臺中科技大學,國立臺中科技大學會計資訊系,原校系/本校留任,2,"國立臺中科技大學會計資訊系(正取,分發); 國立虎尾科技大學財務金融系(正取)"
CAND_0212,114,nutc_acc,國立臺中科技大學,會計資訊系,國立臺中科技大學 會計資訊系,63090469,林*廷,正取,國立臺北商業大學,國立臺北商業大學會計資訊系(臺北校區),其他學校錄取,4,"國立臺中科技大學會計資訊系(正取); 國立雲林科技大學會計系(備取); 國立臺北商業大學會計資訊系(臺北校區)(備取,分發); 國立彰化師範大學財務金融技術學系(備取)"
CAND_0213,114,nutc_acc,國立臺中科技大學,會計資訊系,國立臺中科技大學 會計資訊系,61090495,陳*女,正取,逢甲大學,逢甲大學會計學系,其他學校錄取,4,"國立臺中科技大學會計資訊系(正取); 國立高雄科技大學會計資訊系(通過); 國立高雄科技大學財政稅務系(通過); 逢甲大學會計學系(正取,分發)"
CAND_0214,114,nutc_acc,國立臺中科技大學,會計資訊系,國立臺中科技大學 會計資訊系,61091183,郭*吟,正取,國立臺中科技大學,國立臺中科技大學會計資訊系,原校系/本校留任,3,"國立臺中科技大學會計資訊系(正取,分發); 國立虎尾科技大學企業管理系(通過); 國立勤益科技大學企業管理系(通過)"
CAND_0215,114,nutc_acc,國立臺中科技大學,會計資訊系,國立臺中科技大學 會計資訊系,56090173,范*珊,正取,國立臺中科技大學,國立臺中科技大學會計資訊系,原校系/本校留任,1,"國立臺中科技大學會計資訊系(正取,分發)"
CAND_0216,114,nutc_acc,國立臺中科技大學,會計資訊系,國立臺中科技大學 會計資訊系,55090143,陳*珍,正取,國立臺中科技大學,國立臺中科技大學會計資訊系,原校系/本校留任,1,"國立臺中科技大學會計資訊系(正取,分發)"
CAND_0217,114,nutc_acc,國立臺中科技大學,會計資訊系,國立臺中科技大學 會計資訊系,61090827,黄*穎,正取,國立臺中科技大學,國立臺中科技大學會計資訊系,原校系/本校留任,5,"國立臺中科技大學會計資訊系(正取,分發); 國立虎尾科技大學財務金融系(通過); 國立勤益科技大學行銷與流通管理系(通過); 逢甲大學會計學系(正取); 靜宜大學會計學系(通過)"
CAND_0218,114,nutc_acc,國立臺中科技大學,會計資訊系,國立臺中科技大學 會計資訊系,57090185,張*琪,正取,國立臺中科技大學,國立臺中科技大學會計資訊系,原校系/本校留任,3,"國立臺中科技大學會計資訊系(正取,分發); 國立高雄科技大學會計資訊系(通過); 中原大學會計學系(正取)"
CAND_0219,114,nutc_acc,國立臺中科技大學,會計資訊系,國立臺中科技大學 會計資訊系,61090561,葵*昕,正取,國立臺中科技大學,國立臺中科技大學會計資訊系,原校系/本校留任,2,"國立臺中科技大學會計資訊系(正取,分發); 國立高雄科技大學航運管理系(通過)"
CAND_0220,114,nutc_acc,國立臺中科技大學,會計資訊系,國立臺中科技大學 會計資訊系,52090585,齊*廷,正取,—,—,未分發或放棄,1,國立臺中科技大學會計資訊系(正取)
CAND_0221,114,nutc_acc,國立臺中科技大學,會計資訊系,國立臺中科技大學 會計資訊系,63090082,賴*筠,正取,國立臺中科技大學,國立臺中科技大學會計資訊系,原校系/本校留任,1,"國立臺中科技大學會計資訊系(正取,分發)"
CAND_0222,114,nutc_acc,國立臺中科技大學,會計資訊系,國立臺中科技大學 會計資訊系,52090305,林*妍,正取,國立臺中科技大學,國立臺中科技大學會計資訊系,原校系/本校留任,1,"國立臺中科技大學會計資訊系(正取,分發)"
CAND_0223,114,nutc_acc,國立臺中科技大學,會計資訊系,國立臺中科技大學 會計資訊系,61090886,袁*喻,正取,國立臺中科技大學,國立臺中科技大學會計資訊系,原校系/本校留任,2,"國立臺中科技大學會計資訊系(正取,分發); 國立勤益科技大學工業工程與管理系(通過)"
CAND_0224,114,nutc_acc,國立臺中科技大學,會計資訊系,國立臺中科技大學 會計資訊系,65090217,江*叡,正取,國立高雄科技大學,國立高雄科技大學航運管理系,其他學校錄取,5,"國立臺中科技大學會計資訊系(正取); 國立高雄科技大學運籌管理系(通過); 國立高雄科技大學航運管理系(正取,分發); 國立高雄科技大學商務資訊應用系(通過); 國立勤益科技大學行銷與流通管理系(通過)"
CAND_0225,114,nutc_acc,國立臺中科技大學,會計資訊系,國立臺中科技大學 會計資訊系,52090569,顧*方,正取,國立臺中科技大學,國立臺中科技大學會計資訊系,原校系/本校留任,2,"國立臺中科技大學會計資訊系(正取,分發); 國立高雄科技大學會計資訊系(通過)"
CAND_0226,114,nutc_acc,國立臺中科技大學,會計資訊系,國立臺中科技大學 會計資訊系,70090858,林*,正取,國立臺中科技大學,國立臺中科技大學會計資訊系,原校系/本校留任,3,"國立臺中科技大學會計資訊系(正取,分發); 國立屏東科技大學企業管理系(正取); 國立屏東大學會計學系(正取)"
CAND_0227,114,nutc_acc,國立臺中科技大學,會計資訊系,國立臺中科技大學 會計資訊系,52090225,*永,正取,國立臺中科技大學,國立臺中科技大學會計資訊系,原校系/本校留任,1,"國立臺中科技大學會計資訊系(正取,分發)"
CAND_0228,114,nutc_acc,國立臺中科技大學,會計資訊系,國立臺中科技大學 會計資訊系,68090365,李*錚,正取,國立臺中科技大學,國立臺中科技大學會計資訊系,原校系/本校留任,3,"國立臺中科技大學會計資訊系(正取,分發); 國立高雄科技大學會計資訊系(備取); 國立屏東大學會計學系(正取)"
CAND_0229,114,nutc_acc,國立臺中科技大學,會計資訊系,國立臺中科技大學 會計資訊系,74090046,林*妤,正取,國立臺中科技大學,國立臺中科技大學會計資訊系,原校系/本校留任,6,"國立臺中科技大學會計資訊系(正取,分發); 朝陽科技大學會計系(通過); 德明財經科技大學會計資訊系(通過); 致理科技大學會計資訊系(通過); 國立屏東大學會計學系(通過); 靜宜大學會計學系(通過)"
CAND_0230,114,nutc_acc,國立臺中科技大學,會計資訊系,國立臺中科技大學 會計資訊系,58090336,顏*恩,正取,國立臺北科技大學,國立臺北科技大學經營管理系,其他學校錄取,6,"國立臺中科技大學會計資訊系(正取); 國立臺灣科技大學企業管理系(通過); 國立雲林科技大學會計系(通過); 國立臺北科技大學經營管理系(備取,分發); 國立高雄科技大學國際企業系(通過); 國立臺北商業大學國際商務系(臺北校區)(正取)"
CAND_0231,114,nutc_acc,國立臺中科技大學,會計資訊系,國立臺中科技大學 會計資訊系,76090030,顏*廷,正取,國立高雄科技大學,國立高雄科技大學會計資訊系,其他學校錄取,5,"國立臺中科技大學會計資訊系(正取); 國立雲林科技大學財務金融系(備取); 國立高雄科技大學會計資訊系(正取,分發); 國立高雄科技大學金融資訊系(備取); 國立臺北商業大學財務金融系(臺北校區)(備取)"
CAND_0232,114,nutc_acc,國立臺中科技大學,會計資訊系,國立臺中科技大學 會計資訊系,69090025,林*楨,正取,國立臺中科技大學,國立臺中科技大學會計資訊系,原校系/本校留任,1,"國立臺中科技大學會計資訊系(正取,分發)"
CAND_0233,114,nutc_acc,國立臺中科技大學,會計資訊系,國立臺中科技大學 會計資訊系,71090151,吳*娟,正取,國立臺中科技大學,國立臺中科技大學會計資訊系,原校系/本校留任,3,"國立臺中科技大學會計資訊系(正取,分發); 國立雲林科技大學會計系(備取); 南臺科技大學資訊工程系(正取)"
CAND_0234,114,nutc_acc,國立臺中科技大學,會計資訊系,國立臺中科技大學 會計資訊系,61090583,吳*廷,備取,國立臺中科技大學,國立臺中科技大學會計資訊系,原校系/本校留任,4,"國立臺中科技大學會計資訊系(備取,分發); 國立高雄科技大學會計資訊系(備取); 國立高雄科技大學金融資訊系(備取); 國立勤益科技大學行銷與流通管理系(通過)"
CAND_0235,114,nutc_acc,國立臺中科技大學,會計資訊系,國立臺中科技大學 會計資訊系,57090927,葵*婷,備取,國立臺中科技大學,國立臺中科技大學會計資訊系,原校系/本校留任,4,"國立臺中科技大學會計資訊系(備取,分發); 國立高雄科技大學會計資訊系(正取); 國立高雄科技大學金融資訊系(通過); 國立屏東大學會計學系(通過)"
CAND_0236,114,nutc_acc,國立臺中科技大學,會計資訊系,國立臺中科技大學 會計資訊系,61091207,陳*,備取,國立高雄科技大學,國立高雄科技大學工業工程與管理系,其他學校錄取,4,"國立臺中科技大學會計資訊系(備取); 國立高雄科技大學工業工程與管理系(正取,分發); 國立高雄科技大學運籌管理系(正取); 國立臺灣體育運動大學運動事業管理學系(正取)"
CAND_0237,114,nutc_acc,國立臺中科技大學,會計資訊系,國立臺中科技大學 會計資訊系,56090054,梁*喬,備取,中原大學,中原大學會計學系,其他學校錄取,4,"國立臺中科技大學會計資訊系(備取); 中原大學會計學系(備取,分發); 逢甲大學會計學系(正取); 逢甲大學財稅學系(正取)"
CAND_0238,114,nutc_acc,國立臺中科技大學,會計資訊系,國立臺中科技大學 會計資訊系,61090445,*臻,備取,國立臺中科技大學,國立臺中科技大學會計資訊系,原校系/本校留任,3,"國立臺中科技大學會計資訊系(備取,分發); 國立屏東大學會計學系(正取); 中原大學會計學系(備取)"
CAND_0239,114,nutc_acc,國立臺中科技大學,會計資訊系,國立臺中科技大學 會計資訊系,61090903,黄*,備取,國立高雄科技大學,國立高雄科技大學財務管理系,其他學校錄取,4,"國立臺中科技大學會計資訊系(備取); 國立雲林科技大學會計系(備取); 國立高雄科技大學財務管理系(備取,分發); 國立臺北商業大學會計資訊系(臺北校區)(備取)"
CAND_0240,114,nutc_acc,國立臺中科技大學,會計資訊系,國立臺中科技大學 會計資訊系,71090111,楊*淇,備取,國立臺中科技大學,國立臺中科技大學會計資訊系,原校系/本校留任,1,"國立臺中科技大學會計資訊系(備取,分發)"
CAND_0241,114,nutc_acc,國立臺中科技大學,會計資訊系,國立臺中科技大學 會計資訊系,65090321,維*婷,備取,國立臺中科技大學,國立臺中科技大學會計資訊系,原校系/本校留任,1,"國立臺中科技大學會計資訊系(備取,分發)"
CAND_0242,114,nutc_acc,國立臺中科技大學,會計資訊系,國立臺中科技大學 會計資訊系,64090313,*佑,備取,國立臺中科技大學,國立臺中科技大學會計資訊系,原校系/本校留任,3,"國立臺中科技大學會計資訊系(備取,分發); 國立勤益科技大學企業管理系(備取); 朝陽科技大學會計系(通過)"
CAND_0243,114,nutc_acc,國立臺中科技大學,會計資訊系,國立臺中科技大學 會計資訊系,68530052,翁*玲,備取,國立高雄科技大學,國立高雄科技大學金融資訊系,其他學校錄取,4,"國立臺中科技大學會計資訊系(備取); 國立高雄科技大學風險管理與保險系(正取); 國立高雄科技大學金融資訊系(正取,分發); 國立虎尾科技大學財務金融系(通過)"
CAND_0244,114,nutc_acc,國立臺中科技大學,會計資訊系,國立臺中科技大學 會計資訊系,61099903,黄*順,備取,國立高雄科技大學,國立高雄科技大學會計資訊系,其他學校錄取,3,"國立臺中科技大學會計資訊系(備取); 國立高雄科技大學會計資訊系(正取,分發); 銘傳大學會計學系(台北校區)(通過)"
CAND_0245,114,nutc_acc,國立臺中科技大學,會計資訊系,國立臺中科技大學 會計資訊系,52090781,謝*珈,備取,國立雲林科技大學,國立雲林科技大學會計系,其他學校錄取,5,"國立臺中科技大學會計資訊系(備取); 國立雲林科技大學會計系(正取,分發); 國立高雄科技大學會計資訊系(正取); 國立高雄科技大學財政稅務系(正取); 國立臺北商業大學會計資訊系(臺北校區)(備取)"
CAND_0246,114,nutc_acc,國立臺中科技大學,會計資訊系,國立臺中科技大學 會計資訊系,57090457,張*婕,備取,國立高雄科技大學,國立高雄科技大學會計資訊系,其他學校錄取,2,"國立臺中科技大學會計資訊系(備取); 國立高雄科技大學會計資訊系(備取,分發)"
CAND_0247,114,nutc_acc,國立臺中科技大學,會計資訊系,國立臺中科技大學 會計資訊系,65090069,趙*釩,備取,國立臺中科技大學,國立臺中科技大學會計資訊系,原校系/本校留任,2,"國立臺中科技大學會計資訊系(備取,分發); 國立虎尾科技大學財務金融系(正取)"
CAND_0248,114,nutc_acc,國立臺中科技大學,會計資訊系,國立臺中科技大學 會計資訊系,70090502,*妍,備取,國立高雄科技大學,國立高雄科技大學會計資訊系,其他學校錄取,5,"國立臺中科技大學會計資訊系(備取); 國立高雄科技大學會計資訊系(正取,分發); 國立高雄科技大學財政稅務系(備取); 國立虎尾科技大學財務金融系(通過); 國立屏東大學會計學系(通過)"
CAND_0249,114,nutc_acc,國立臺中科技大學,會計資訊系,國立臺中科技大學 會計資訊系,64090365,陳*,備取,國立臺中科技大學,國立臺中科技大學會計資訊系,原校系/本校留任,4,"國立臺中科技大學會計資訊系(備取,分發); 國立高雄科技大學會計資訊系(備取); 國立虎尾科技大學工業管理系(正取); 國立勤益科技大學工業工程與管理系(通過)"
CAND_0250,114,nutc_acc,國立臺中科技大學,會計資訊系,國立臺中科技大學 會計資訊系,67090202,李*潔,備取,國立高雄科技大學,國立高雄科技大學會計資訊系,其他學校錄取,5,"國立臺中科技大學會計資訊系(備取); 國立高雄科技大學會計資訊系(備取,分發); 國立虎尾科技大學工業管理系(通過); 國立屏東大學會計學系(正取); 中原大學會計學系(通過)"
CAND_0251,114,nutc_acc,國立臺中科技大學,會計資訊系,國立臺中科技大學 會計資訊系,64090029,紀*翊,備取,國立臺中科技大學,國立臺中科技大學會計資訊系,原校系/本校留任,4,"國立臺中科技大學會計資訊系(備取,分發); 國立虎尾科技大學財務金融系(正取); 中原大學會計學系(備取); 靜宜大學財務金融學系(正取)"
CAND_0252,114,nutc_acc,國立臺中科技大學,會計資訊系,國立臺中科技大學 會計資訊系,57090693,陳*琪,備取,中原大學,中原大學會計學系,其他學校錄取,3,"國立臺中科技大學會計資訊系(備取); 國立高雄科技大學會計資訊系(通過); 中原大學會計學系(正取,分發)"
CAND_0253,114,nutc_acc,國立臺中科技大學,會計資訊系,國立臺中科技大學 會計資訊系,61091260,林*美,備取,國立高雄科技大學,國立高雄科技大學會計資訊系,其他學校錄取,3,"國立臺中科技大學會計資訊系(備取); 國立雲林科技大學工業工程與管理系(通過); 國立高雄科技大學會計資訊系(正取,分發)"
CAND_0254,114,nutc_acc,國立臺中科技大學,會計資訊系,國立臺中科技大學 會計資訊系,65090025,黄*,備取,國立高雄科技大學,國立高雄科技大學金融系,其他學校錄取,4,"國立臺中科技大學會計資訊系(備取); 國立高雄科技大學金融系(備取,分發); 國立高雄科技大學會計資訊系(正取); 逢甲大學會計學系(通過)"
CAND_0255,114,nutc_acc,國立臺中科技大學,會計資訊系,國立臺中科技大學 會計資訊系,54090568,*均,備取,國立臺中科技大學,國立臺中科技大學會計資訊系,原校系/本校留任,4,"國立臺中科技大學會計資訊系(備取,分發); 國立臺灣藝術大學圖文傳播藝術學系(備取); 國立臺中教育大學國際企業學系(通過); 中原大學資訊管理學系(通過)"
CAND_0256,114,nutc_acc,國立臺中科技大學,會計資訊系,國立臺中科技大學 會計資訊系,70090646,焦*憶,備取,國立臺中科技大學,國立臺中科技大學會計資訊系,原校系/本校留任,5,"國立臺中科技大學會計資訊系(備取,分發); 國立高雄科技大學會計資訊系(備取); 國立臺北商業大學商業設計管理系(桃園校區)(通過); 國立屏東大學財務金融學系(通過); 國立屏東大學會計學系(通過)"
CAND_0257,114,nutc_acc,國立臺中科技大學,會計資訊系,國立臺中科技大學 會計資訊系,61091511,林*育,備取,國立虎尾科技大學,國立虎尾科技大學資訊管理系,其他學校錄取,3,"國立臺中科技大學會計資訊系(備取); 國立虎尾科技大學資訊管理系(正取,分發); 國立虎尾科技大學財務金融系(正取)"
CAND_0258,114,nutc_acc,國立臺中科技大學,會計資訊系,國立臺中科技大學 會計資訊系,61090469,蕭*朋,備取,國立臺中科技大學,國立臺中科技大學會計資訊系,原校系/本校留任,2,"國立臺中科技大學會計資訊系(備取,分發); 國立屏東大學會計學系(正取)"
CAND_0259,114,nutc_acc,國立臺中科技大學,會計資訊系,國立臺中科技大學 會計資訊系,61090724,鄭*妮,備取,逢甲大學,逢甲大學會計學系,其他學校錄取,3,"國立臺中科技大學會計資訊系(備取); 國立高雄科技大學會計資訊系(備取); 逢甲大學會計學系(備取,分發)"
CAND_0260,114,nutc_acc,國立臺中科技大學,會計資訊系,國立臺中科技大學 會計資訊系,51090051,賴*,備取,銘傳大學,銘傳大學會計學系(台北校區),其他學校錄取,4,"國立臺中科技大學會計資訊系(備取); 國立宜蘭大學應用經濟與管理學系(通過); 中原大學會計學系(備取); 銘傳大學會計學系(台北校區)(正取,分發)"
CAND_0261,114,nutc_acc,國立臺中科技大學,會計資訊系,國立臺中科技大學 會計資訊系,68530079,郭*荺,備取,國立臺中科技大學,國立臺中科技大學會計資訊系,原校系/本校留任,2,"國立臺中科技大學會計資訊系(備取,分發); 國立虎尾科技大學財務金融系(通過)"
CAND_0262,114,nutc_acc,國立臺中科技大學,會計資訊系,國立臺中科技大學 會計資訊系,61091232,陳*,備取,國立雲林科技大學,國立雲林科技大學會計系,其他學校錄取,2,"國立臺中科技大學會計資訊系(備取); 國立雲林科技大學會計系(正取,分發)"
CAND_0263,114,nutc_acc,國立臺中科技大學,會計資訊系,國立臺中科技大學 會計資訊系,61090899,游*婷,備取,逢甲大學,逢甲大學會計學系,其他學校錄取,4,"國立臺中科技大學會計資訊系(備取); 國立高雄科技大學會計資訊系(通過); 國立虎尾科技大學財務金融系(通過); 逢甲大學會計學系(正取,分發)"
CAND_0264,114,nutc_acc,國立臺中科技大學,會計資訊系,國立臺中科技大學 會計資訊系,68090221,邱*欣,備取,國立雲林科技大學,國立雲林科技大學會計系,其他學校錄取,4,"國立臺中科技大學會計資訊系(備取); 國立雲林科技大學會計系(備取,分發); 國立高雄科技大學運籌管理系(正取); 國立臺北商業大學財政稅務系(臺北校區)(備取)"
CAND_0265,114,nutc_acc,國立臺中科技大學,會計資訊系,國立臺中科技大學 會計資訊系,64090466,林*日,備取,國立臺中科技大學,國立臺中科技大學會計資訊系,原校系/本校留任,5,"國立臺中科技大學會計資訊系(備取,分發); 國立高雄科技大學會計資訊系(通過); 國立高雄科技大學觀光管理系(通過); 國立聯合大學經營管理學系(通過); 逢甲大學會計學系(通過)"
CAND_0266,114,nutc_acc,國立臺中科技大學,會計資訊系,國立臺中科技大學 會計資訊系,55090285,黄*儀,備取,中原大學,中原大學會計學系,其他學校錄取,4,"國立臺中科技大學會計資訊系(備取); 國立勤益科技大學企業管理系(通過); 中原大學會計學系(備取,分發); 逢甲大學會計學系(通過)"
CAND_0267,114,nutc_acc,國立臺中科技大學,會計資訊系,國立臺中科技大學 會計資訊系,61090464,林*晴,備取,國立臺中科技大學,國立臺中科技大學會計資訊系,原校系/本校留任,2,"國立臺中科技大學會計資訊系(備取,分發); 逢甲大學會計學系(通過)"
CAND_0268,114,nutc_acc,國立臺中科技大學,會計資訊系,國立臺中科技大學 會計資訊系,68530020,陳*廷,備取,國立高雄科技大學,國立高雄科技大學金融資訊系,其他學校錄取,2,"國立臺中科技大學會計資訊系(備取); 國立高雄科技大學金融資訊系(備取,分發)"
CAND_0269,114,nutc_acc,國立臺中科技大學,會計資訊系,國立臺中科技大學 會計資訊系,64090458,黄*倫,備取,國立高雄科技大學,國立高雄科技大學會計資訊系,其他學校錄取,4,"國立臺中科技大學會計資訊系(備取); 國立高雄科技大學風險管理與保險系(通過); 國立高雄科技大學會計資訊系(正取,分發); 國立屏東大學會計學系(備取)"
CAND_0270,114,nutc_acc,國立臺中科技大學,會計資訊系,國立臺中科技大學 會計資訊系,64090135,胡*,備取,國立高雄科技大學,國立高雄科技大學會計資訊系,其他學校錄取,5,"國立臺中科技大學會計資訊系(備取); 國立高雄科技大學行銷與流通管理系(正取); 國立高雄科技大學會計資訊系(正取,分發); 國立高雄餐旅大學航空暨運輸服務管理系(通過); 逢甲大學會計學系(通過)"
CAND_0271,114,nutc_acc,國立臺中科技大學,會計資訊系,國立臺中科技大學 會計資訊系,70090510,梁*綺,備取,—,—,未分發或放棄,2,國立臺中科技大學會計資訊系(備取); 國立屏東大學會計學系(通過)
CAND_0272,114,nutc_acc,國立臺中科技大學,會計資訊系,國立臺中科技大學 會計資訊系,52090297,高*晴,備取,銘傳大學,銘傳大學會計學系(台北校區),其他學校錄取,3,"國立臺中科技大學會計資訊系(備取); 中原大學會計學系(通過); 銘傳大學會計學系(台北校區)(正取,分發)"
CAND_0273,114,nutc_acc,國立臺中科技大學,會計資訊系,國立臺中科技大學 會計資訊系,70090649,*瀚,備取,—,—,未分發或放棄,3,國立臺中科技大學會計資訊系(備取); 國立高雄科技大學智慧商務系(備取); 國立虎尾科技大學財務金融系(通過)
CAND_0274,114,nutc_acc,國立臺中科技大學,會計資訊系,國立臺中科技大學 會計資訊系,61091719,黄*浩,備取,國立臺中科技大學,國立臺中科技大學會計資訊系,原校系/本校留任,4,"國立臺中科技大學會計資訊系(備取,分發); 國立勤益科技大學資訊管理系(備取); 逢甲大學會計學系(備取); 逢甲大學財稅學系(備取)"
CAND_0275,114,nutc_acc,國立臺中科技大學,會計資訊系,國立臺中科技大學 會計資訊系,64090123,周*,備取,國立臺中科技大學,國立臺中科技大學會計資訊系,原校系/本校留任,4,"國立臺中科技大學會計資訊系(備取,分發); 國立屏東大學會計學系(通過); 中原大學會計學系(通過); 逢甲大學會計學系(通過)"
CAND_0276,114,nutc_acc,國立臺中科技大學,會計資訊系,國立臺中科技大學 會計資訊系,57090701,F*,備取,逢甲大學,逢甲大學會計學系,其他學校錄取,2,"國立臺中科技大學會計資訊系(備取); 逢甲大學會計學系(備取,分發)"
CAND_0277,114,nutc_acc,國立臺中科技大學,會計資訊系,國立臺中科技大學 會計資訊系,63090038,李*諭,備取,國立臺中科技大學,國立臺中科技大學會計資訊系,原校系/本校留任,2,"國立臺中科技大學會計資訊系(備取,分發); 國立勤益科技大學企業管理系(通過)"
CAND_0278,114,nutc_acc,國立臺中科技大學,會計資訊系,國立臺中科技大學 會計資訊系,56090264,閻*,備取,國立臺中科技大學,國立臺中科技大學會計資訊系,原校系/本校留任,5,"國立臺中科技大學會計資訊系(備取,分發); 國立高雄科技大學會計資訊系(備取); 國立高雄科技大學財政稅務系(備取); 國立虎尾科技大學財務金融系(備取); 國立勤益科技大學企業管理系(通過)"
CAND_0279,114,nutc_acc,國立臺中科技大學,會計資訊系,國立臺中科技大學 會計資訊系,60090092,林*慈,備取,—,—,未分發或放棄,2,國立臺中科技大學會計資訊系(備取); 國立屏東大學會計學系(正取)
CAND_0280,114,nutc_acc,國立臺中科技大學,會計資訊系,國立臺中科技大學 會計資訊系,70090318,許*真,備取,—,—,未分發或放棄,1,國立臺中科技大學會計資訊系(備取)
CAND_0281,114,nutc_acc,國立臺中科技大學,會計資訊系,國立臺中科技大學 會計資訊系,70090526,顏*,備取,國立屏東大學,國立屏東大學會計學系,其他學校錄取,3,"國立臺中科技大學會計資訊系(備取); 國立屏東大學財務金融學系(通過); 國立屏東大學會計學系(正取,分發)"
CAND_0282,114,nutc_acc,國立臺中科技大學,會計資訊系,國立臺中科技大學 會計資訊系,58090533,黄*瑜,備取,國立虎尾科技大學,國立虎尾科技大學財務金融系,其他學校錄取,5,"國立臺中科技大學會計資訊系(備取); 國立高雄科技大學風險管理與保險系(通過); 國立高雄科技大學會計資訊系(通過); 國立虎尾科技大學財務金融系(正取,分發); 南臺科技大學財務金融系(通過)"
CAND_0283,114,nutc_acc,國立臺中科技大學,會計資訊系,國立臺中科技大學 會計資訊系,57090793,吳*璇,備取,逢甲大學,逢甲大學會計學系,其他學校錄取,3,"國立臺中科技大學會計資訊系(備取); 中原大學會計學系(備取); 逢甲大學會計學系(備取,分發)"
CAND_0284,114,nutc_acc,國立臺中科技大學,會計資訊系,國立臺中科技大學 會計資訊系,68560002,張*瑜,備取,—,—,未分發或放棄,3,國立臺中科技大學會計資訊系(備取); 國立高雄科技大學行銷與流通管理系(備取); 國立高雄科技大學會計資訊系(通過)
CAND_0285,114,nutc_acc,國立臺中科技大學,會計資訊系,國立臺中科技大學 會計資訊系,55090406,周*倫,備取,中原大學,中原大學國際經營與貿易學系,其他學校錄取,3,"國立臺中科技大學會計資訊系(備取); 中原大學國際經營與貿易學系(正取,分發); 銘傳大學會計學系(台北校區)(通過)"
CAND_0286,114,nutc_acc,國立臺中科技大學,會計資訊系,國立臺中科技大學 會計資訊系,67090182,史*妤,備取,—,—,未分發或放棄,5,國立臺中科技大學會計資訊系(備取); 國立雲林科技大學工業工程與管理系(正取); 國立高雄科技大學企業管理系(通過); 國立高雄科技大學行銷與流通管理系(通過); 國立高雄科技大學會計資訊系(正取)
CAND_0287,114,nutc_acc,國立臺中科技大學,會計資訊系,國立臺中科技大學 會計資訊系,64090021,葵*倫,備取,國立雲林科技大學,國立雲林科技大學會計系,其他學校錄取,2,"國立臺中科技大學會計資訊系(備取); 國立雲林科技大學會計系(備取,分發)"
CAND_0288,114,nutc_acc,國立臺中科技大學,會計資訊系,國立臺中科技大學 會計資訊系,61090731,*慈,備取,國立勤益科技大學,國立勤益科技大學企業管理系,其他學校錄取,3,"國立臺中科技大學會計資訊系(備取); 國立虎尾科技大學企業管理系(通過); 國立勤益科技大學企業管理系(備取,分發)"
CAND_0289,114,nutc_acc,國立臺中科技大學,會計資訊系,國立臺中科技大學 會計資訊系,71090205,黄*莉,備取,國立高雄科技大學,國立高雄科技大學會計資訊系,其他學校錄取,3,"國立臺中科技大學會計資訊系(備取); 國立高雄科技大學會計資訊系(備取,分發); 國立屏東大學會計學系(備取)"
CAND_0290,114,nutc_acc,國立臺中科技大學,會計資訊系,國立臺中科技大學 會計資訊系,56090244,簡*歆,備取,國立臺中科技大學,國立臺中科技大學會計資訊系,原校系/本校留任,3,"國立臺中科技大學會計資訊系(備取,分發); 國立高雄科技大學風險管理與保險系(備取); 國立高雄科技大學會計資訊系(備取)"
CAND_0291,114,nutc_acc,國立臺中科技大學,會計資訊系,國立臺中科技大學 會計資訊系,70090677,蘇*楹,備取,國立臺中科技大學,國立臺中科技大學會計資訊系,原校系/本校留任,2,"國立臺中科技大學會計資訊系(備取,分發); 國立高雄科技大學人力資源發展系(通過)"
CAND_0292,114,nutc_acc,國立臺中科技大學,會計資訊系,國立臺中科技大學 會計資訊系,61090957,—,備取,國立臺中科技大學,國立臺中科技大學會計資訊系,原校系/本校留任,2,"國立臺中科技大學會計資訊系(備取,分發); 國立雲林科技大學會計系(通過)"
CAND_0293,114,nutc_acc,國立臺中科技大學,會計資訊系,國立臺中科技大學 會計資訊系,65090341,*璇,備取,國立雲林科技大學,國立雲林科技大學會計系,其他學校錄取,4,"國立臺中科技大學會計資訊系(備取); 國立雲林科技大學會計系(備取,分發); 國立高雄科技大學企業管理系(正取); 國立高雄科技大學會計資訊系(備取)"
CAND_0294,114,nutc_acc,國立臺中科技大學,會計資訊系,國立臺中科技大學 會計資訊系,58090489,潘*朋,備取,—,—,未分發或放棄,3,國立臺中科技大學會計資訊系(備取); 國立雲林科技大學工業工程與管理系(通過); 國立雲林科技大學會計系(正取)
CAND_0295,114,nutc_acc,國立臺中科技大學,會計資訊系,國立臺中科技大學 會計資訊系,51090059,黄*鴻,備取,—,—,未分發或放棄,3,國立臺中科技大學會計資訊系(備取); 國立雲林科技大學會計系(通過); 國立屏東大學會計學系(正取)
CAND_0296,114,nutc_acc,國立臺中科技大學,會計資訊系,國立臺中科技大學 會計資訊系,61099902,陳*潔,備取,—,—,未分發或放棄,4,國立臺中科技大學會計資訊系(備取); 朝陽科技大學會計系(通過); 靜宜大學會計學系(通過); 亞洲大學會計與資訊學系(通過)
CAND_0297,114,nutc_acc,國立臺中科技大學,會計資訊系,國立臺中科技大學 會計資訊系,64090388,林*毅,備取,國立高雄科技大學,國立高雄科技大學商務資訊應用系(資安人才),其他學校錄取,2,"國立臺中科技大學會計資訊系(備取); 國立高雄科技大學商務資訊應用系(資安人才)(正取,分發)"
CAND_0298,114,nutc_acc,國立臺中科技大學,會計資訊系,國立臺中科技大學 會計資訊系,51090044,陳*庭,備取,國立臺北商業大學,國立臺北商業大學企業管理系(臺北校區),其他學校錄取,5,"國立臺中科技大學會計資訊系(通過); 國立雲林科技大學財務金融系(通過); 國立高雄科技大學企業管理系(通過); 國立高雄科技大學金融系(正取); 國立臺北商業大學企業管理系(臺北校區)(備取,分發)"
CAND_0299,114,nutc_acc,國立臺中科技大學,會計資訊系,國立臺中科技大學 會計資訊系,51090267,高*,備取,—,—,未分發或放棄,4,國立臺中科技大學會計資訊系(通過); 國立雲林科技大學會計系(備取); 國立虎尾科技大學財務金融系(通過); 國立臺北商業大學會計資訊系(臺北校區)(備取)
CAND_0300,114,nutc_acc,國立臺中科技大學,會計資訊系,國立臺中科技大學 會計資訊系,52090039,余*,備取,—,—,未分發或放棄,4,國立臺中科技大學會計資訊系(通過); 國立高雄科技大學資訊管理系(通過); 國立高雄科技大學金融資訊系(通過); 國立臺北護理健康大學資訊管理系(通過)
CAND_0301,114,nutc_acc,國立臺中科技大學,會計資訊系,國立臺中科技大學 會計資訊系,52090753,黄*,備取,國立高雄科技大學,國立高雄科技大學會計資訊系,其他學校錄取,2,"國立臺中科技大學會計資訊系(通過); 國立高雄科技大學會計資訊系(備取,分發)"
CAND_0302,114,nutc_acc,國立臺中科技大學,會計資訊系,國立臺中科技大學 會計資訊系,54090033,陳*融,備取,—,—,未分發或放棄,3,國立臺中科技大學會計資訊系(通過); 國立高雄科技大學航運管理系(通過); 國立虎尾科技大學財務金融系(通過)
CAND_0303,114,nutc_acc,國立臺中科技大學,會計資訊系,國立臺中科技大學 會計資訊系,55090309,林*,備取,銘傳大學,銘傳大學會計學系(台北校區),其他學校錄取,3,"國立臺中科技大學會計資訊系(通過); 國立雲林科技大學會計系(備取); 銘傳大學會計學系(台北校區)(正取,分發)"
CAND_0304,114,nutc_acc,國立臺中科技大學,會計資訊系,國立臺中科技大學 會計資訊系,56090370,林*穎,備取,國立臺北商業大學,國立臺北商業大學會計資訊系(臺北校區),其他學校錄取,4,"國立臺中科技大學會計資訊系(通過); 國立臺北護理健康大學高齡健康照護系(正取); 國立臺北護理健康大學健康事業管理系(正取); 國立臺北商業大學會計資訊系(臺北校區)(正取,分發)"
CAND_0305,114,nutc_acc,國立臺中科技大學,會計資訊系,國立臺中科技大學 會計資訊系,56090424,李*奕,備取,中原大學,中原大學會計學系,其他學校錄取,2,"國立臺中科技大學會計資訊系(通過); 中原大學會計學系(正取,分發)"
CAND_0306,114,nutc_acc,國立臺中科技大學,會計資訊系,國立臺中科技大學 會計資訊系,57090105,*婕,備取,中原大學,中原大學會計學系,其他學校錄取,4,"國立臺中科技大學會計資訊系(通過); 國立臺北商業大學財政稅務系(臺北校區)(備取); 中原大學會計學系(備取,分發); 逢甲大學財稅學系(正取)"
CAND_0307,114,nutc_acc,國立臺中科技大學,會計資訊系,國立臺中科技大學 會計資訊系,57090269,蘇*君,備取,國立雲林科技大學,國立雲林科技大學財務金融系,其他學校錄取,5,"國立臺中科技大學會計資訊系(通過); 國立雲林科技大學財務金融系(正取,分發); 國立雲林科技大學會計系(通過); 國立高雄科技大學金融系(正取); 國立高雄科技大學智慧商務系(通過)"
CAND_0308,114,nutc_acc,國立臺中科技大學,會計資訊系,國立臺中科技大學 會計資訊系,57090290,徐*有,備取,中原大學,中原大學會計學系,其他學校錄取,5,"國立臺中科技大學會計資訊系(通過); 國立高雄科技大學會計資訊系(通過); 中原大學國際經營與貿易學系(正取); 中原大學會計學系(正取,分發); 中原大學資訊管理學系(正取)"
CAND_0309,114,nutc_acc,國立臺中科技大學,會計資訊系,國立臺中科技大學 會計資訊系,57090333,*德,備取,中原大學,中原大學國際經營與貿易學系,其他學校錄取,3,"國立臺中科技大學會計資訊系(通過); 國立勤益科技大學工業工程與管理系(通過); 中原大學國際經營與貿易學系(正取,分發)"
CAND_0310,114,nutc_acc,國立臺中科技大學,會計資訊系,國立臺中科技大學 會計資訊系,57090342,陳*媗,備取,中原大學,中原大學會計學系,其他學校錄取,4,"國立臺中科技大學會計資訊系(通過); 中原大學會計學系(正取,分發); 中原大學資訊管理學系(備取); 銘傳大學會計學系(台北校區)(正取)"
CAND_0311,114,nutc_acc,國立臺中科技大學,會計資訊系,國立臺中科技大學 會計資訊系,57090794,黄*哲,備取,—,—,未分發或放棄,4,國立臺中科技大學會計資訊系(通過); 國立高雄科技大學金融系(通過); 國立高雄科技大學財政稅務系(通過); 國立臺北商業大學財政稅務系(臺北校區)(通過)
CAND_0312,114,nutc_acc,國立臺中科技大學,會計資訊系,國立臺中科技大學 會計資訊系,57090966,游*恩,備取,逢甲大學,逢甲大學會計學系,其他學校錄取,3,"國立臺中科技大學會計資訊系(通過); 國立高雄科技大學會計資訊系(通過); 逢甲大學會計學系(備取,分發)"
CAND_0313,114,nutc_acc,國立臺中科技大學,會計資訊系,國立臺中科技大學 會計資訊系,58090573,林*畇,備取,—,—,未分發或放棄,1,國立臺中科技大學會計資訊系(通過)
CAND_0314,114,nutc_acc,國立臺中科技大學,會計資訊系,國立臺中科技大學 會計資訊系,59090193,*琳,備取,—,—,未分發或放棄,2,國立臺中科技大學會計資訊系(通過); 國立雲林科技大學企業管理系(通過)
CAND_0315,114,nutc_acc,國立臺中科技大學,會計資訊系,國立臺中科技大學 會計資訊系,60090158,彭*誠,備取,—,—,未分發或放棄,3,國立臺中科技大學會計資訊系(通過); 國立虎尾科技大學企業管理系(通過); 國立虎尾科技大學財務金融系(通過)
CAND_0316,114,nutc_acc,國立臺中科技大學,會計資訊系,國立臺中科技大學 會計資訊系,61090508,張*潔,備取,國立高雄科技大學,國立高雄科技大學會計資訊系,其他學校錄取,3,"國立臺中科技大學會計資訊系(通過); 國立高雄科技大學會計資訊系(備取,分發); 靜宜大學會計學系(通過)"
CAND_0317,114,nutc_acc,國立臺中科技大學,會計資訊系,國立臺中科技大學 會計資訊系,61090547,賴*順,備取,—,—,未分發或放棄,1,國立臺中科技大學會計資訊系(通過)
CAND_0318,114,nutc_acc,國立臺中科技大學,會計資訊系,國立臺中科技大學 會計資訊系,61090585,何*,備取,逢甲大學,逢甲大學會計學系,其他學校錄取,5,"國立臺中科技大學會計資訊系(通過); 國立雲林科技大學會計系(通過); 逢甲大學會計學系(正取,分發); 逢甲大學財稅學系(通過); 逢甲大學財務金融學系(通過)"
CAND_0319,114,nutc_acc,國立臺中科技大學,會計資訊系,國立臺中科技大學 會計資訊系,61090619,*瑛,備取,—,—,未分發或放棄,2,國立臺中科技大學會計資訊系(通過); 國立虎尾科技大學財務金融系(通過)
CAND_0320,114,nutc_acc,國立臺中科技大學,會計資訊系,國立臺中科技大學 會計資訊系,61090691,林*真,備取,—,—,未分發或放棄,3,國立臺中科技大學會計資訊系(通過); 國立雲林科技大學會計系(備取); 國立高雄科技大學行銷與流通管理系(通過)
CAND_0321,114,nutc_acc,國立臺中科技大學,會計資訊系,國立臺中科技大學 會計資訊系,61090819,張*亦,備取,—,—,未分發或放棄,4,國立臺中科技大學會計資訊系(通過); 國立高雄科技大學行銷與流通管理系(通過); 國立高雄科技大學會計資訊系(通過); 國立虎尾科技大學財務金融系(通過)
CAND_0322,114,nutc_acc,國立臺中科技大學,會計資訊系,國立臺中科技大學 會計資訊系,61090999,潘*淳,備取,國立高雄科技大學,國立高雄科技大學航運管理系,其他學校錄取,6,"國立臺中科技大學會計資訊系(通過); 國立雲林科技大學國際管理學士學位學程(通過); 國立高雄科技大學國際企業系(通過); 國立高雄科技大學財政稅務系(通過); 國立高雄科技大學航運管理系(正取,分發); 國立臺北商業大學國際商務系(臺北校區)(正取)"
CAND_0323,114,nutc_acc,國立臺中科技大學,會計資訊系,國立臺中科技大學 會計資訊系,61091001,賴*婷,備取,—,—,未分發或放棄,2,國立臺中科技大學會計資訊系(通過); 中原大學會計學系(通過)
CAND_0324,114,nutc_acc,國立臺中科技大學,會計資訊系,國立臺中科技大學 會計資訊系,61091077,邱*菘,備取,—,—,未分發或放棄,2,國立臺中科技大學會計資訊系(通過); 國立高雄科技大學財務管理系(通過)
CAND_0325,114,nutc_acc,國立臺中科技大學,會計資訊系,國立臺中科技大學 會計資訊系,61091657,陳*女,備取,國立雲林科技大學,國立雲林科技大學會計系,其他學校錄取,3,"國立臺中科技大學會計資訊系(通過); 國立雲林科技大學會計系(正取,分發); 國立臺北商業大學會計資訊系(臺北校區)(正取)"
CAND_0326,114,nutc_acc,國立臺中科技大學,會計資訊系,國立臺中科技大學 會計資訊系,63090017,林*恩,備取,國立勤益科技大學,國立勤益科技大學企業管理系,其他學校錄取,2,"國立臺中科技大學會計資訊系(通過); 國立勤益科技大學企業管理系(備取,分發)"
CAND_0327,114,nutc_acc,國立臺中科技大學,會計資訊系,國立臺中科技大學 會計資訊系,64090012,林*如,備取,—,—,未分發或放棄,3,國立臺中科技大學會計資訊系(通過); 國立雲林科技大學會計系(備取); 國立高雄科技大學會計資訊系(通過)
CAND_0328,114,nutc_acc,國立臺中科技大學,會計資訊系,國立臺中科技大學 會計資訊系,64090049,唐*佑,備取,—,—,未分發或放棄,4,國立臺中科技大學會計資訊系(通過); 國立虎尾科技大學資訊管理系(通過); 國立虎尾科技大學企業管理系(通過); 國立勤益科技大學資訊管理系(通過)
CAND_0329,114,nutc_acc,國立臺中科技大學,會計資訊系,國立臺中科技大學 會計資訊系,64090056,陳*璇,備取,國立雲林科技大學,國立雲林科技大學會計系,其他學校錄取,4,"國立臺中科技大學會計資訊系(通過); 國立雲林科技大學會計系(正取,分發); 國立高雄科技大學會計資訊系(通過); 逢甲大學會計學系(通過)"
CAND_0330,114,nutc_acc,國立臺中科技大學,會計資訊系,國立臺中科技大學 會計資訊系,64090063,柯*愷,備取,—,—,未分發或放棄,5,國立臺中科技大學會計資訊系(通過); 國立高雄科技大學金融系(通過); 國立高雄科技大學會計資訊系(通過); 國立高雄科技大學財政稅務系(通過); 逢甲大學會計學系(通過)
CAND_0331,114,nutc_acc,國立臺中科技大學,會計資訊系,國立臺中科技大學 會計資訊系,64090083,葵*翔,備取,—,—,未分發或放棄,4,國立臺中科技大學會計資訊系(通過); 國立雲林科技大學企業管理系(通過); 國立雲林科技大學會計系(通過); 國立高雄科技大學財政稅務系(通過)
CAND_0332,114,nutc_acc,國立臺中科技大學,會計資訊系,國立臺中科技大學 會計資訊系,64090374,柯*岑,備取,—,—,未分發或放棄,3,國立臺中科技大學會計資訊系(通過); 國立高雄科技大學金融系(通過); 國立臺北商業大學會計資訊系(臺北校區)(備取)
CAND_0333,114,nutc_acc,國立臺中科技大學,會計資訊系,國立臺中科技大學 會計資訊系,65090129,賴*臻,備取,—,—,未分發或放棄,3,國立臺中科技大學會計資訊系(通過); 國立虎尾科技大學工業管理系(通過); 國立虎尾科技大學財務金融系(通過)
CAND_0334,114,nutc_acc,國立臺中科技大學,會計資訊系,國立臺中科技大學 會計資訊系,66090011,陳*達,備取,國立雲林科技大學,國立雲林科技大學會計系,其他學校錄取,4,"國立臺中科技大學會計資訊系(通過); 國立雲林科技大學會計系(正取,分發); 國立高雄科技大學會計資訊系(正取); 國立臺北商業大學會計資訊系(臺北校區)(備取)"
CAND_0335,114,nutc_acc,國立臺中科技大學,會計資訊系,國立臺中科技大學 會計資訊系,68090086,*驍,備取,—,—,未分發或放棄,4,國立臺中科技大學會計資訊系(通過); 國立雲林科技大學工業工程與管理系(通過); 國立高雄科技大學工業工程與管理系(通過); 國立高雄科技大學金融資訊系(通過)
CAND_0336,114,nutc_acc,國立臺中科技大學,會計資訊系,國立臺中科技大學 會計資訊系,68090170,楊*小,備取,—,—,未分發或放棄,1,國立臺中科技大學會計資訊系(通過)
CAND_0337,114,nutc_acc,國立臺中科技大學,會計資訊系,國立臺中科技大學 會計資訊系,68090469,歐*妤,備取,—,—,未分發或放棄,3,國立臺中科技大學會計資訊系(通過); 國立高雄科技大學會計資訊系(通過); 國立虎尾科技大學工業管理系(通過)
CAND_0338,114,nutc_acc,國立臺中科技大學,會計資訊系,國立臺中科技大學 會計資訊系,68090710,鄭*媗,備取,國立高雄科技大學,國立高雄科技大學會計資訊系,其他學校錄取,2,"國立臺中科技大學會計資訊系(通過); 國立高雄科技大學會計資訊系(正取,分發)"
CAND_0339,114,nutc_acc,國立臺中科技大學,會計資訊系,國立臺中科技大學 會計資訊系,68530032,林*,備取,國立高雄科技大學,國立高雄科技大學會計資訊系,其他學校錄取,3,"國立臺中科技大學會計資訊系(通過); 國立雲林科技大學會計系(備取); 國立高雄科技大學會計資訊系(正取,分發)"
CAND_0340,114,nutc_acc,國立臺中科技大學,會計資訊系,國立臺中科技大學 會計資訊系,68530040,謝*聿,備取,國立高雄科技大學,國立高雄科技大學會計資訊系,其他學校錄取,4,"國立臺中科技大學會計資訊系(通過); 國立高雄科技大學金融系(正取); 國立高雄科技大學會計資訊系(正取,分發); 國立高雄科技大學財政稅務系(正取)"
CAND_0341,114,nutc_acc,國立臺中科技大學,會計資訊系,國立臺中科技大學 會計資訊系,70090122,黄*唧,備取,—,—,未分發或放棄,4,國立臺中科技大學會計資訊系(通過); 國立高雄科技大學會計資訊系(通過); 國立屏東大學會計學系(通過); 國立屏東大學資訊管理學系(通過)
CAND_0342,114,nutc_acc,國立臺中科技大學,會計資訊系,國立臺中科技大學 會計資訊系,70090129,*伶,備取,國立屏東大學,國立屏東大學財務金融學系,其他學校錄取,4,"國立臺中科技大學會計資訊系(通過); 國立高雄科技大學會計資訊系(備取); 國立屏東大學財務金融學系(正取,分發); 國立屏東大學會計學系(正取)"
CAND_0343,114,nutc_acc,國立臺中科技大學,會計資訊系,國立臺中科技大學 會計資訊系,70090241,黄*瑤,備取,—,—,未分發或放棄,3,國立臺中科技大學會計資訊系(通過); 國立高雄科技大學行銷與流通管理系(通過); 國立勤益科技大學企業管理系(通過)
CAND_0344,114,nutc_acc,國立臺中科技大學,會計資訊系,國立臺中科技大學 會計資訊系,70090246,陳*妤,備取,國立屏東大學,國立屏東大學會計學系,其他學校錄取,3,"國立臺中科技大學會計資訊系(通過); 國立屏東大學會計學系(備取,分發); 國立屏東大學不動產經營學系(通過)"
CAND_0345,114,nutc_acc,國立臺中科技大學,會計資訊系,國立臺中科技大學 會計資訊系,70090378,吳*,備取,—,—,未分發或放棄,6,國立臺中科技大學會計資訊系(通過); 國立高雄科技大學金融系(通過); 國立高雄科技大學會計資訊系(通過); 國立虎尾科技大學財務金融系(通過); 國立屏東大學財務金融學系(通過); 國立屏東大學會計學系(通過)
CAND_0346,114,nutc_acc,國立臺中科技大學,會計資訊系,國立臺中科技大學 會計資訊系,70090434,黄*翔,備取,國立高雄科技大學,國立高雄科技大學會計資訊系,其他學校錄取,3,"國立臺中科技大學會計資訊系(通過); 國立高雄科技大學會計資訊系(正取,分發); 國立高雄科技大學金融資訊系(通過)"
CAND_0347,114,nutc_acc,國立臺中科技大學,會計資訊系,國立臺中科技大學 會計資訊系,70090637,陳*哲,備取,國立高雄科技大學,國立高雄科技大學金融系,其他學校錄取,6,"國立臺中科技大學會計資訊系(通過); 國立高雄科技大學金融系(備取,分發); 國立高雄科技大學會計資訊系(通過); 國立高雄科技大學財政稅務系(正取); 國立虎尾科技大學財務金融系(通過); 國立臺北商業大學財政稅務系(臺北校區)(備取)"
CAND_0348,114,nutc_acc,國立臺中科技大學,會計資訊系,國立臺中科技大學 會計資訊系,70090650,蘇*永,備取,—,—,未分發或放棄,4,國立臺中科技大學會計資訊系(通過); 國立雲林科技大學會計系(通過); 國立臺北商業大學會計資訊系(臺北校區)(備取); 國立彰化師範大學財務金融技術學系(通過)
CAND_0349,114,nutc_acc,國立臺中科技大學,會計資訊系,國立臺中科技大學 會計資訊系,70090721,林*,備取,國立高雄科技大學,國立高雄科技大學金融系,其他學校錄取,4,"國立臺中科技大學會計資訊系(通過); 國立高雄科技大學資訊管理系(備取); 國立高雄科技大學金融系(備取,分發); 國立高雄科技大學財政稅務系(正取)"
CAND_0350,114,nutc_acc,國立臺中科技大學,會計資訊系,國立臺中科技大學 會計資訊系,70090729,張*紜,備取,國立高雄科技大學,國立高雄科技大學金融系,其他學校錄取,5,"國立臺中科技大學會計資訊系(通過); 國立高雄科技大學行銷與流通管理系(正取); 國立高雄科技大學金融系(正取,分發); 國立高雄科技大學財政稅務系(正取); 國立屏東大學財務金融學系(通過)"
CAND_0351,114,nutc_acc,國立臺中科技大學,會計資訊系,國立臺中科技大學 會計資訊系,70090905,鄭*恩,備取,—,—,未分發或放棄,2,國立臺中科技大學會計資訊系(通過); 國立臺北商業大學財政稅務系(臺北校區)(備取)
CAND_0352,114,nutc_acc,國立臺中科技大學,會計資訊系,國立臺中科技大學 會計資訊系,71090341,吳*穎,備取,國立高雄科技大學,國立高雄科技大學會計資訊系,其他學校錄取,3,"國立臺中科技大學會計資訊系(通過); 國立高雄科技大學會計資訊系(正取,分發); 國立高雄科技大學金融資訊系(通過)"
CAND_0353,113,nutc_acc,國立臺中科技大學,會計資訊系,國立臺中科技大學 會計資訊系,65090442,邱*翔,正取,國立臺中科技大學,國立臺中科技大學會計資訊系,原校系/本校留任,3,"國立臺中科技大學會計資訊系(正取,分發); 國立高雄科技大學會計資訊系(備取); 國立高雄科技大學財政稅務系(正取)"
CAND_0354,113,nutc_acc,國立臺中科技大學,會計資訊系,國立臺中科技大學 會計資訊系,67090012,林*伶,正取,國立高雄科技大學,國立高雄科技大學會計資訊系,其他學校錄取,4,"國立臺中科技大學會計資訊系(正取); 國立高雄科技大學資訊管理系(通過); 國立高雄科技大學會計資訊系(正取,分發); 國立高雄科技大學智慧商務系(正取)"
CAND_0355,113,nutc_acc,國立臺中科技大學,會計資訊系,國立臺中科技大學 會計資訊系,64090041,宋*楷,正取,國立雲林科技大學,國立雲林科技大學會計系,其他學校錄取,4,"國立臺中科技大學會計資訊系(正取); 國立雲林科技大學會計系(備取,分發); 國立高雄科技大學會計資訊系(正取); 國立臺北商業大學財政稅務系(臺北校區)(正取)"
CAND_0356,113,nutc_acc,國立臺中科技大學,會計資訊系,國立臺中科技大學 會計資訊系,65090165,黄*容,正取,國立臺中科技大學,國立臺中科技大學會計資訊系,原校系/本校留任,1,"國立臺中科技大學會計資訊系(正取,分發)"
CAND_0357,113,nutc_acc,國立臺中科技大學,會計資訊系,國立臺中科技大學 會計資訊系,65090209,*臻,正取,國立臺中科技大學,國立臺中科技大學會計資訊系,原校系/本校留任,3,"國立臺中科技大學會計資訊系(正取,分發); 國立雲林科技大學會計系(備取); 國立高雄科技大學會計資訊系(通過)"
CAND_0358,113,nutc_acc,國立臺中科技大學,會計資訊系,國立臺中科技大學 會計資訊系,73090098,吳*瑄,正取,逢甲大學,逢甲大學會計學系,其他學校錄取,4,"國立臺中科技大學會計資訊系(正取); 銘傳大學會計學系(台北校區)(通過); 實踐大學財務金融學系(臺北校區)(正取); 逢甲大學會計學系(正取,分發)"
CAND_0359,113,nutc_acc,國立臺中科技大學,會計資訊系,國立臺中科技大學 會計資訊系,61091471,楊*潔,正取,國立臺北商業大學,國立臺北商業大學會計資訊系(臺北校區),其他學校錄取,5,"國立臺中科技大學會計資訊系(正取); 國立雲林科技大學會計系(備取); 國立高雄科技大學會計資訊系(正取); 國立臺北商業大學會計資訊系(臺北校區)(備取,分發); 國立臺北商業大學財政稅務系(臺北校區)(正取)"
CAND_0360,113,nutc_acc,國立臺中科技大學,會計資訊系,國立臺中科技大學 會計資訊系,59090409,*婷,正取,國立雲林科技大學,國立雲林科技大學財務金融系,其他學校錄取,4,"國立臺中科技大學會計資訊系(正取); 國立雲林科技大學財務金融系(備取,分發); 國立高雄科技大學金融系(正取); 國立高雄科技大學會計資訊系(正取)"
CAND_0361,113,nutc_acc,國立臺中科技大學,會計資訊系,國立臺中科技大學 會計資訊系,68090458,郭*豪,正取,國立高雄科技大學,國立高雄科技大學會計資訊系,其他學校錄取,4,"國立臺中科技大學會計資訊系(正取); 國立高雄科技大學金融系(備取); 國立高雄科技大學會計資訊系(正取,分發); 國立高雄科技大學金融資訊系(正取)"
CAND_0362,113,nutc_acc,國立臺中科技大學,會計資訊系,國立臺中科技大學 會計資訊系,69090078,向*羽,正取,國立臺中科技大學,國立臺中科技大學會計資訊系,原校系/本校留任,1,"國立臺中科技大學會計資訊系(正取,分發)"
CAND_0363,113,nutc_acc,國立臺中科技大學,會計資訊系,國立臺中科技大學 會計資訊系,64090589,李*,正取,國立臺中科技大學,國立臺中科技大學會計資訊系,原校系/本校留任,3,"國立臺中科技大學會計資訊系(正取,分發); 國立高雄科技大學會計資訊系(正取); 國立屏東大學會計學系(正取)"
CAND_0364,113,nutc_acc,國立臺中科技大學,會計資訊系,國立臺中科技大學 會計資訊系,57090495,郭*祥,正取,—,—,未分發或放棄,1,國立臺中科技大學會計資訊系(正取)
CAND_0365,113,nutc_acc,國立臺中科技大學,會計資訊系,國立臺中科技大學 會計資訊系,64090161,*靜,正取,國立臺中科技大學,國立臺中科技大學會計資訊系,原校系/本校留任,2,"國立臺中科技大學會計資訊系(正取,分發); 國立高雄科技大學企業管理系(通過)"
CAND_0366,113,nutc_acc,國立臺中科技大學,會計資訊系,國立臺中科技大學 會計資訊系,66090050,*晨,正取,國立臺中科技大學,國立臺中科技大學會計資訊系,原校系/本校留任,4,"國立臺中科技大學會計資訊系(正取,分發); 國立高雄科技大學會計資訊系(正取); 國立臺北商業大學會計資訊系(臺北校區)(備取); 國立彰化師範大學財務金融技術學系(正取)"
CAND_0367,113,nutc_acc,國立臺中科技大學,會計資訊系,國立臺中科技大學 會計資訊系,64090312,郭*,正取,—,—,未分發或放棄,4,國立臺中科技大學會計資訊系(正取); 國立雲林科技大學資訊管理系(通過); 國立雲林科技大學會計系(備取); 國立高雄科技大學會計資訊系(正取)
CAND_0368,113,nutc_acc,國立臺中科技大學,會計資訊系,國立臺中科技大學 會計資訊系,57090875,彭*虹,正取,國立臺中科技大學,國立臺中科技大學會計資訊系,原校系/本校留任,4,"國立臺中科技大學會計資訊系(正取,分發); 國立高雄科技大學會計資訊系(通過); 國立高雄科技大學財政稅務系(通過); 中原大學會計學系(正取)"
CAND_0369,113,nutc_acc,國立臺中科技大學,會計資訊系,國立臺中科技大學 會計資訊系,61091769,*鉲,正取,逢甲大學,逢甲大學會計學系,其他學校錄取,2,"國立臺中科技大學會計資訊系(正取); 逢甲大學會計學系(正取,分發)"
CAND_0370,113,nutc_acc,國立臺中科技大學,會計資訊系,國立臺中科技大學 會計資訊系,61090515,*庭,正取,國立臺中科技大學,國立臺中科技大學會計資訊系,原校系/本校留任,1,"國立臺中科技大學會計資訊系(正取,分發)"
CAND_0371,113,nutc_acc,國立臺中科技大學,會計資訊系,國立臺中科技大學 會計資訊系,61091106,吳*,正取,國立臺中科技大學,國立臺中科技大學會計資訊系,原校系/本校留任,3,"國立臺中科技大學會計資訊系(正取,分發); 國立高雄科技大學會計資訊系(通過); 國立勤益科技大學工業工程與管理系(通過)"
CAND_0372,113,nutc_acc,國立臺中科技大學,會計資訊系,國立臺中科技大學 會計資訊系,69090097,陳*,正取,—,—,未分發或放棄,4,國立臺中科技大學會計資訊系(正取); 國立雲林科技大學會計系(通過); 國立高雄科技大學金融系(通過); 國立高雄科技大學財政稅務系(通過)
CAND_0373,113,nutc_acc,國立臺中科技大學,會計資訊系,國立臺中科技大學 會計資訊系,61091246,姚*勛,正取,國立臺中科技大學,國立臺中科技大學會計資訊系,原校系/本校留任,3,"國立臺中科技大學會計資訊系(正取,分發); 國立高雄科技大學會計資訊系(通過); 國立勤益科技大學流通管理系(正取)"
CAND_0374,113,nutc_acc,國立臺中科技大學,會計資訊系,國立臺中科技大學 會計資訊系,65090319,—,正取,—,—,未分發或放棄,1,國立臺中科技大學會計資訊系(正取)
CAND_0375,113,nutc_acc,國立臺中科技大學,會計資訊系,國立臺中科技大學 會計資訊系,61090901,張*妤,正取,國立高雄科技大學,國立高雄科技大學財政稅務系,其他學校錄取,2,"國立臺中科技大學會計資訊系(正取); 國立高雄科技大學財政稅務系(備取,分發)"
CAND_0376,113,nutc_acc,國立臺中科技大學,會計資訊系,國立臺中科技大學 會計資訊系,61090989,李*翊,正取,國立雲林科技大學,國立雲林科技大學會計系,其他學校錄取,4,"國立臺中科技大學會計資訊系(正取); 國立雲林科技大學會計系(備取,分發); 國立高雄科技大學金融系(正取); 國立高雄科技大學會計資訊系(正取)"
CAND_0377,113,nutc_acc,國立臺中科技大學,會計資訊系,國立臺中科技大學 會計資訊系,61090922,黄*倫,正取,—,—,未分發或放棄,1,國立臺中科技大學會計資訊系(正取)
CAND_0378,113,nutc_acc,國立臺中科技大學,會計資訊系,國立臺中科技大學 會計資訊系,73090327,黄*綜,正取,國立臺中科技大學,國立臺中科技大學會計資訊系,原校系/本校留任,3,"國立臺中科技大學會計資訊系(正取,分發); 國立高雄科技大學資訊管理系(通過); 國立勤益科技大學資訊管理系(通過)"
CAND_0379,113,nutc_acc,國立臺中科技大學,會計資訊系,國立臺中科技大學 會計資訊系,64090335,沈*,正取,逢甲大學,逢甲大學財稅學系,其他學校錄取,6,"國立臺中科技大學會計資訊系(正取); 國立高雄科技大學會計資訊系(備取); 國立高雄科技大學財政稅務系(正取); 國立高雄科技大學智慧商務系(備取); 逢甲大學財稅學系(正取,分發); 逢甲大學會計學系(正取)"
CAND_0380,113,nutc_acc,國立臺中科技大學,會計資訊系,國立臺中科技大學 會計資訊系,61091360,陳*佑,正取,國立高雄科技大學,國立高雄科技大學會計資訊系,其他學校錄取,2,"國立臺中科技大學會計資訊系(正取); 國立高雄科技大學會計資訊系(備取,分發)"
CAND_0381,113,nutc_acc,國立臺中科技大學,會計資訊系,國立臺中科技大學 會計資訊系,67090282,陳*倫,正取,國立雲林科技大學,國立雲林科技大學會計系,其他學校錄取,4,"國立臺中科技大學會計資訊系(正取); 國立雲林科技大學會計系(正取,分發); 國立高雄科技大學會計資訊系(通過); 國立高雄科技大學財政稅務系(通過)"
CAND_0382,113,nutc_acc,國立臺中科技大學,會計資訊系,國立臺中科技大學 會計資訊系,63090385,黄*諿,正取,國立臺中科技大學,國立臺中科技大學會計資訊系,原校系/本校留任,2,"國立臺中科技大學會計資訊系(正取,分發); 國立虎尾科技大學工業管理系(通過)"
CAND_0383,113,nutc_acc,國立臺中科技大學,會計資訊系,國立臺中科技大學 會計資訊系,73090014,黄*嫚,正取,逢甲大學,逢甲大學會計學系,其他學校錄取,4,"國立臺中科技大學會計資訊系(正取); 國立勤益科技大學企業管理系(正取); 銘傳大學企業管理學系(台北校區)(備取); 逢甲大學會計學系(正取,分發)"
CAND_0384,113,nutc_acc,國立臺中科技大學,會計資訊系,國立臺中科技大學 會計資訊系,64090422,郭*原,正取,—,—,未分發或放棄,1,國立臺中科技大學會計資訊系(正取)
CAND_0385,113,nutc_acc,國立臺中科技大學,會計資訊系,國立臺中科技大學 會計資訊系,57090634,*昕,正取,國立臺中科技大學,國立臺中科技大學會計資訊系,原校系/本校留任,2,"國立臺中科技大學會計資訊系(正取,分發); 致理科技大學會計資訊系(通過)"
CAND_0386,113,nutc_acc,國立臺中科技大學,會計資訊系,國立臺中科技大學 會計資訊系,71090329,陳*伶,正取,國立高雄科技大學,國立高雄科技大學會計資訊系,其他學校錄取,6,"國立臺中科技大學會計資訊系(正取); 國立高雄科技大學金融系(正取); 國立高雄科技大學會計資訊系(正取,分發); 國立高雄科技大學財政稅務系(正取); 國立屏東大學財務金融學系(通過); 國立屏東大學會計學系(正取)"
CAND_0387,113,nutc_acc,國立臺中科技大學,會計資訊系,國立臺中科技大學 會計資訊系,64090482,林*驊,正取,國立臺中科技大學,國立臺中科技大學會計資訊系,原校系/本校留任,2,"國立臺中科技大學會計資訊系(正取,分發); 國立臺北商業大學商業設計管理系(桃園校區)(通過)"
CAND_0388,113,nutc_acc,國立臺中科技大學,會計資訊系,國立臺中科技大學 會計資訊系,54090305,—,正取,國立臺中科技大學,國立臺中科技大學會計資訊系,原校系/本校留任,1,"國立臺中科技大學會計資訊系(正取,分發)"
CAND_0389,113,nutc_acc,國立臺中科技大學,會計資訊系,國立臺中科技大學 會計資訊系,65090189,李*蓉,正取,國立臺中科技大學,國立臺中科技大學會計資訊系,原校系/本校留任,2,"國立臺中科技大學會計資訊系(正取,分發); 國立高雄科技大學會計資訊系(通過)"
CAND_0390,113,nutc_acc,國立臺中科技大學,會計資訊系,國立臺中科技大學 會計資訊系,57091045,袁*,正取,中原大學,中原大學會計學系,其他學校錄取,2,"國立臺中科技大學會計資訊系(正取); 中原大學會計學系(備取,分發)"
CAND_0391,113,nutc_acc,國立臺中科技大學,會計資訊系,國立臺中科技大學 會計資訊系,57090537,趙*,正取,國立臺中科技大學,國立臺中科技大學會計資訊系,原校系/本校留任,2,"國立臺中科技大學會計資訊系(正取,分發); 國立高雄科技大學會計資訊系(正取)"
CAND_0392,113,nutc_acc,國立臺中科技大學,會計資訊系,國立臺中科技大學 會計資訊系,61090360,葉*有,正取,國立臺中科技大學,國立臺中科技大學會計資訊系,原校系/本校留任,1,"國立臺中科技大學會計資訊系(正取,分發)"
CAND_0393,113,nutc_acc,國立臺中科技大學,會計資訊系,國立臺中科技大學 會計資訊系,68090326,林*璇,正取,國立高雄科技大學,國立高雄科技大學會計資訊系,其他學校錄取,2,"國立臺中科技大學會計資訊系(正取); 國立高雄科技大學會計資訊系(正取,分發)"
CAND_0394,113,nutc_acc,國立臺中科技大學,會計資訊系,國立臺中科技大學 會計資訊系,56090276,鄭*,正取,國立臺中科技大學,國立臺中科技大學會計資訊系,原校系/本校留任,1,"國立臺中科技大學會計資訊系(正取,分發)"
CAND_0395,113,nutc_acc,國立臺中科技大學,會計資訊系,國立臺中科技大學 會計資訊系,52090833,賴*彤,正取,國立臺中科技大學,國立臺中科技大學會計資訊系,原校系/本校留任,3,"國立臺中科技大學會計資訊系(正取,分發); 國立高雄科技大學會計資訊系(通過); 國立高雄科技大學財政稅務系(通過)"
CAND_0396,113,nutc_acc,國立臺中科技大學,會計資訊系,國立臺中科技大學 會計資訊系,63090102,林*縈,正取,國立臺中科技大學,國立臺中科技大學會計資訊系,原校系/本校留任,1,"國立臺中科技大學會計資訊系(正取,分發)"
CAND_0397,113,nutc_acc,國立臺中科技大學,會計資訊系,國立臺中科技大學 會計資訊系,61090079,張*,正取,國立高雄科技大學,國立高雄科技大學會計資訊系,其他學校錄取,4,"國立臺中科技大學會計資訊系(正取); 國立高雄科技大學會計資訊系(正取,分發); 國立虎尾科技大學資訊管理系(通過); 亞洲大學會計與資訊學系(正取)"
CAND_0398,113,nutc_acc,國立臺中科技大學,會計資訊系,國立臺中科技大學 會計資訊系,64090062,姚*靜,正取,國立臺中科技大學,國立臺中科技大學會計資訊系,原校系/本校留任,3,"國立臺中科技大學會計資訊系(正取,分發); 朝陽科技大學會計系(正取); 國立屏東大學會計學系(正取)"
CAND_0399,113,nutc_acc,國立臺中科技大學,會計資訊系,國立臺中科技大學 會計資訊系,55090023,葵*女,正取,國立臺中科技大學,國立臺中科技大學會計資訊系,原校系/本校留任,4,"國立臺中科技大學會計資訊系(正取,分發); 國立臺北護理健康大學資訊管理系(通過); 致理科技大學財務金融系(通過); 實踐大學財務金融學系(臺北校區)(備取)"
CAND_0400,113,nutc_acc,國立臺中科技大學,會計資訊系,國立臺中科技大學 會計資訊系,63090098,陳*羽,正取,國立臺中科技大學,國立臺中科技大學會計資訊系,原校系/本校留任,1,"國立臺中科技大學會計資訊系(正取,分發)"
CAND_0401,113,nutc_acc,國立臺中科技大學,會計資訊系,國立臺中科技大學 會計資訊系,58090129,—,正取,國立臺北護理健康大學,國立臺北護理健康大學資訊管理系,其他學校錄取,3,"國立臺中科技大學會計資訊系(正取); 國立臺北護理健康大學資訊管理系(正取,分發); 逢甲大學國際經營與貿易學系(正取)"
CAND_0402,113,nutc_acc,國立臺中科技大學,會計資訊系,國立臺中科技大學 會計資訊系,61091391,林*,正取,國立臺中科技大學,國立臺中科技大學會計資訊系,原校系/本校留任,1,"國立臺中科技大學會計資訊系(正取,分發)"
CAND_0403,113,nutc_acc,國立臺中科技大學,會計資訊系,國立臺中科技大學 會計資訊系,60090181,林*芩,正取,國立高雄科技大學,國立高雄科技大學會計資訊系,其他學校錄取,2,"國立臺中科技大學會計資訊系(正取); 國立高雄科技大學會計資訊系(正取,分發)"
CAND_0404,113,nutc_acc,國立臺中科技大學,會計資訊系,國立臺中科技大學 會計資訊系,69090101,黄*惠,正取,國立臺中科技大學,國立臺中科技大學會計資訊系,原校系/本校留任,1,"國立臺中科技大學會計資訊系(正取,分發)"
CAND_0405,113,nutc_acc,國立臺中科技大學,會計資訊系,國立臺中科技大學 會計資訊系,70090018,曹*愷,正取,國立高雄科技大學,國立高雄科技大學會計資訊系,其他學校錄取,3,"國立臺中科技大學會計資訊系(正取); 國立高雄科技大學風險管理與保險系(正取); 國立高雄科技大學會計資訊系(正取,分發)"
CAND_0406,113,nutc_acc,國立臺中科技大學,會計資訊系,國立臺中科技大學 會計資訊系,61091191,吳*妮,正取,國立高雄科技大學,國立高雄科技大學財政稅務系,其他學校錄取,3,"國立臺中科技大學會計資訊系(正取); 國立高雄科技大學財政稅務系(正取,分發); 國立臺北商業大學商業設計管理系(桃園校區)(正取)"
CAND_0407,113,nutc_acc,國立臺中科技大學,會計資訊系,國立臺中科技大學 會計資訊系,74090110,吳*,正取,國立臺北商業大學,國立臺北商業大學會計資訊系(臺北校區),其他學校錄取,5,"國立臺中科技大學會計資訊系(正取); 國立高雄科技大學會計資訊系(通過); 國立臺北商業大學會計資訊系(臺北校區)(備取,分發); 中原大學會計學系(通過); 逢甲大學會計學系(正取)"
CAND_0408,113,nutc_acc,國立臺中科技大學,會計資訊系,國立臺中科技大學 會計資訊系,74090197,張*恩,正取,致理科技大學,致理科技大學會計資訊系,其他學校錄取,5,"國立臺中科技大學會計資訊系(正取); 國立雲林科技大學財務金融系(通過); 致理科技大學會計資訊系(正取,分發); 國立屏東大學會計學系(正取); 銘傳大學會計學系(台北校區)(備取)"
CAND_0409,113,nutc_acc,國立臺中科技大學,會計資訊系,國立臺中科技大學 會計資訊系,55090222,李*育,正取,國立臺中科技大學,國立臺中科技大學會計資訊系,原校系/本校留任,2,"國立臺中科技大學會計資訊系(正取,分發); 銘傳大學會計學系(台北校區)(正取)"
CAND_0410,113,nutc_acc,國立臺中科技大學,會計資訊系,國立臺中科技大學 會計資訊系,64090113,張*榛,正取,國立臺中科技大學,國立臺中科技大學會計資訊系,原校系/本校留任,6,"國立臺中科技大學會計資訊系(正取,分發); 國立雲林科技大學會計系(備取); 國立高雄科技大學會計資訊系(通過); 國立高雄科技大學金融資訊系(通過); 國立虎尾科技大學財務金融系(通過); 國立勤益科技大學企業管理系(通過)"
CAND_0411,113,nutc_acc,國立臺中科技大學,會計資訊系,國立臺中科技大學 會計資訊系,56090465,*諾,備取,國立臺中科技大學,國立臺中科技大學會計資訊系,原校系/本校留任,3,"國立臺中科技大學會計資訊系(備取,分發); 國立高雄科技大學會計資訊系(通過); 國立屏東大學會計學系(正取)"
CAND_0412,113,nutc_acc,國立臺中科技大學,會計資訊系,國立臺中科技大學 會計資訊系,64090289,高*瑄,備取,國立臺中科技大學,國立臺中科技大學會計資訊系,原校系/本校留任,1,"國立臺中科技大學會計資訊系(備取,分發)"
CAND_0413,113,nutc_acc,國立臺中科技大學,會計資訊系,國立臺中科技大學 會計資訊系,57090360,葉*謙,備取,國立高雄科技大學,國立高雄科技大學會計資訊系,其他學校錄取,3,"國立臺中科技大學會計資訊系(備取); 國立高雄科技大學資訊管理系(備取); 國立高雄科技大學會計資訊系(正取,分發)"
CAND_0414,113,nutc_acc,國立臺中科技大學,會計資訊系,國立臺中科技大學 會計資訊系,61090148,林*芬,備取,國立臺中科技大學,國立臺中科技大學會計資訊系,原校系/本校留任,3,"國立臺中科技大學會計資訊系(備取,分發); 朝陽科技大學會計系(正取); 靜宜大學會計學系(正取)"
CAND_0415,113,nutc_acc,國立臺中科技大學,會計資訊系,國立臺中科技大學 會計資訊系,61090027,張*,備取,國立臺中科技大學,國立臺中科技大學會計資訊系,原校系/本校留任,2,"國立臺中科技大學會計資訊系(備取,分發); 國立高雄科技大學會計資訊系(正取)"
CAND_0416,113,nutc_acc,國立臺中科技大學,會計資訊系,國立臺中科技大學 會計資訊系,65090109,*廷,備取,國立臺中科技大學,國立臺中科技大學會計資訊系,原校系/本校留任,2,"國立臺中科技大學會計資訊系(備取,分發); 國立勤益科技大學工業工程與管理系(通過)"
CAND_0417,113,nutc_acc,國立臺中科技大學,會計資訊系,國立臺中科技大學 會計資訊系,69090023,翁*妤,備取,國立臺中科技大學,國立臺中科技大學會計資訊系,原校系/本校留任,1,"國立臺中科技大學會計資訊系(備取,分發)"
CAND_0418,113,nutc_acc,國立臺中科技大學,會計資訊系,國立臺中科技大學 會計資訊系,65090096,黄*墉,備取,國立臺中科技大學,國立臺中科技大學會計資訊系,原校系/本校留任,4,"國立臺中科技大學會計資訊系(備取,分發); 國立虎尾科技大學資訊工程系(通過); 國立虎尾科技大學工業管理系(通過); 國立勤益科技大學工業工程與管理系(通過)"
CAND_0419,113,nutc_acc,國立臺中科技大學,會計資訊系,國立臺中科技大學 會計資訊系,63090321,許*,備取,國立臺中科技大學,國立臺中科技大學會計資訊系,原校系/本校留任,4,"國立臺中科技大學會計資訊系(備取,分發); 國立虎尾科技大學企業管理系(通過); 國立屏東大學會計學系(正取); 銘傳大學會計學系(台北校區)(通過)"
CAND_0420,113,nutc_acc,國立臺中科技大學,會計資訊系,國立臺中科技大學 會計資訊系,68090197,*翔,備取,國立臺中科技大學,國立臺中科技大學會計資訊系,原校系/本校留任,2,"國立臺中科技大學會計資訊系(備取,分發); 國立高雄科技大學會計資訊系(通過)"
CAND_0421,113,nutc_acc,國立臺中科技大學,會計資訊系,國立臺中科技大學 會計資訊系,61090897,吳*璦,備取,—,—,未分發或放棄,2,國立臺中科技大學會計資訊系(備取); 國立雲林科技大學企業管理系(通過)
CAND_0422,113,nutc_acc,國立臺中科技大學,會計資訊系,國立臺中科技大學 會計資訊系,64090157,徐*駖,備取,國立高雄科技大學,國立高雄科技大學會計資訊系,其他學校錄取,2,"國立臺中科技大學會計資訊系(備取); 國立高雄科技大學會計資訊系(備取,分發)"
CAND_0423,113,nutc_acc,國立臺中科技大學,會計資訊系,國立臺中科技大學 會計資訊系,61090643,陳*瑄,備取,逢甲大學,逢甲大學會計學系,其他學校錄取,3,"國立臺中科技大學會計資訊系(備取); 國立高雄科技大學會計資訊系(備取); 逢甲大學會計學系(備取,分發)"
CAND_0424,113,nutc_acc,國立臺中科技大學,會計資訊系,國立臺中科技大學 會計資訊系,73090310,吳*紜,備取,國立臺中科技大學,國立臺中科技大學會計資訊系,原校系/本校留任,1,"國立臺中科技大學會計資訊系(備取,分發)"
CAND_0425,113,nutc_acc,國立臺中科技大學,會計資訊系,國立臺中科技大學 會計資訊系,60090323,宋*芳,備取,國立虎尾科技大學,國立虎尾科技大學財務金融系,其他學校錄取,4,"國立臺中科技大學會計資訊系(備取); 國立虎尾科技大學企業管理系(正取); 國立虎尾科技大學財務金融系(備取,分發); 中原大學會計學系(備取)"
CAND_0426,113,nutc_acc,國立臺中科技大學,會計資訊系,國立臺中科技大學 會計資訊系,63090130,葵*顬,備取,國立臺中科技大學,國立臺中科技大學會計資訊系,原校系/本校留任,2,"國立臺中科技大學會計資訊系(備取,分發); 國立虎尾科技大學財務金融系(通過)"
CAND_0427,113,nutc_acc,國立臺中科技大學,會計資訊系,國立臺中科技大學 會計資訊系,60090178,陳*靜,備取,—,—,未分發或放棄,2,國立臺中科技大學會計資訊系(備取); 國立高雄科技大學會計資訊系(正取)
CAND_0428,113,nutc_acc,國立臺中科技大學,會計資訊系,國立臺中科技大學 會計資訊系,61091299,—,備取,國立臺中科技大學,國立臺中科技大學會計資訊系,原校系/本校留任,2,"國立臺中科技大學會計資訊系(備取,分發); 國立虎尾科技大學財務金融系(通過)"
CAND_0429,113,nutc_acc,國立臺中科技大學,會計資訊系,國立臺中科技大學 會計資訊系,65090005,陳*靜,備取,國立高雄科技大學,國立高雄科技大學會計資訊系,其他學校錄取,6,"國立臺中科技大學會計資訊系(備取); 國立高雄科技大學資訊管理系(通過); 國立高雄科技大學會計資訊系(備取,分發); 國立虎尾科技大學資訊管理系(通過); 致理科技大學會計資訊系(通過); 靜宜大學會計學系(通過)"
CAND_0430,113,nutc_acc,國立臺中科技大學,會計資訊系,國立臺中科技大學 會計資訊系,70090541,顏*賢,備取,—,—,未分發或放棄,1,國立臺中科技大學會計資訊系(備取)
CAND_0431,113,nutc_acc,國立臺中科技大學,會計資訊系,國立臺中科技大學 會計資訊系,61090885,林*,備取,國立臺中科技大學,國立臺中科技大學會計資訊系,原校系/本校留任,1,"國立臺中科技大學會計資訊系(備取,分發)"
CAND_0432,113,nutc_acc,國立臺中科技大學,會計資訊系,國立臺中科技大學 會計資訊系,64090189,黄*陞,備取,國立屏東大學,國立屏東大學會計學系,其他學校錄取,3,"國立臺中科技大學會計資訊系(備取); 國立虎尾科技大學財務金融系(正取); 國立屏東大學會計學系(正取,分發)"
CAND_0433,113,nutc_acc,國立臺中科技大學,會計資訊系,國立臺中科技大學 會計資訊系,70091069,周*均,備取,國立高雄科技大學,國立高雄科技大學金融資訊系,其他學校錄取,4,"國立臺中科技大學會計資訊系(備取); 國立高雄科技大學會計資訊系(正取); 國立高雄科技大學金融資訊系(正取,分發); 國立屏東大學財務金融學系(通過)"
CAND_0434,113,nutc_acc,國立臺中科技大學,會計資訊系,國立臺中科技大學 會計資訊系,61090549,*妡,備取,國立臺中科技大學,國立臺中科技大學會計資訊系,原校系/本校留任,1,"國立臺中科技大學會計資訊系(備取,分發)"
CAND_0435,113,nutc_acc,國立臺中科技大學,會計資訊系,國立臺中科技大學 會計資訊系,60090063,維*妮,備取,國立臺中科技大學,國立臺中科技大學會計資訊系,原校系/本校留任,2,"國立臺中科技大學會計資訊系(備取,分發); 國立勤益科技大學流通管理系(正取)"
CAND_0436,113,nutc_acc,國立臺中科技大學,會計資訊系,國立臺中科技大學 會計資訊系,67090155,陳*臻,備取,—,—,未分發或放棄,1,國立臺中科技大學會計資訊系(備取)
CAND_0437,113,nutc_acc,國立臺中科技大學,會計資訊系,國立臺中科技大學 會計資訊系,61090288,*佑,備取,國立臺中科技大學,國立臺中科技大學會計資訊系,原校系/本校留任,1,"國立臺中科技大學會計資訊系(備取,分發)"
CAND_0438,113,nutc_acc,國立臺中科技大學,會計資訊系,國立臺中科技大學 會計資訊系,55090478,許*瑜,備取,國立臺中科技大學,國立臺中科技大學會計資訊系,原校系/本校留任,1,"國立臺中科技大學會計資訊系(備取,分發)"
CAND_0439,113,nutc_acc,國立臺中科技大學,會計資訊系,國立臺中科技大學 會計資訊系,69090040,蘇*寶,備取,國立臺中科技大學,國立臺中科技大學會計資訊系,原校系/本校留任,2,"國立臺中科技大學會計資訊系(備取,分發); 國立高雄科技大學航運管理系(通過)"
CAND_0440,113,nutc_acc,國立臺中科技大學,會計資訊系,國立臺中科技大學 會計資訊系,64090531,黄*崇,備取,國立臺中科技大學,國立臺中科技大學會計資訊系,原校系/本校留任,4,"國立臺中科技大學會計資訊系(備取,分發); 國立高雄科技大學人力資源發展系(通過); 國立高雄科技大學會計資訊系(通過); 國立虎尾科技大學企業管理系(通過)"
CAND_0441,113,nutc_acc,國立臺中科技大學,會計資訊系,國立臺中科技大學 會計資訊系,006069,童*齊,備取,國立臺中科技大學,國立臺中科技大學會計資訊系,原校系/本校留任,1,"國立臺中科技大學會計資訊系(備取,分發)"
CAND_0442,113,nutc_acc,國立臺中科技大學,會計資訊系,國立臺中科技大學 會計資訊系,59090418,黄*喬,備取,逢甲大學,逢甲大學會計學系,其他學校錄取,4,"國立臺中科技大學會計資訊系(備取); 致理科技大學會計資訊系(通過); 銘傳大學會計學系(台北校區)(通過); 逢甲大學會計學系(正取,分發)"
CAND_0443,113,nutc_acc,國立臺中科技大學,會計資訊系,國立臺中科技大學 會計資訊系,61090935,胡*,備取,國立臺中科技大學,國立臺中科技大學會計資訊系,原校系/本校留任,2,"國立臺中科技大學會計資訊系(備取,分發); 亞洲大學會計與資訊學系(通過)"
CAND_0444,113,nutc_acc,國立臺中科技大學,會計資訊系,國立臺中科技大學 會計資訊系,58090419,周*臻,備取,逢甲大學,逢甲大學國際經營與貿易學系,其他學校錄取,4,"國立臺中科技大學會計資訊系(備取); 國立勤益科技大學企業管理系(通過); 逢甲大學國際經營與貿易學系(正取,分發); 逢甲大學會計學系(正取)"
CAND_0445,113,nutc_acc,國立臺中科技大學,會計資訊系,國立臺中科技大學 會計資訊系,61091457,黄*凱,備取,國立臺中科技大學,國立臺中科技大學會計資訊系,原校系/本校留任,1,"國立臺中科技大學會計資訊系(備取,分發)"
CAND_0446,113,nutc_acc,國立臺中科技大學,會計資訊系,國立臺中科技大學 會計資訊系,56090430,孫*丞,備取,國立臺中科技大學,國立臺中科技大學會計資訊系,原校系/本校留任,2,"國立臺中科技大學會計資訊系(備取,分發); 國立虎尾科技大學企業管理系(通過)"
CAND_0447,113,nutc_acc,國立臺中科技大學,會計資訊系,國立臺中科技大學 會計資訊系,61091153,吳*,備取,—,—,未分發或放棄,1,國立臺中科技大學會計資訊系(備取)
CAND_0448,113,nutc_acc,國立臺中科技大學,會計資訊系,國立臺中科技大學 會計資訊系,64090125,鄭*絜,備取,—,—,未分發或放棄,3,國立臺中科技大學會計資訊系(備取); 國立高雄科技大學運籌管理系(通過); 國立勤益科技大學企業管理系(通過)
CAND_0449,113,nutc_acc,國立臺中科技大學,會計資訊系,國立臺中科技大學 會計資訊系,57090594,蕭*瑜,備取,—,—,未分發或放棄,1,國立臺中科技大學會計資訊系(備取)
CAND_0450,113,nutc_acc,國立臺中科技大學,會計資訊系,國立臺中科技大學 會計資訊系,67090458,黄*穎,備取,國立高雄科技大學,國立高雄科技大學航運管理系,其他學校錄取,2,"國立臺中科技大學會計資訊系(備取); 國立高雄科技大學航運管理系(正取,分發)"
CAND_0451,113,nutc_acc,國立臺中科技大學,會計資訊系,國立臺中科技大學 會計資訊系,65090008,江*瑾,備取,逢甲大學,逢甲大學會計學系,其他學校錄取,4,"國立臺中科技大學會計資訊系(備取); 國立虎尾科技大學財務金融系(通過); 逢甲大學財稅學系(備取); 逢甲大學會計學系(備取,分發)"
CAND_0452,113,nutc_acc,國立臺中科技大學,會計資訊系,國立臺中科技大學 會計資訊系,63090525,*禎,備取,國立屏東大學,國立屏東大學會計學系,其他學校錄取,2,"國立臺中科技大學會計資訊系(備取); 國立屏東大學會計學系(正取,分發)"
CAND_0453,113,nutc_acc,國立臺中科技大學,會計資訊系,國立臺中科技大學 會計資訊系,68530019,林*妏,備取,國立高雄科技大學,國立高雄科技大學會計資訊系,其他學校錄取,4,"國立臺中科技大學會計資訊系(備取); 國立高雄科技大學會計資訊系(備取,分發); 國立屏東大學財務金融學系(正取); 國立屏東大學會計學系(正取)"
CAND_0454,113,nutc_acc,國立臺中科技大學,會計資訊系,國立臺中科技大學 會計資訊系,61090679,買*澔,備取,—,—,未分發或放棄,1,國立臺中科技大學會計資訊系(備取)
CAND_0455,113,nutc_acc,國立臺中科技大學,會計資訊系,國立臺中科技大學 會計資訊系,56090530,楊*,備取,國立宜蘭大學,國立宜蘭大學應用經濟與管理學系,其他學校錄取,4,"國立臺中科技大學會計資訊系(備取); 國立虎尾科技大學工業管理系(通過); 國立勤益科技大學工業工程與管理系(正取); 國立宜蘭大學應用經濟與管理學系(正取,分發)"
CAND_0456,113,nutc_acc,國立臺中科技大學,會計資訊系,國立臺中科技大學 會計資訊系,64090086,謝*軒,備取,朝陽科技大學,朝陽科技大學財務金融系,其他學校錄取,2,"國立臺中科技大學會計資訊系(備取); 朝陽科技大學財務金融系(正取,分發)"
CAND_0457,113,nutc_acc,國立臺中科技大學,會計資訊系,國立臺中科技大學 會計資訊系,69090065,馮*慈,備取,—,—,未分發或放棄,3,國立臺中科技大學會計資訊系(備取); 國立高雄科技大學會計資訊系(通過); 國立高雄科技大學商務資訊應用系(正取)
CAND_0458,113,nutc_acc,國立臺中科技大學,會計資訊系,國立臺中科技大學 會計資訊系,70090058,—,備取,國立屏東大學,國立屏東大學財務金融學系,其他學校錄取,2,"國立臺中科技大學會計資訊系(備取); 國立屏東大學財務金融學系(備取,分發)"
CAND_0459,113,nutc_acc,國立臺中科技大學,會計資訊系,國立臺中科技大學 會計資訊系,51090283,葉*逸,備取,國立臺北護理健康大學,國立臺北護理健康大學資訊管理系,其他學校錄取,3,"國立臺中科技大學會計資訊系(備取); 國立高雄科技大學會計資訊系(正取); 國立臺北護理健康大學資訊管理系(正取,分發)"
CAND_0460,113,nutc_acc,國立臺中科技大學,會計資訊系,國立臺中科技大學 會計資訊系,61091719,唐*郁,備取,國立勤益科技大學,國立勤益科技大學資訊管理系,其他學校錄取,2,"國立臺中科技大學會計資訊系(備取); 國立勤益科技大學資訊管理系(備取,分發)"
CAND_0461,113,nutc_acc,國立臺中科技大學,會計資訊系,國立臺中科技大學 會計資訊系,57090678,陳*嬑,備取,國立高雄科技大學,國立高雄科技大學會計資訊系,其他學校錄取,2,"國立臺中科技大學會計資訊系(備取); 國立高雄科技大學會計資訊系(正取,分發)"
CAND_0462,113,nutc_acc,國立臺中科技大學,會計資訊系,國立臺中科技大學 會計資訊系,56090067,黄*柔,備取,—,—,未分發或放棄,1,國立臺中科技大學會計資訊系(備取)
CAND_0463,113,nutc_acc,國立臺中科技大學,會計資訊系,國立臺中科技大學 會計資訊系,71090097,許*,備取,國立聯合大學,國立聯合大學經營管理學系,其他學校錄取,3,"國立臺中科技大學會計資訊系(備取); 國立聯合大學經營管理學系(正取,分發); 國立屏東大學財務金融學系(備取)"
CAND_0464,113,nutc_acc,國立臺中科技大學,會計資訊系,國立臺中科技大學 會計資訊系,61091767,游*展,備取,—,—,未分發或放棄,2,國立臺中科技大學會計資訊系(備取); 國立高雄科技大學金融系(通過)
CAND_0465,113,nutc_acc,國立臺中科技大學,會計資訊系,國立臺中科技大學 會計資訊系,57090326,林*宇,備取,—,—,未分發或放棄,1,國立臺中科技大學會計資訊系(備取)
CAND_0466,113,nutc_acc,國立臺中科技大學,會計資訊系,國立臺中科技大學 會計資訊系,52090090,陳*妍,備取,中原大學,中原大學會計學系,其他學校錄取,3,"國立臺中科技大學會計資訊系(備取); 中原大學會計學系(正取,分發); 銘傳大學會計學系(台北校區)(正取)"
CAND_0467,113,nutc_acc,國立臺中科技大學,會計資訊系,國立臺中科技大學 會計資訊系,71090034,葵*慈,備取,—,—,未分發或放棄,2,國立臺中科技大學會計資訊系(備取); 國立高雄科技大學會計資訊系(通過)
CAND_0468,113,nutc_acc,國立臺中科技大學,會計資訊系,國立臺中科技大學 會計資訊系,61091410,陳*,備取,國立屏東科技大學,國立屏東科技大學時尚設計與管理系,其他學校錄取,4,"國立臺中科技大學會計資訊系(備取); 國立屏東科技大學工業管理系(通過); 國立屏東科技大學時尚設計與管理系(正取,分發); 國立屏東大學財務金融學系(正取)"
CAND_0469,113,nutc_acc,國立臺中科技大學,會計資訊系,國立臺中科技大學 會計資訊系,61091323,陳*,備取,國立高雄科技大學,國立高雄科技大學會計資訊系,其他學校錄取,3,"國立臺中科技大學會計資訊系(備取); 國立高雄科技大學金融系(備取); 國立高雄科技大學會計資訊系(備取,分發)"
CAND_0470,113,nutc_acc,國立臺中科技大學,會計資訊系,國立臺中科技大學 會計資訊系,63530005,林*,備取,逢甲大學,逢甲大學會計學系,其他學校錄取,3,"國立臺中科技大學會計資訊系(備取); 國立屏東大學會計學系(正取); 逢甲大學會計學系(正取,分發)"
CAND_0471,113,nutc_acc,國立臺中科技大學,會計資訊系,國立臺中科技大學 會計資訊系,59090277,李*,備取,逢甲大學,逢甲大學會計學系,其他學校錄取,3,"國立臺中科技大學會計資訊系(備取); 逢甲大學合作經濟暨社會事業經營學系(正取); 逢甲大學會計學系(備取,分發)"
CAND_0472,113,nutc_acc,國立臺中科技大學,會計資訊系,國立臺中科技大學 會計資訊系,52090785,翁*銓,備取,—,—,未分發或放棄,3,國立臺中科技大學會計資訊系(備取); 朝陽科技大學會計系(通過); 嶺東科技大學會計資訊系(通過)
CAND_0473,113,nutc_acc,國立臺中科技大學,會計資訊系,國立臺中科技大學 會計資訊系,57090709,維*齡,備取,—,—,未分發或放棄,2,國立臺中科技大學會計資訊系(備取); 國立臺北護理健康大學健康事業管理系(通過)
CAND_0474,113,nutc_acc,國立臺中科技大學,會計資訊系,國立臺中科技大學 會計資訊系,64090165,謝*美,備取,國立臺中科技大學,國立臺中科技大學會計資訊系,原校系/本校留任,2,"國立臺中科技大學會計資訊系(備取,分發); 國立雲林科技大學會計系(通過)"
CAND_0475,113,nutc_acc,國立臺中科技大學,會計資訊系,國立臺中科技大學 會計資訊系,71090249,陳*V,備取,國立屏東大學,國立屏東大學商業大數據學系,其他學校錄取,6,"國立臺中科技大學會計資訊系(備取); 國立屏東科技大學資訊管理系(通過); 國立屏東科技大學工業管理系(通過); 國立屏東科技大學企業管理系(通過); 國立屏東大學會計學系(備取); 國立屏東大學商業大數據學系(正取,分發)"
CAND_0476,113,nutc_acc,國立臺中科技大學,會計資訊系,國立臺中科技大學 會計資訊系,63090266,陳*泉,備取,國立臺中科技大學,國立臺中科技大學會計資訊系,原校系/本校留任,1,"國立臺中科技大學會計資訊系(備取,分發)"
CAND_0477,113,nutc_acc,國立臺中科技大學,會計資訊系,國立臺中科技大學 會計資訊系,74090002,彭*慈,備取,國立高雄科技大學,國立高雄科技大學會計資訊系,其他學校錄取,4,"國立臺中科技大學會計資訊系(備取); 國立高雄科技大學會計資訊系(正取,分發); 國立屏東大學會計學系(正取); 中原大學會計學系(通過)"
CAND_0478,113,nutc_acc,國立臺中科技大學,會計資訊系,國立臺中科技大學 會計資訊系,55090107,汪*廷,備取,國立臺中科技大學,國立臺中科技大學會計資訊系,原校系/本校留任,3,"國立臺中科技大學會計資訊系(備取,分發); 國立屏東科技大學企業管理系(正取); 國立屏東大學會計學系(備取)"
CAND_0479,113,nutc_acc,國立臺中科技大學,會計資訊系,國立臺中科技大學 會計資訊系,56090541,陳*廷,備取,國立臺中科技大學,國立臺中科技大學會計資訊系,原校系/本校留任,1,"國立臺中科技大學會計資訊系(備取,分發)"
CAND_0480,113,nutc_acc,國立臺中科技大學,會計資訊系,國立臺中科技大學 會計資訊系,52090254,陳*永,備取,國立臺北護理健康大學,國立臺北護理健康大學健康事業管理系,其他學校錄取,6,"國立臺中科技大學會計資訊系(備取); 國立臺北護理健康大學健康事業管理系(正取,分發); 國立臺北護理健康大學資訊管理系(備取); 中原大學會計學系(備取); 中原大學資訊管理學系(通過); 銘傳大學企業管理學系(台北校區)(備取)"
CAND_0481,113,nutc_acc,國立臺中科技大學,會計資訊系,國立臺中科技大學 會計資訊系,64090597,—,備取,—,—,未分發或放棄,1,國立臺中科技大學會計資訊系(備取)
CAND_0482,113,nutc_acc,國立臺中科技大學,會計資訊系,國立臺中科技大學 會計資訊系,71090055,葵*,備取,國立高雄科技大學,國立高雄科技大學商務資訊應用系,其他學校錄取,5,"國立臺中科技大學會計資訊系(備取); 國立屏東科技大學資訊管理系(通過); 國立高雄科技大學商務資訊應用系(正取,分發); 國立屏東大學會計學系(正取); 國立屏東大學商業大數據學系(正取)"
CAND_0483,113,nutc_acc,國立臺中科技大學,會計資訊系,國立臺中科技大學 會計資訊系,52090146,陳*恩,備取,—,—,未分發或放棄,2,國立臺中科技大學會計資訊系(備取); 致理科技大學會計資訊系(通過)
CAND_0484,113,nutc_acc,國立臺中科技大學,會計資訊系,國立臺中科技大學 會計資訊系,74090185,彭*慈,備取,國立屏東大學,國立屏東大學會計學系,其他學校錄取,2,"國立臺中科技大學會計資訊系(備取); 國立屏東大學會計學系(備取,分發)"
CAND_0485,113,nutc_acc,國立臺中科技大學,會計資訊系,國立臺中科技大學 會計資訊系,51090238,高*永,備取,—,—,未分發或放棄,1,國立臺中科技大學會計資訊系(通過)
CAND_0486,113,nutc_acc,國立臺中科技大學,會計資訊系,國立臺中科技大學 會計資訊系,55090051,郭*柔,備取,—,—,未分發或放棄,3,國立臺中科技大學會計資訊系(通過); 國立高雄科技大學會計資訊系(正取); 國立虎尾科技大學財務金融系(通過)
CAND_0487,113,nutc_acc,國立臺中科技大學,會計資訊系,國立臺中科技大學 會計資訊系,55090139,林*諭,備取,—,—,未分發或放棄,3,國立臺中科技大學會計資訊系(通過); 致理科技大學會計資訊系(通過); 國立屏東大學會計學系(通過)
CAND_0488,113,nutc_acc,國立臺中科技大學,會計資訊系,國立臺中科技大學 會計資訊系,55090229,范*淇,備取,—,—,未分發或放棄,1,國立臺中科技大學會計資訊系(通過)
CAND_0489,113,nutc_acc,國立臺中科技大學,會計資訊系,國立臺中科技大學 會計資訊系,56090030,邱*璇,備取,—,—,未分發或放棄,2,國立臺中科技大學會計資訊系(通過); 中原大學會計學系(通過)
CAND_0490,113,nutc_acc,國立臺中科技大學,會計資訊系,國立臺中科技大學 會計資訊系,57090419,林*,備取,—,—,未分發或放棄,2,國立臺中科技大學會計資訊系(通過); 國立高雄科技大學企業管理系(通過)
CAND_0491,113,nutc_acc,國立臺中科技大學,會計資訊系,國立臺中科技大學 會計資訊系,57090674,陳*恩,備取,銘傳大學,銘傳大學會計學系(台北校區),其他學校錄取,3,"國立臺中科技大學會計資訊系(通過); 國立聯合大學經營管理學系(通過); 銘傳大學會計學系(台北校區)(正取,分發)"
CAND_0492,113,nutc_acc,國立臺中科技大學,會計資訊系,國立臺中科技大學 會計資訊系,57090682,*妤,備取,中原大學,中原大學會計學系,其他學校錄取,3,"國立臺中科技大學會計資訊系(通過); 國立高雄科技大學會計資訊系(通過); 中原大學會計學系(正取,分發)"
CAND_0493,113,nutc_acc,國立臺中科技大學,會計資訊系,國立臺中科技大學 會計資訊系,57090778,*瑜,備取,國立高雄科技大學,國立高雄科技大學會計資訊系,其他學校錄取,4,"國立臺中科技大學會計資訊系(通過); 國立高雄科技大學會計資訊系(備取,分發); 龍華科技大學數位行銷暨跨境商務系(通過); 國立臺灣體育運動大學運動事業管理學系(通過)"
CAND_0494,113,nutc_acc,國立臺中科技大學,會計資訊系,國立臺中科技大學 會計資訊系,59090047,林*伶,備取,—,—,未分發或放棄,3,國立臺中科技大學會計資訊系(通過); 致理科技大學會計資訊系(通過); 銘傳大學會計學系(台北校區)(通過)
CAND_0495,113,nutc_acc,國立臺中科技大學,會計資訊系,國立臺中科技大學 會計資訊系,59090138,林*,備取,—,—,未分發或放棄,3,國立臺中科技大學會計資訊系(通過); 國立雲林科技大學會計系(備取); 國立高雄科技大學會計資訊系(通過)
CAND_0496,113,nutc_acc,國立臺中科技大學,會計資訊系,國立臺中科技大學 會計資訊系,60090107,*婷,備取,—,—,未分發或放棄,5,國立臺中科技大學會計資訊系(通過); 國立雲林科技大學會計系(通過); 國立高雄科技大學金融系(通過); 國立高雄科技大學會計資訊系(通過); 國立高雄科技大學金融資訊系(通過)
CAND_0497,113,nutc_acc,國立臺中科技大學,會計資訊系,國立臺中科技大學 會計資訊系,60090147,張*雅,備取,—,—,未分發或放棄,4,國立臺中科技大學會計資訊系(通過); 國立高雄科技大學金融系(通過); 國立虎尾科技大學財務金融系(通過); 國立臺北護理健康大學資訊管理系(通過)
CAND_0498,113,nutc_acc,國立臺中科技大學,會計資訊系,國立臺中科技大學 會計資訊系,61090673,*姍,備取,逢甲大學,逢甲大學會計學系,其他學校錄取,3,"國立臺中科技大學會計資訊系(通過); 國立高雄科技大學會計資訊系(通過); 逢甲大學會計學系(正取,分發)"
CAND_0499,113,nutc_acc,國立臺中科技大學,會計資訊系,國立臺中科技大學 會計資訊系,61090761,*綺,備取,國立高雄科技大學,國立高雄科技大學財政稅務系,其他學校錄取,2,"國立臺中科技大學會計資訊系(通過); 國立高雄科技大學財政稅務系(正取,分發)"
CAND_0500,113,nutc_acc,國立臺中科技大學,會計資訊系,國立臺中科技大學 會計資訊系,61090929,—,備取,—,—,未分發或放棄,3,國立臺中科技大學會計資訊系(通過); 國立雲林科技大學會計系(備取); 國立高雄科技大學財政稅務系(正取)
CAND_0501,113,nutc_acc,國立臺中科技大學,會計資訊系,國立臺中科技大學 會計資訊系,61091038,蕭*珊,備取,—,—,未分發或放棄,4,國立臺中科技大學會計資訊系(通過); 國立高雄科技大學風險管理與保險系(通過); 國立虎尾科技大學企業管理系(通過); 國立勤益科技大學企業管理系(通過)
CAND_0502,113,nutc_acc,國立臺中科技大學,會計資訊系,國立臺中科技大學 會計資訊系,61091073,吳*,備取,—,—,未分發或放棄,2,國立臺中科技大學會計資訊系(通過); 國立高雄科技大學行銷與流通管理系(通過)
CAND_0503,113,nutc_acc,國立臺中科技大學,會計資訊系,國立臺中科技大學 會計資訊系,61091319,李*玲,備取,國立臺北商業大學,國立臺北商業大學會計資訊系(臺北校區),其他學校錄取,3,"國立臺中科技大學會計資訊系(通過); 國立雲林科技大學會計系(備取); 國立臺北商業大學會計資訊系(臺北校區)(備取,分發)"
CAND_0504,113,nutc_acc,國立臺中科技大學,會計資訊系,國立臺中科技大學 會計資訊系,64090071,賴*雅,備取,國立高雄科技大學,國立高雄科技大學財務管理系,其他學校錄取,4,"國立臺中科技大學會計資訊系(通過); 國立高雄科技大學行銷與流通管理系(通過); 國立高雄科技大學風險管理與保險系(通過); 國立高雄科技大學財務管理系(正取,分發)"
CAND_0505,113,nutc_acc,國立臺中科技大學,會計資訊系,國立臺中科技大學 會計資訊系,64090076,趙*如,備取,逢甲大學,逢甲大學會計學系,其他學校錄取,5,"國立臺中科技大學會計資訊系(通過); 國立高雄科技大學國際企業系(通過); 國立高雄科技大學金融系(通過); 中原大學會計學系(通過); 逢甲大學會計學系(正取,分發)"
CAND_0506,113,nutc_acc,國立臺中科技大學,會計資訊系,國立臺中科技大學 會計資訊系,64090174,*永,備取,國立屏東大學,國立屏東大學會計學系,其他學校錄取,2,"國立臺中科技大學會計資訊系(通過); 國立屏東大學會計學系(備取,分發)"
CAND_0507,113,nutc_acc,國立臺中科技大學,會計資訊系,國立臺中科技大學 會計資訊系,64090359,許*𡤃,備取,國立高雄科技大學,國立高雄科技大學金融系,其他學校錄取,4,"國立臺中科技大學會計資訊系(通過); 國立高雄科技大學金融系(備取,分發); 國立高雄科技大學會計資訊系(通過); 國立高雄科技大學財政稅務系(通過)"
CAND_0508,113,nutc_acc,國立臺中科技大學,會計資訊系,國立臺中科技大學 會計資訊系,64090372,陳*宇,備取,國立高雄科技大學,國立高雄科技大學金融資訊系,其他學校錄取,3,"國立臺中科技大學會計資訊系(通過); 國立高雄科技大學會計資訊系(備取); 國立高雄科技大學金融資訊系(備取,分發)"
CAND_0509,113,nutc_acc,國立臺中科技大學,會計資訊系,國立臺中科技大學 會計資訊系,64090539,林*妤,備取,國立雲林科技大學,國立雲林科技大學會計系,其他學校錄取,5,"國立臺中科技大學會計資訊系(通過); 國立雲林科技大學會計系(正取,分發); 國立高雄科技大學金融系(通過); 國立高雄科技大學會計資訊系(通過); 國立高雄科技大學財政稅務系(通過)"
CAND_0510,113,nutc_acc,國立臺中科技大學,會計資訊系,國立臺中科技大學 會計資訊系,64090575,許*,備取,國立雲林科技大學,國立雲林科技大學會計系,其他學校錄取,5,"國立臺中科技大學會計資訊系(通過); 國立雲林科技大學會計系(正取,分發); 國立高雄科技大學財務管理系(通過); 國立高雄科技大學會計資訊系(通過); 國立高雄科技大學財政稅務系(通過)"
CAND_0511,113,nutc_acc,國立臺中科技大學,會計資訊系,國立臺中科技大學 會計資訊系,64090602,林*璉,備取,國立高雄科技大學,國立高雄科技大學行銷與流通管理系,其他學校錄取,4,"國立臺中科技大學會計資訊系(通過); 國立高雄科技大學行銷與流通管理系(正取,分發); 國立高雄科技大學風險管理與保險系(通過); 國立臺北護理健康大學生死與健康心理諮商系(通過)"
CAND_0512,113,nutc_acc,國立臺中科技大學,會計資訊系,國立臺中科技大學 會計資訊系,65090069,李*駿,備取,—,—,未分發或放棄,1,國立臺中科技大學會計資訊系(通過)
CAND_0513,113,nutc_acc,國立臺中科技大學,會計資訊系,國立臺中科技大學 會計資訊系,65090093,林*妍,備取,—,—,未分發或放棄,1,國立臺中科技大學會計資訊系(通過)
CAND_0514,113,nutc_acc,國立臺中科技大學,會計資訊系,國立臺中科技大學 會計資訊系,65090107,徐*芳,備取,國立高雄科技大學,國立高雄科技大學財政稅務系,其他學校錄取,5,"國立臺中科技大學會計資訊系(通過); 國立臺北科技大學經營管理系(通過); 國立高雄科技大學金融系(備取); 國立高雄科技大學會計資訊系(正取); 國立高雄科技大學財政稅務系(正取,分發)"
CAND_0515,113,nutc_acc,國立臺中科技大學,會計資訊系,國立臺中科技大學 會計資訊系,65090201,*芳,備取,—,—,未分發或放棄,2,國立臺中科技大學會計資訊系(通過); 國立勤益科技大學工業工程與管理系(通過)
CAND_0516,113,nutc_acc,國立臺中科技大學,會計資訊系,國立臺中科技大學 會計資訊系,66090021,—,備取,—,—,未分發或放棄,2,國立臺中科技大學會計資訊系(通過); 國立虎尾科技大學企業管理系(通過)
CAND_0517,113,nutc_acc,國立臺中科技大學,會計資訊系,國立臺中科技大學 會計資訊系,67090422,維*甯,備取,—,—,未分發或放棄,3,國立臺中科技大學會計資訊系(通過); 國立高雄科技大學財政稅務系(通過); 國立虎尾科技大學財務金融系(通過)
CAND_0518,113,nutc_acc,國立臺中科技大學,會計資訊系,國立臺中科技大學 會計資訊系,67090435,邱*,備取,—,—,未分發或放棄,2,國立臺中科技大學會計資訊系(通過); 國立高雄科技大學會計資訊系(通過)
CAND_0519,113,nutc_acc,國立臺中科技大學,會計資訊系,國立臺中科技大學 會計資訊系,68090266,*揚,備取,—,—,未分發或放棄,2,國立臺中科技大學會計資訊系(通過); 國立高雄科技大學財政稅務系(通過)
CAND_0520,113,nutc_acc,國立臺中科技大學,會計資訊系,國立臺中科技大學 會計資訊系,68090762,*永,備取,國立高雄科技大學,國立高雄科技大學財政稅務系,其他學校錄取,5,"國立臺中科技大學會計資訊系(通過); 國立雲林科技大學會計系(正取); 國立高雄科技大學財政稅務系(正取,分發); 國立虎尾科技大學財務金融系(通過); 國立勤益科技大學企業管理系(正取)"
CAND_0521,113,nutc_acc,國立臺中科技大學,會計資訊系,國立臺中科技大學 會計資訊系,70090234,蘇*揚,備取,—,—,未分發或放棄,2,國立臺中科技大學會計資訊系(通過); 國立高雄科技大學企業管理系(通過)
CAND_0522,113,nutc_acc,國立臺中科技大學,會計資訊系,國立臺中科技大學 會計資訊系,70090579,邢*惠,備取,國立高雄科技大學,國立高雄科技大學會計資訊系,其他學校錄取,3,"國立臺中科技大學會計資訊系(通過); 國立高雄科技大學會計資訊系(正取,分發); 國立高雄科技大學金融資訊系(通過)"
CAND_0523,113,nutc_acc,國立臺中科技大學,會計資訊系,國立臺中科技大學 會計資訊系,71090245,*伶,備取,國立高雄科技大學,國立高雄科技大學財政稅務系,其他學校錄取,3,"國立臺中科技大學會計資訊系(通過); 國立高雄科技大學會計資訊系(正取); 國立高雄科技大學財政稅務系(正取,分發)"
CAND_0524,113,nutc_acc,國立臺中科技大學,會計資訊系,國立臺中科技大學 會計資訊系,73090091,吳*,備取,明志科技大學,明志科技大學經營管理系,其他學校錄取,5,"國立臺中科技大學會計資訊系(通過); 國立虎尾科技大學工業管理系(通過); 國立虎尾科技大學企業管理系(備取); 明志科技大學經營管理系(正取,分發); 明志科技大學數位行銷設計學士學位學程(通過)"
CAND_0525,113,nutc_acc,國立臺中科技大學,會計資訊系,國立臺中科技大學 會計資訊系,74090121,陳*甯,備取,國立高雄科技大學,國立高雄科技大學航運管理系,其他學校錄取,5,"國立臺中科技大學會計資訊系(通過); 國立高雄科技大學財政稅務系(正取); 國立高雄科技大學航運管理系(備取,分發); 國立勤益科技大學企業管理系(通過); 國立臺北商業大學會計資訊系(臺北校區)(備取)"
CAND_0526,115,yuntech_acc,國立雲林科技大學,會計系,國立雲林科技大學 會計系,64090464,A*臻,正取,國立臺灣科技大學,國立臺灣科技大學企業管理系,其他學校錄取,4,"國立雲林科技大學會計系(正取); 國立臺灣科技大學企業管理系(正取,分發); 國立雲林科技大學財務金融系(正取); 國立臺北科技大學資訊與財金管理系(正取)"
CAND_0527,115,yuntech_acc,國立雲林科技大學,會計系,國立雲林科技大學 會計系,61090442,周*,正取,國立雲林科技大學,國立雲林科技大學會計系,原校系/本校留任,6,"國立雲林科技大學會計系(正取,分發); 國立臺北科技大學資訊與財金管理系(通過); 國立高雄科技大學會計資訊系(通過); 國立臺北商業大學會計資訊系(臺北校區)(正取); 國立臺北商業大學財務金融系(臺北校區)(通過); 國立臺北商業大學財政稅務系(臺北校區)(通過)"
CAND_0528,115,yuntech_acc,國立雲林科技大學,會計系,國立雲林科技大學 會計系,61090066,吳*,正取,國立臺北科技大學,國立臺北科技大學資訊與財金管理系,其他學校錄取,6,"國立雲林科技大學會計系(正取); 國立雲林科技大學財務金融系(正取); 國立臺北科技大學經營管理系(通過); 國立臺北科技大學資訊與財金管理系(備取,分發); 國立高雄科技大學金融系(正取); 國立臺北商業大學財政稅務系(臺北校區)(正取)"
CAND_0529,115,yuntech_acc,國立雲林科技大學,會計系,國立雲林科技大學 會計系,64090460,李*,正取,國立雲林科技大學,國立雲林科技大學會計系,原校系/本校留任,6,"國立雲林科技大學會計系(正取,分發); 國立雲林科技大學工業工程與管理系(通過); 國立臺北商業大學會計資訊系(臺北校區)(正取); 國立臺北商業大學財政稅務系(臺北校區)(通過); 東海大學會計學系(正取); 中原大學會計學系(備取)"
CAND_0530,115,yuntech_acc,國立雲林科技大學,會計系,國立雲林科技大學 會計系,67090148,李*臻,正取,國立臺北科技大學,國立臺北科技大學經營管理系,其他學校錄取,4,"國立雲林科技大學會計系(正取); 國立臺北科技大學經營管理系(備取,分發); 國立臺北商業大學財政稅務系(臺北校區)(正取); 國立臺北商業大學企業管理系(臺北校區)(正取)"
CAND_0531,115,yuntech_acc,國立雲林科技大學,會計系,國立雲林科技大學 會計系,64090509,陳*婷,正取,國立彰化師範大學,國立彰化師範大學財務金融技術學系,其他學校錄取,4,"國立雲林科技大學會計系(正取); 國立雲林科技大學財務金融系(正取); 國立臺中科技大學財務金融系(通過); 國立彰化師範大學財務金融技術學系(正取,分發)"
CAND_0532,115,yuntech_acc,國立雲林科技大學,會計系,國立雲林科技大學 會計系,58090529,*潔,正取,國立臺北商業大學,國立臺北商業大學會計資訊系(臺北校區),其他學校錄取,3,"國立雲林科技大學會計系(正取); 國立臺北商業大學會計資訊系(臺北校區)(正取,分發); 國立臺北商業大學財務金融系(臺北校區)(正取)"
CAND_0533,115,yuntech_acc,國立雲林科技大學,會計系,國立雲林科技大學 會計系,67090250,黄*,正取,國立雲林科技大學,國立雲林科技大學財務金融系,原校系/本校留任,3,"國立雲林科技大學會計系(正取); 國立雲林科技大學財務金融系(正取,分發); 國立高雄科技大學金融系(正取)"
CAND_0534,115,yuntech_acc,國立雲林科技大學,會計系,國立雲林科技大學 會計系,61090289,宋*瑄,正取,國立雲林科技大學,國立雲林科技大學財務金融系,原校系/本校留任,6,"國立雲林科技大學會計系(正取); 國立雲林科技大學財務金融系(正取,分發); 國立臺北科技大學資訊與財金管理系(備取); 國立臺北商業大學會計資訊系(臺北校區)(備取); 國立臺北商業大學財務金融系(臺北校區)(備取); 國立臺北商業大學財政稅務系(臺北校區)(正取)"
CAND_0535,115,yuntech_acc,國立雲林科技大學,會計系,國立雲林科技大學 會計系,57090520,*頡,正取,國立雲林科技大學,國立雲林科技大學會計系,原校系/本校留任,5,"國立雲林科技大學會計系(正取,分發); 國立臺北科技大學工業工程與管理系(通過); 國立臺北商業大學會計資訊系(臺北校區)(備取); 東海大學會計學系(備取); 中原大學會計學系(備取)"
CAND_0536,115,yuntech_acc,國立雲林科技大學,會計系,國立雲林科技大學 會計系,64090102,林*叡,正取,國立臺北商業大學,國立臺北商業大學會計資訊系(臺北校區),其他學校錄取,4,"國立雲林科技大學會計系(正取); 國立臺中科技大學會計資訊系(通過); 國立臺北商業大學會計資訊系(臺北校區)(正取,分發); 國立臺北商業大學財務金融系(臺北校區)(通過)"
CAND_0537,115,yuntech_acc,國立雲林科技大學,會計系,國立雲林科技大學 會計系,61090721,張*家,正取,國立臺北商業大學,國立臺北商業大學企業管理系(臺北校區),其他學校錄取,3,"國立雲林科技大學會計系(正取); 國立雲林科技大學工業工程與管理系(正取); 國立臺北商業大學企業管理系(臺北校區)(正取,分發)"
CAND_0538,115,yuntech_acc,國立雲林科技大學,會計系,國立雲林科技大學 會計系,64090539,黄*慈,正取,國立雲林科技大學,國立雲林科技大學企業管理系,原校系/本校留任,3,"國立雲林科技大學會計系(正取); 國立雲林科技大學企業管理系(正取,分發); 國立臺北商業大學企業管理系(臺北校區)(正取)"
CAND_0539,115,yuntech_acc,國立雲林科技大學,會計系,國立雲林科技大學 會計系,61090452,*茹,正取,國立雲林科技大學,國立雲林科技大學財務金融系,原校系/本校留任,4,"國立雲林科技大學會計系(正取); 國立雲林科技大學財務金融系(正取,分發); 國立臺北科技大學資訊與財金管理系(備取); 國立臺中科技大學應用統計系(通過)"
CAND_0540,115,yuntech_acc,國立雲林科技大學,會計系,國立雲林科技大學 會計系,52090635,*瑜,正取,—,—,未分發或放棄,5,國立雲林科技大學會計系(正取); 國立高雄科技大學會計資訊系(通過); 國立臺中科技大學會計資訊系(通過); 中原大學會計學系(正取); 逢甲大學會計學系(正取)
CAND_0541,115,yuntech_acc,國立雲林科技大學,會計系,國立雲林科技大學 會計系,58090165,張*筑,正取,國立彰化師範大學,國立彰化師範大學財務金融技術學系,其他學校錄取,2,"國立雲林科技大學會計系(正取); 國立彰化師範大學財務金融技術學系(正取,分發)"
CAND_0542,115,yuntech_acc,國立雲林科技大學,會計系,國立雲林科技大學 會計系,61090666,魏*,正取,國立雲林科技大學,國立雲林科技大學會計系,原校系/本校留任,3,"國立雲林科技大學會計系(正取,分發); 逢甲大學會計學系(正取); 逢甲大學經濟學系(正取)"
CAND_0543,115,yuntech_acc,國立雲林科技大學,會計系,國立雲林科技大學 會計系,57090683,葉*妡,正取,國立臺北商業大學,國立臺北商業大學財政稅務系(臺北校區),其他學校錄取,6,"國立雲林科技大學會計系(正取); 國立臺北科技大學經營管理系(通過); 國立臺北商業大學會計資訊系(臺北校區)(備取); 國立臺北商業大學財政稅務系(臺北校區)(正取,分發); 國立臺北商業大學國際商務系(臺北校區)(正取); 中原大學會計學系(備取)"
CAND_0544,115,yuntech_acc,國立雲林科技大學,會計系,國立雲林科技大學 會計系,70090740,黄*淇,正取,國立高雄科技大學,國立高雄科技大學會計資訊系,其他學校錄取,4,"國立雲林科技大學會計系(正取); 國立高雄科技大學金融系(正取); 國立高雄科技大學財務管理系(通過); 國立高雄科技大學會計資訊系(正取,分發)"
CAND_0545,115,yuntech_acc,國立雲林科技大學,會計系,國立雲林科技大學 會計系,61090841,—,正取,國立雲林科技大學,國立雲林科技大學會計系,原校系/本校留任,1,"國立雲林科技大學會計系(正取,分發)"
CAND_0546,115,yuntech_acc,國立雲林科技大學,會計系,國立雲林科技大學 會計系,69090076,顏*妤,正取,國立雲林科技大學,國立雲林科技大學會計系,原校系/本校留任,6,"國立雲林科技大學會計系(正取,分發); 國立臺北科技大學經營管理系(備取); 國立高雄科技大學財政稅務系(正取); 國立臺中科技大學財政稅務系(正取); 國立臺北商業大學財政稅務系(臺北校區)(備取); 國立臺北商業大學企業管理系(臺北校區)(正取)"
CAND_0547,115,yuntech_acc,國立雲林科技大學,會計系,國立雲林科技大學 會計系,67090144,—,正取,—,—,未分發或放棄,4,國立雲林科技大學會計系(正取); 國立臺灣科技大學企業管理系(通過); 國立高雄科技大學金融系(通過); 國立高雄科技大學財務管理系(通過)
CAND_0548,115,yuntech_acc,國立雲林科技大學,會計系,國立雲林科技大學 會計系,66090106,楊*庭,正取,國立雲林科技大學,國立雲林科技大學會計系,原校系/本校留任,5,"國立雲林科技大學會計系(正取,分發); 國立臺北科技大學工業工程與管理系(備取); 國立臺北商業大學會計資訊系(臺北校區)(備取); 國立彰化師範大學財務金融技術學系(正取); 逢甲大學國際經營與貿易學系(正取)"
CAND_0549,115,yuntech_acc,國立雲林科技大學,會計系,國立雲林科技大學 會計系,61090705,*綾,正取,國立雲林科技大學,國立雲林科技大學財務金融系,原校系/本校留任,6,"國立雲林科技大學會計系(正取); 國立雲林科技大學財務金融系(正取,分發); 國立臺北科技大學工業工程與管理系(通過); 國立臺北商業大學會計資訊系(臺北校區)(通過); 國立臺北商業大學財務金融系(臺北校區)(通過); 國立彰化師範大學財務金融技術學系(通過)"
CAND_0550,115,yuntech_acc,國立雲林科技大學,會計系,國立雲林科技大學 會計系,61090365,謝*臻,正取,國立雲林科技大學,國立雲林科技大學會計系,原校系/本校留任,3,"國立雲林科技大學會計系(正取,分發); 國立高雄科技大學財政稅務系(通過); 國立臺北商業大學財政稅務系(臺北校區)(通過)"
CAND_0551,115,yuntech_acc,國立雲林科技大學,會計系,國立雲林科技大學 會計系,64090574,陳*,正取,國立臺北商業大學,國立臺北商業大學企業管理系(臺北校區),其他學校錄取,3,"國立雲林科技大學會計系(正取); 國立臺中科技大學會計資訊系(正取); 國立臺北商業大學企業管理系(臺北校區)(正取,分發)"
CAND_0552,115,yuntech_acc,國立雲林科技大學,會計系,國立雲林科技大學 會計系,59090120,—,正取,國立雲林科技大學,國立雲林科技大學會計系,原校系/本校留任,3,"國立雲林科技大學會計系(正取,分發); 國立臺北商業大學會計資訊系(臺北校區)(備取); 國立臺北商業大學財政稅務系(臺北校區)(正取)"
CAND_0553,115,yuntech_acc,國立雲林科技大學,會計系,國立雲林科技大學 會計系,63090253,陳*永,正取,國立臺北商業大學,國立臺北商業大學財政稅務系(臺北校區),其他學校錄取,2,"國立雲林科技大學會計系(正取); 國立臺北商業大學財政稅務系(臺北校區)(正取,分發)"
CAND_0554,115,yuntech_acc,國立雲林科技大學,會計系,國立雲林科技大學 會計系,61090337,*岑,正取,國立雲林科技大學,國立雲林科技大學工業工程與管理系,原校系/本校留任,4,"國立雲林科技大學會計系(正取); 國立雲林科技大學工業工程與管理系(正取,分發); 國立高雄科技大學財政稅務系(通過); 國立臺北商業大學商業設計管理系(桃園校區)(通過)"
CAND_0555,115,yuntech_acc,國立雲林科技大學,會計系,國立雲林科技大學 會計系,68090363,李*,正取,國立雲林科技大學,國立雲林科技大學會計系,原校系/本校留任,5,"國立雲林科技大學會計系(正取,分發); 國立雲林科技大學財務金融系(正取); 國立臺北商業大學會計資訊系(臺北校區)(通過); 國立臺北商業大學財政稅務系(臺北校區)(通過); 國立彰化師範大學財務金融技術學系(正取)"
CAND_0556,115,yuntech_acc,國立雲林科技大學,會計系,國立雲林科技大學 會計系,71090325,蘇*綾,正取,國立雲林科技大學,國立雲林科技大學會計系,原校系/本校留任,4,"國立雲林科技大學會計系(正取,分發); 國立雲林科技大學財務金融系(通過); 國立高雄科技大學會計資訊系(通過); 國立臺中科技大學會計資訊系(通過)"
CAND_0557,115,yuntech_acc,國立雲林科技大學,會計系,國立雲林科技大學 會計系,68090495,吳*恬,正取,國立雲林科技大學,國立雲林科技大學會計系,原校系/本校留任,2,"國立雲林科技大學會計系(正取,分發); 國立臺北商業大學財政稅務系(臺北校區)(通過)"
CAND_0558,115,yuntech_acc,國立雲林科技大學,會計系,國立雲林科技大學 會計系,61090053,*晴,正取,國立雲林科技大學,國立雲林科技大學會計系,原校系/本校留任,5,"國立雲林科技大學會計系(正取,分發); 國立臺北科技大學經營管理系(通過); 國立勤益科技大學企業管理系(正取); 國立臺中科技大學會計資訊系(正取); 國立臺北商業大學會計資訊系(臺北校區)(正取)"
CAND_0559,115,yuntech_acc,國立雲林科技大學,會計系,國立雲林科技大學 會計系,61091406,*婷,正取,國立高雄科技大學,國立高雄科技大學財務管理系,其他學校錄取,4,"國立雲林科技大學會計系(正取); 國立臺灣科技大學資訊管理系(正取); 國立雲林科技大學財務金融系(正取); 國立高雄科技大學財務管理系(正取,分發)"
CAND_0560,115,yuntech_acc,國立雲林科技大學,會計系,國立雲林科技大學 會計系,64090161,黄*住,正取,國立雲林科技大學,國立雲林科技大學會計系,原校系/本校留任,6,"國立雲林科技大學會計系(正取,分發); 國立高雄科技大學會計資訊系(正取); 國立高雄科技大學財政稅務系(通過); 國立臺中科技大學會計資訊系(正取); 中原大學會計學系(通過); 逢甲大學會計學系(通過)"
CAND_0561,115,yuntech_acc,國立雲林科技大學,會計系,國立雲林科技大學 會計系,68530085,柯*丞,備取,國立雲林科技大學,國立雲林科技大學會計系,原校系/本校留任,5,"國立雲林科技大學會計系(備取,分發); 國立雲林科技大學工業工程與管理系(備取); 國立高雄科技大學財政稅務系(正取); 國立高雄科技大學智慧商務系(正取); 國立臺北商業大學企業管理系(臺北校區)(備取)"
CAND_0562,115,yuntech_acc,國立雲林科技大學,會計系,國立雲林科技大學 會計系,56090019,黄*螢,備取,國立臺北商業大學,國立臺北商業大學會計資訊系(臺北校區),其他學校錄取,4,"國立雲林科技大學會計系(備取); 國立臺北商業大學會計資訊系(臺北校區)(正取,分發); 國立臺北商業大學企業管理系(臺北校區)(正取); 中原大學會計學系(正取)"
CAND_0563,115,yuntech_acc,國立雲林科技大學,會計系,國立雲林科技大學 會計系,67090162,—,備取,國立雲林科技大學,國立雲林科技大學會計系,原校系/本校留任,3,"國立雲林科技大學會計系(備取,分發); 國立高雄科技大學會計資訊系(通過); 國立臺中科技大學會計資訊系(通過)"
CAND_0564,115,yuntech_acc,國立雲林科技大學,會計系,國立雲林科技大學 會計系,67090053,*儀,備取,國立雲林科技大學,國立雲林科技大學會計系,原校系/本校留任,4,"國立雲林科技大學會計系(備取,分發); 國立高雄科技大學會計資訊系(正取); 國立高雄科技大學財政稅務系(通過); 國立臺中科技大學會計資訊系(通過)"
CAND_0565,115,yuntech_acc,國立雲林科技大學,會計系,國立雲林科技大學 會計系,68090384,李*,備取,國立雲林科技大學,國立雲林科技大學會計系,原校系/本校留任,1,"國立雲林科技大學會計系(備取,分發)"
CAND_0566,115,yuntech_acc,國立雲林科技大學,會計系,國立雲林科技大學 會計系,57090877,余*言,備取,國立雲林科技大學,國立雲林科技大學會計系,原校系/本校留任,2,"國立雲林科技大學會計系(備取,分發); 國立臺中科技大學會計資訊系(通過)"
CAND_0567,115,yuntech_acc,國立雲林科技大學,會計系,國立雲林科技大學 會計系,61090599,蘇*,備取,中原大學,中原大學資訊管理學系,其他學校錄取,5,"國立雲林科技大學會計系(備取); 國立雲林科技大學資訊管理系(正取); 國立高雄科技大學資訊管理系(正取); 中原大學資訊管理學系(正取); 中原大學資訊管理學系(正取,分發)"
CAND_0568,115,yuntech_acc,國立雲林科技大學,會計系,國立雲林科技大學 會計系,56090286,*婷,備取,國立雲林科技大學,國立雲林科技大學會計系,原校系/本校留任,3,"國立雲林科技大學會計系(備取,分發); 中原大學國際經營與貿易學系(正取); 中原大學會計學系(正取)"
CAND_0569,115,yuntech_acc,國立雲林科技大學,會計系,國立雲林科技大學 會計系,67090365,許*盛,備取,—,—,未分發或放棄,3,國立雲林科技大學會計系(備取); 國立雲林科技大學財務金融系(通過); 國立高雄科技大學會計資訊系(通過)
CAND_0570,115,yuntech_acc,國立雲林科技大學,會計系,國立雲林科技大學 會計系,51540001,陳*承,備取,國立臺北科技大學,國立臺北科技大學工業工程與管理系,其他學校錄取,5,"國立雲林科技大學會計系(備取); 國立臺灣科技大學企業管理系(通過); 國立雲林科技大學企業管理系(正取); 國立臺北科技大學工業工程與管理系(備取,分發); 國立臺北商業大學會計資訊系(臺北校區)(備取)"
CAND_0571,115,yuntech_acc,國立雲林科技大學,會計系,國立雲林科技大學 會計系,70090704,維*,備取,國立雲林科技大學,國立雲林科技大學會計系,原校系/本校留任,3,"國立雲林科技大學會計系(備取,分發); 國立高雄科技大學會計資訊系(正取); 國立高雄科技大學財政稅務系(正取)"
CAND_0572,115,yuntech_acc,國立雲林科技大學,會計系,國立雲林科技大學 會計系,68530025,陳*逸,備取,國立高雄科技大學,國立高雄科技大學資訊管理系,其他學校錄取,3,"國立雲林科技大學會計系(備取); 國立高雄科技大學資訊管理系(正取,分發); 國立臺中科技大學資訊管理系(通過)"
CAND_0573,115,yuntech_acc,國立雲林科技大學,會計系,國立雲林科技大學 會計系,58090301,邱*,備取,國立雲林科技大學,國立雲林科技大學會計系,原校系/本校留任,6,"國立雲林科技大學會計系(備取,分發); 國立雲林科技大學財務金融系(備取); 國立高雄科技大學企業管理系(正取); 國立高雄科技大學財務管理系(備取); 國立高雄科技大學金融資訊系(正取); 國立臺北商業大學企業管理系(臺北校區)(正取)"
CAND_0574,115,yuntech_acc,國立雲林科技大學,會計系,國立雲林科技大學 會計系,61090033,林*珊,備取,國立彰化師範大學,國立彰化師範大學財務金融技術學系,其他學校錄取,3,"國立雲林科技大學會計系(備取); 國立臺北商業大學財政稅務系(臺北校區)(備取); 國立彰化師範大學財務金融技術學系(正取,分發)"
CAND_0575,115,yuntech_acc,國立雲林科技大學,會計系,國立雲林科技大學 會計系,55090139,*恩,備取,國立雲林科技大學,國立雲林科技大學工業工程與管理系,原校系/本校留任,3,"國立雲林科技大學會計系(備取); 國立雲林科技大學工業工程與管理系(正取,分發); 國立臺北商業大學資訊管理系(臺北校區)(資安人才)(通過)"
CAND_0576,115,yuntech_acc,國立雲林科技大學,會計系,國立雲林科技大學 會計系,65090026,湯*晴,備取,國立雲林科技大學,國立雲林科技大學會計系,原校系/本校留任,3,"國立雲林科技大學會計系(備取,分發); 國立高雄科技大學金融系(備取); 國立高雄科技大學會計資訊系(正取)"
CAND_0577,115,yuntech_acc,國立雲林科技大學,會計系,國立雲林科技大學 會計系,61091022,*筑,備取,逢甲大學,逢甲大學會計學系,其他學校錄取,6,"國立雲林科技大學會計系(備取); 國立高雄科技大學財政稅務系(通過); 國立臺中科技大學財政稅務系(正取); 國立臺北商業大學財政稅務系(臺北校區)(備取); 逢甲大學會計學系(正取,分發); 逢甲大學財稅學系(通過)"
CAND_0578,115,yuntech_acc,國立雲林科技大學,會計系,國立雲林科技大學 會計系,58090116,蘇*媞,備取,國立雲林科技大學,國立雲林科技大學資訊管理系,原校系/本校留任,3,"國立雲林科技大學會計系(備取); 國立雲林科技大學資訊管理系(備取,分發); 國立臺中科技大學資訊管理系(正取)"
CAND_0579,115,yuntech_acc,國立雲林科技大學,會計系,國立雲林科技大學 會計系,65090035,賴*岑,備取,國立雲林科技大學,國立雲林科技大學會計系,原校系/本校留任,2,"國立雲林科技大學會計系(備取,分發); 國立臺北商業大學會計資訊系(臺北校區)(備取)"
CAND_0580,115,yuntech_acc,國立雲林科技大學,會計系,國立雲林科技大學 會計系,61090074,*詒,備取,國立臺北商業大學,國立臺北商業大學企業管理系(臺北校區),其他學校錄取,3,"國立雲林科技大學會計系(備取); 國立臺中科技大學財務金融系(通過); 國立臺北商業大學企業管理系(臺北校區)(備取,分發)"
CAND_0581,115,yuntech_acc,國立雲林科技大學,會計系,國立雲林科技大學 會計系,63090356,林*鈞,備取,國立雲林科技大學,國立雲林科技大學會計系,原校系/本校留任,5,"國立雲林科技大學會計系(備取,分發); 國立高雄科技大學會計資訊系(正取); 國立虎尾科技大學財務金融系(通過); 國立勤益科技大學資訊管理系(通過); 國立臺中科技大學會計資訊系(正取)"
CAND_0582,115,yuntech_acc,國立雲林科技大學,會計系,國立雲林科技大學 會計系,58090028,維*濤,備取,國立雲林科技大學,國立雲林科技大學會計系,原校系/本校留任,3,"國立雲林科技大學會計系(備取,分發); 國立臺北商業大學財政稅務系(臺北校區)(備取); 國立臺北商業大學企業管理系(臺北校區)(備取)"
CAND_0583,115,yuntech_acc,國立雲林科技大學,會計系,國立雲林科技大學 會計系,69530009,黄*,備取,國立雲林科技大學,國立雲林科技大學會計系,原校系/本校留任,1,"國立雲林科技大學會計系(備取,分發)"
CAND_0584,115,yuntech_acc,國立雲林科技大學,會計系,國立雲林科技大學 會計系,57090005,*岑,備取,國立雲林科技大學,國立雲林科技大學會計系,原校系/本校留任,1,"國立雲林科技大學會計系(備取,分發)"
CAND_0585,115,yuntech_acc,國立雲林科技大學,會計系,國立雲林科技大學 會計系,58090404,顏*,備取,國立臺北商業大學,國立臺北商業大學財政稅務系(臺北校區),其他學校錄取,3,"國立雲林科技大學會計系(備取); 國立雲林科技大學國際管理學士學位學程(正取); 國立臺北商業大學財政稅務系(臺北校區)(備取,分發)"
CAND_0586,115,yuntech_acc,國立雲林科技大學,會計系,國立雲林科技大學 會計系,64090133,江*銘,備取,國立雲林科技大學,國立雲林科技大學會計系,原校系/本校留任,2,"國立雲林科技大學會計系(備取,分發); 國立臺北商業大學財政稅務系(臺北校區)(備取)"
CAND_0587,115,yuntech_acc,國立雲林科技大學,會計系,國立雲林科技大學 會計系,57090749,*俞,備取,國立雲林科技大學,國立雲林科技大學會計系,原校系/本校留任,2,"國立雲林科技大學會計系(備取,分發); 國立臺中科技大學企業管理系(正取)"
CAND_0588,115,yuntech_acc,國立雲林科技大學,會計系,國立雲林科技大學 會計系,70090902,毛*羽,備取,國立雲林科技大學,國立雲林科技大學會計系,原校系/本校留任,3,"國立雲林科技大學會計系(備取,分發); 國立高雄科技大學金融資訊系(正取); 國立臺中科技大學財務金融系(正取)"
CAND_0589,115,yuntech_acc,國立雲林科技大學,會計系,國立雲林科技大學 會計系,68090081,黄*稦,備取,國立雲林科技大學,國立雲林科技大學會計系,原校系/本校留任,3,"國立雲林科技大學會計系(備取,分發); 國立臺北商業大學企業管理系(臺北校區)(備取); 國立臺北商業大學數位多媒體設計系(桃園校區)(通過)"
CAND_0590,115,yuntech_acc,國立雲林科技大學,會計系,國立雲林科技大學 會計系,58090345,蘇*晴,備取,國立雲林科技大學,國立雲林科技大學會計系,原校系/本校留任,4,"國立雲林科技大學會計系(備取,分發); 國立高雄科技大學資訊管理系(通過); 國立臺中科技大學會計資訊系(正取); 中原大學會計學系(正取)"
CAND_0591,115,yuntech_acc,國立雲林科技大學,會計系,國立雲林科技大學 會計系,70090049,黄*哈,備取,國立高雄科技大學,國立高雄科技大學會計資訊系,其他學校錄取,3,"國立雲林科技大學會計系(備取); 國立高雄科技大學會計資訊系(正取,分發); 國立臺中科技大學財務金融系(通過)"
CAND_0592,115,yuntech_acc,國立雲林科技大學,會計系,國立雲林科技大學 會計系,68090090,康*倩,備取,國立雲林科技大學,國立雲林科技大學財務金融系,原校系/本校留任,3,"國立雲林科技大學會計系(備取); 國立雲林科技大學財務金融系(備取,分發); 國立臺中科技大學財務金融系(正取)"
CAND_0593,115,yuntech_acc,國立雲林科技大學,會計系,國立雲林科技大學 會計系,52090086,李*妤,備取,國立臺北商業大學,國立臺北商業大學企業管理系(臺北校區),其他學校錄取,3,"國立雲林科技大學會計系(備取); 國立雲林科技大學財務金融系(備取); 國立臺北商業大學企業管理系(臺北校區)(備取,分發)"
CAND_0594,115,yuntech_acc,國立雲林科技大學,會計系,國立雲林科技大學 會計系,59090338,何*緯,備取,國立雲林科技大學,國立雲林科技大學會計系,原校系/本校留任,3,"國立雲林科技大學會計系(備取,分發); 國立臺中科技大學會計資訊系(備取); 中原大學會計學系(備取)"
CAND_0595,115,yuntech_acc,國立雲林科技大學,會計系,國立雲林科技大學 會計系,57090111,—,備取,中原大學,中原大學會計學系,其他學校錄取,4,"國立雲林科技大學會計系(備取); 國立高雄科技大學會計資訊系(通過); 國立臺中科技大學會計資訊系(正取); 中原大學會計學系(備取,分發)"
CAND_0596,115,yuntech_acc,國立雲林科技大學,會計系,國立雲林科技大學 會計系,59090196,*寶,備取,國立高雄科技大學,國立高雄科技大學會計資訊系,其他學校錄取,3,"國立雲林科技大學會計系(備取); 國立雲林科技大學財務金融系(備取); 國立高雄科技大學會計資訊系(正取,分發)"
CAND_0597,115,yuntech_acc,國立雲林科技大學,會計系,國立雲林科技大學 會計系,54090324,陳*昕,備取,—,—,未分發或放棄,4,國立雲林科技大學會計系(備取); 國立高雄科技大學財務管理系(通過); 國立高雄科技大學會計資訊系(正取); 國立臺中科技大學會計資訊系(備取)
CAND_0598,115,yuntech_acc,國立雲林科技大學,會計系,國立雲林科技大學 會計系,57090425,陳*諭,備取,國立雲林科技大學,國立雲林科技大學會計系,原校系/本校留任,4,"國立雲林科技大學會計系(備取,分發); 國立高雄科技大學金融系(正取); 國立高雄科技大學金融資訊系(通過); 國立臺中科技大學財務金融系(正取)"
CAND_0599,115,yuntech_acc,國立雲林科技大學,會計系,國立雲林科技大學 會計系,63090209,*溎,備取,國立臺中科技大學,國立臺中科技大學會計資訊系,其他學校錄取,6,"國立雲林科技大學會計系(備取); 國立高雄科技大學會計資訊系(備取); 國立高雄科技大學財政稅務系(正取); 國立虎尾科技大學財務金融系(通過); 國立臺中科技大學會計資訊系(正取,分發); 逢甲大學會計學系(正取)"
CAND_0600,115,yuntech_acc,國立雲林科技大學,會計系,國立雲林科技大學 會計系,64090333,歐*柴,備取,—,—,未分發或放棄,3,國立雲林科技大學會計系(備取); 國立高雄科技大學企業管理系(通過); 國立臺中科技大學財務金融系(通過)
CAND_0601,115,yuntech_acc,國立雲林科技大學,會計系,國立雲林科技大學 會計系,68090410,—,備取,國立雲林科技大學,國立雲林科技大學文化資產維護系,原校系/本校留任,4,"國立雲林科技大學會計系(備取); 國立雲林科技大學文化資產維護系(正取,分發); 國立高雄科技大學航運管理系(通過); 國立臺中科技大學應用中文系(通過)"
CAND_0602,115,yuntech_acc,國立雲林科技大學,會計系,國立雲林科技大學 會計系,51090054,鄭*凱,備取,—,—,未分發或放棄,3,國立雲林科技大學會計系(通過); 國立高雄科技大學會計資訊系(通過); 國立臺北商業大學會計資訊系(臺北校區)(通過)
CAND_0603,115,yuntech_acc,國立雲林科技大學,會計系,國立雲林科技大學 會計系,52090274,*恩,備取,—,—,未分發或放棄,3,國立雲林科技大學會計系(通過); 國立雲林科技大學財務金融系(通過); 國立彰化師範大學財務金融技術學系(備取)
CAND_0604,115,yuntech_acc,國立雲林科技大學,會計系,國立雲林科技大學 會計系,52090310,李*栩,備取,國立臺北商業大學,國立臺北商業大學會計資訊系(臺北校區),其他學校錄取,4,"國立雲林科技大學會計系(通過); 國立臺北科技大學工業工程與管理系(備取); 國立臺北科技大學經營管理系(通過); 國立臺北商業大學會計資訊系(臺北校區)(備取,分發)"
CAND_0605,115,yuntech_acc,國立雲林科技大學,會計系,國立雲林科技大學 會計系,56090096,吳*,備取,國立臺北商業大學,國立臺北商業大學企業管理系(臺北校區),其他學校錄取,5,"國立雲林科技大學會計系(通過); 國立臺中科技大學會計資訊系(正取); 國立臺北商業大學企業管理系(臺北校區)(正取,分發); 國立屏東大學會計學系(通過); 中原大學會計學系(備取)"
CAND_0606,115,yuntech_acc,國立雲林科技大學,會計系,國立雲林科技大學 會計系,56090272,陳*哈,備取,國立雲林科技大學,國立雲林科技大學資訊管理系,原校系/本校留任,5,"國立雲林科技大學會計系(通過); 國立雲林科技大學資訊管理系(正取,分發); 國立高雄科技大學資訊管理系(正取); 國立臺中科技大學資訊工程系(正取); 國立臺北商業大學資訊管理系(臺北校區)(正取)"
CAND_0607,115,yuntech_acc,國立雲林科技大學,會計系,國立雲林科技大學 會計系,57090082,吳*瑭,備取,—,—,未分發或放棄,4,國立雲林科技大學會計系(通過); 國立雲林科技大學財務金融系(通過); 國立臺中科技大學財務金融系(通過); 國立臺北商業大學企業管理系(臺北校區)(通過)
CAND_0608,115,yuntech_acc,國立雲林科技大學,會計系,國立雲林科技大學 會計系,57090157,黄*慈,備取,中原大學,中原大學會計學系,其他學校錄取,3,"國立雲林科技大學會計系(通過); 國立雲林科技大學財務金融系(通過); 中原大學會計學系(正取,分發)"
CAND_0609,115,yuntech_acc,國立雲林科技大學,會計系,國立雲林科技大學 會計系,57090827,李*珊,備取,—,—,未分發或放棄,6,國立雲林科技大學會計系(通過); 國立雲林科技大學財務金融系(通過); 國立臺北科技大學資訊與財金管理系(通過); 國立成功大學會計學系(通過); 國立中興大學應用經濟學系(通過); 國立彰化師範大學財務金融技術學系(通過)
CAND_0610,115,yuntech_acc,國立雲林科技大學,會計系,國立雲林科技大學 會計系,57090932,葉*喻,備取,國立臺北科技大學,國立臺北科技大學經營管理系,其他學校錄取,6,"國立雲林科技大學會計系(通過); 國立臺灣科技大學企業管理系(通過); 國立臺北科技大學工業工程與管理系(正取); 國立臺北科技大學經營管理系(正取,分發); 國立臺北商業大學會計資訊系(臺北校區)(通過); 國立彰化師範大學財務金融技術學系(通過)"
CAND_0611,115,yuntech_acc,國立雲林科技大學,會計系,國立雲林科技大學 會計系,57090936,鄒*祐,備取,中原大學,中原大學會計學系,其他學校錄取,3,"國立雲林科技大學會計系(通過); 中原大學會計學系(正取,分發); 中原大學資訊管理學系(通過)"
CAND_0612,115,yuntech_acc,國立雲林科技大學,會計系,國立雲林科技大學 會計系,58090289,郭*熙,備取,—,—,未分發或放棄,2,國立雲林科技大學會計系(通過); 國立臺北商業大學會計資訊系(臺北校區)(通過)
CAND_0613,115,yuntech_acc,國立雲林科技大學,會計系,國立雲林科技大學 會計系,58090527,*錡,備取,國立臺灣科技大學,國立臺灣科技大學企業管理系,其他學校錄取,5,"國立雲林科技大學會計系(通過); 國立臺灣科技大學企業管理系(正取,分發); 國立臺北科技大學經營管理系(正取); 國立臺北商業大學會計資訊系(臺北校區)(通過); 國立臺北商業大學財務金融系(臺北校區)(通過)"
CAND_0614,115,yuntech_acc,國立雲林科技大學,會計系,國立雲林科技大學 會計系,59090130,何*,備取,國立臺北商業大學,國立臺北商業大學會計資訊系(臺北校區),其他學校錄取,4,"國立雲林科技大學會計系(通過); 國立臺中科技大學財務金融系(通過); 國立臺北商業大學會計資訊系(臺北校區)(備取,分發); 國立臺北商業大學國際商務系(臺北校區)(通過)"
CAND_0615,115,yuntech_acc,國立雲林科技大學,會計系,國立雲林科技大學 會計系,61090081,林*珊,備取,國立雲林科技大學,國立雲林科技大學工業工程與管理系,原校系/本校留任,3,"國立雲林科技大學會計系(通過); 國立雲林科技大學工業工程與管理系(正取,分發); 國立臺中教育大學國際企業學系(通過)"
CAND_0616,115,yuntech_acc,國立雲林科技大學,會計系,國立雲林科技大學 會計系,61090202,胡*祐,備取,國立臺中科技大學,國立臺中科技大學會計資訊系,其他學校錄取,4,"國立雲林科技大學會計系(通過); 國立高雄科技大學會計資訊系(通過); 國立高雄科技大學財政稅務系(通過); 國立臺中科技大學會計資訊系(正取,分發)"
CAND_0617,115,yuntech_acc,國立雲林科技大學,會計系,國立雲林科技大學 會計系,61090244,*甯,備取,逢甲大學,逢甲大學會計學系,其他學校錄取,4,"國立雲林科技大學會計系(通過); 國立臺北商業大學會計資訊系(臺北校區)(通過); 中原大學會計學系(備取); 逢甲大學會計學系(正取,分發)"
CAND_0618,115,yuntech_acc,國立雲林科技大學,會計系,國立雲林科技大學 會計系,61090377,魏*𡤃,備取,國立臺中科技大學,國立臺中科技大學財務金融系,其他學校錄取,6,"國立雲林科技大學會計系(通過); 國立雲林科技大學財務金融系(備取); 國立高雄科技大學會計資訊系(通過); 國立高雄科技大學金融資訊系(正取); 國立虎尾科技大學財務金融系(通過); 國立臺中科技大學財務金融系(正取,分發)"
CAND_0619,115,yuntech_acc,國立雲林科技大學,會計系,國立雲林科技大學 會計系,61090485,張*,備取,國立雲林科技大學,國立雲林科技大學財務金融系,原校系/本校留任,2,"國立雲林科技大學會計系(通過); 國立雲林科技大學財務金融系(備取,分發)"
CAND_0620,115,yuntech_acc,國立雲林科技大學,會計系,國立雲林科技大學 會計系,63090403,林*佐,備取,—,—,未分發或放棄,3,國立雲林科技大學會計系(通過); 國立雲林科技大學財務金融系(通過); 國立臺北商業大學企業管理系(臺北校區)(通過)
CAND_0621,115,yuntech_acc,國立雲林科技大學,會計系,國立雲林科技大學 會計系,64090053,陳*錡,備取,—,—,未分發或放棄,3,國立雲林科技大學會計系(通過); 國立雲林科技大學工業工程與管理系(通過); 國立臺北科技大學工業工程與管理系(通過)
CAND_0622,115,yuntech_acc,國立雲林科技大學,會計系,國立雲林科技大學 會計系,65090141,張*,備取,國立雲林科技大學,國立雲林科技大學工業工程與管理系,原校系/本校留任,3,"國立雲林科技大學會計系(通過); 國立雲林科技大學工業工程與管理系(正取,分發); 國立臺中科技大學資訊工程系(通過)"
CAND_0623,115,yuntech_acc,國立雲林科技大學,會計系,國立雲林科技大學 會計系,67090154,*茗,備取,國立臺北商業大學,國立臺北商業大學財務金融系(臺北校區),其他學校錄取,5,"國立雲林科技大學會計系(通過); 國立雲林科技大學財務金融系(通過); 國立高雄科技大學金融系(通過); 國立臺北商業大學財務金融系(臺北校區)(正取,分發); 國立臺北商業大學財政稅務系(臺北校區)(通過)"
CAND_0624,115,yuntech_acc,國立雲林科技大學,會計系,國立雲林科技大學 會計系,67090198,江*廷,備取,逢甲大學,逢甲大學會計學系,其他學校錄取,4,"國立雲林科技大學會計系(通過); 國立臺中科技大學會計資訊系(備取); 朝陽科技大學會計系(通過); 逢甲大學會計學系(備取,分發)"
CAND_0625,115,yuntech_acc,國立雲林科技大學,會計系,國立雲林科技大學 會計系,68090390,—,備取,國立臺北商業大學,國立臺北商業大學國際商務系(臺北校區),其他學校錄取,6,"國立雲林科技大學會計系(通過); 國立雲林科技大學企業管理系(通過); 國立高雄科技大學金融系(通過); 國立臺北商業大學財政稅務系(臺北校區)(通過); 國立臺北商業大學國際商務系(臺北校區)(正取,分發); 國立臺北商業大學企業管理系(臺北校區)(通過)"
CAND_0626,115,yuntech_acc,國立雲林科技大學,會計系,國立雲林科技大學 會計系,70090389,*茹,備取,—,—,未分發或放棄,3,國立雲林科技大學會計系(通過); 國立虎尾科技大學財務金融系(通過); 國立臺中科技大學會計資訊系(通過)
CAND_0627,115,yuntech_acc,國立雲林科技大學,會計系,國立雲林科技大學 會計系,70090691,李*道,備取,—,—,未分發或放棄,2,國立雲林科技大學會計系(通過); 國立臺北商業大學會計資訊系(臺北校區)(通過)
CAND_0628,115,yuntech_acc,國立雲林科技大學,會計系,國立雲林科技大學 會計系,70090765,楊*軒,備取,國立雲林科技大學,國立雲林科技大學財務金融系,原校系/本校留任,2,"國立雲林科技大學會計系(通過); 國立雲林科技大學財務金融系(正取,分發)"
CAND_0629,115,yuntech_acc,國立雲林科技大學,會計系,國立雲林科技大學 會計系,70090812,—,備取,—,—,未分發或放棄,4,國立雲林科技大學會計系(通過); 國立高雄科技大學財務管理系(通過); 國立高雄科技大學會計資訊系(通過); 國立臺中科技大學財務金融系(通過)
CAND_0630,115,yuntech_acc,國立雲林科技大學,會計系,國立雲林科技大學 會計系,73090167,鄧*綺,備取,國立臺中科技大學,國立臺中科技大學會計資訊系,其他學校錄取,6,"國立雲林科技大學會計系(通過); 國立高雄科技大學會計資訊系(通過); 國立虎尾科技大學企業管理系(通過); 國立臺中科技大學會計資訊系(備取,分發); 致理科技大學財務金融系(通過); 國立屏東大學會計學系(通過)"
CAND_0631,114,yuntech_acc,國立雲林科技大學,會計系,國立雲林科技大學 會計系,61091705,*柔,正取,逢甲大學,逢甲大學財稅學系,其他學校錄取,5,"國立雲林科技大學會計系(正取); 國立臺北商業大學財政稅務系(臺北校區)(正取); 東海大學會計學系(正取); 逢甲大學會計學系(通過); 逢甲大學財稅學系(正取,分發)"
CAND_0632,114,yuntech_acc,國立雲林科技大學,會計系,國立雲林科技大學 會計系,61090953,楊*,正取,國立雲林科技大學,國立雲林科技大學會計系,原校系/本校留任,1,"國立雲林科技大學會計系(正取,分發)"
CAND_0633,114,yuntech_acc,國立雲林科技大學,會計系,國立雲林科技大學 會計系,67090246,維*育,正取,國立臺北商業大學,國立臺北商業大學財政稅務系(臺北校區),其他學校錄取,6,"國立雲林科技大學會計系(正取); 國立雲林科技大學財務金融系(通過); 國立高雄科技大學會計資訊系(通過); 國立高雄科技大學財政稅務系(通過); 國立臺中科技大學財政稅務系(正取); 國立臺北商業大學財政稅務系(臺北校區)(正取,分發)"
CAND_0634,114,yuntech_acc,國立雲林科技大學,會計系,國立雲林科技大學 會計系,61090433,陳*慈,正取,國立雲林科技大學,國立雲林科技大學會計系,原校系/本校留任,4,"國立雲林科技大學會計系(正取,分發); 國立雲林科技大學財務金融系(通過); 國立高雄科技大學會計資訊系(正取); 國立臺中科技大學會計資訊系(正取)"
CAND_0635,114,yuntech_acc,國立雲林科技大學,會計系,國立雲林科技大學 會計系,52090087,吳*,正取,國立雲林科技大學,國立雲林科技大學資訊管理系,原校系/本校留任,4,"國立雲林科技大學會計系(正取); 國立雲林科技大學資訊管理系(正取,分發); 國立臺北商業大學財政稅務系(臺北校區)(備取); 中原大學資訊管理學系(正取)"
CAND_0636,114,yuntech_acc,國立雲林科技大學,會計系,國立雲林科技大學 會計系,57090030,李*琳,正取,國立雲林科技大學,國立雲林科技大學會計系,原校系/本校留任,5,"國立雲林科技大學會計系(正取,分發); 國立雲林科技大學財務金融系(通過); 國立臺北科技大學工業工程與管理系(通過); 國立高雄科技大學財務管理系(通過); 國立臺北商業大學財政稅務系(臺北校區)(通過)"
CAND_0637,114,yuntech_acc,國立雲林科技大學,會計系,國立雲林科技大學 會計系,63090445,翁*,正取,國立雲林科技大學,國立雲林科技大學財務金融系,原校系/本校留任,4,"國立雲林科技大學會計系(正取); 國立雲林科技大學財務金融系(正取,分發); 國立臺中科技大學財務金融系(通過); 國立臺北商業大學財務金融系(臺北校區)(通過)"
CAND_0638,114,yuntech_acc,國立雲林科技大學,會計系,國立雲林科技大學 會計系,71090302,陳*穎,正取,國立雲林科技大學,國立雲林科技大學會計系,原校系/本校留任,5,"國立雲林科技大學會計系(正取,分發); 國立雲林科技大學財務金融系(正取); 國立高雄科技大學資訊管理系(通過); 國立高雄科技大學財務管理系(正取); 國立高雄科技大學金融資訊系(通過)"
CAND_0639,114,yuntech_acc,國立雲林科技大學,會計系,國立雲林科技大學 會計系,67090278,張*瑜,正取,國立雲林科技大學,國立雲林科技大學會計系,原校系/本校留任,6,"國立雲林科技大學會計系(正取,分發); 國立雲林科技大學財務金融系(正取); 國立高雄科技大學財務管理系(通過); 國立高雄科技大學會計資訊系(通過); 國立臺中科技大學財務金融系(通過); 國立臺北商業大學會計資訊系(臺北校區)(正取)"
CAND_0640,114,yuntech_acc,國立雲林科技大學,會計系,國立雲林科技大學 會計系,61091613,林*,正取,國立彰化師範大學,國立彰化師範大學財務金融技術學系,其他學校錄取,5,"國立雲林科技大學會計系(正取); 國立臺中科技大學財政稅務系(通過); 國立彰化師範大學財務金融技術學系(正取,分發); 國立臺中教育大學國際企業學系(正取); 國立屏東大學財務金融學系(通過)"
CAND_0641,114,yuntech_acc,國立雲林科技大學,會計系,國立雲林科技大學 會計系,67090322,林*,正取,國立臺北商業大學,國立臺北商業大學會計資訊系(臺北校區),其他學校錄取,2,"國立雲林科技大學會計系(正取); 國立臺北商業大學會計資訊系(臺北校區)(備取,分發)"
CAND_0642,114,yuntech_acc,國立雲林科技大學,會計系,國立雲林科技大學 會計系,64090379,李*箏,正取,國立臺北商業大學,國立臺北商業大學會計資訊系(臺北校區),其他學校錄取,6,"國立雲林科技大學會計系(正取); 國立雲林科技大學財務金融系(通過); 國立高雄科技大學金融資訊系(通過); 國立臺北商業大學會計資訊系(臺北校區)(備取,分發); 國立彰化師範大學財務金融技術學系(備取); 淡江大學會計學系(通過)"
CAND_0643,114,yuntech_acc,國立雲林科技大學,會計系,國立雲林科技大學 會計系,67090290,黄*靜,正取,國立雲林科技大學,國立雲林科技大學會計系,原校系/本校留任,6,"國立雲林科技大學會計系(正取,分發); 國立高雄科技大學會計資訊系(正取); 國立高雄科技大學金融資訊系(正取); 國立虎尾科技大學財務金融系(正取); 國立臺中科技大學會計資訊系(正取); 國立屏東大學會計學系(正取)"
CAND_0644,114,yuntech_acc,國立雲林科技大學,會計系,國立雲林科技大學 會計系,70090754,蘇*喆,正取,國立雲林科技大學,國立雲林科技大學會計系,原校系/本校留任,3,"國立雲林科技大學會計系(正取,分發); 國立臺中科技大學財政稅務系(正取); 國立臺北商業大學財政稅務系(臺北校區)(正取)"
CAND_0645,114,yuntech_acc,國立雲林科技大學,會計系,國立雲林科技大學 會計系,68090178,史*瑄,正取,國立高雄科技大學,國立高雄科技大學金融系,其他學校錄取,3,"國立雲林科技大學會計系(正取); 國立高雄科技大學金融系(正取,分發); 國立虎尾科技大學財務金融系(通過)"
CAND_0646,114,yuntech_acc,國立雲林科技大學,會計系,國立雲林科技大學 會計系,64090056,陳*璇,正取,國立雲林科技大學,國立雲林科技大學會計系,原校系/本校留任,4,"國立雲林科技大學會計系(正取,分發); 國立高雄科技大學會計資訊系(通過); 國立臺中科技大學會計資訊系(通過); 逢甲大學會計學系(通過)"
CAND_0647,114,yuntech_acc,國立雲林科技大學,會計系,國立雲林科技大學 會計系,60090064,徐*君,正取,國立雲林科技大學,國立雲林科技大學會計系,原校系/本校留任,3,"國立雲林科技大學會計系(正取,分發); 國立高雄科技大學金融系(正取); 國立臺北商業大學財政稅務系(臺北校區)(正取)"
CAND_0648,114,yuntech_acc,國立雲林科技大學,會計系,國立雲林科技大學 會計系,64090483,*茹,正取,中原大學,中原大學會計學系,其他學校錄取,5,"國立雲林科技大學會計系(正取); 國立雲林科技大學企業管理系(通過); 中原大學會計學系(正取,分發); 逢甲大學會計學系(正取); 逢甲大學財稅學系(正取)"
CAND_0649,114,yuntech_acc,國立雲林科技大學,會計系,國立雲林科技大學 會計系,68090486,陳*恩,正取,國立雲林科技大學,國立雲林科技大學會計系,原校系/本校留任,5,"國立雲林科技大學會計系(正取,分發); 國立雲林科技大學工業工程與管理系(正取); 國立臺北科技大學經營管理系(通過); 國立高雄科技大學金融系(通過); 國立高雄科技大學會計資訊系(通過)"
CAND_0650,114,yuntech_acc,國立雲林科技大學,會計系,國立雲林科技大學 會計系,68090574,柯*𣘼,正取,國立高雄科技大學,國立高雄科技大學資訊管理系,其他學校錄取,4,"國立雲林科技大學會計系(正取); 國立高雄科技大學資訊管理系(正取,分發); 國立高雄科技大學智慧商務系(通過); 國立高雄科技大學商務資訊應用系(通過)"
CAND_0651,114,yuntech_acc,國立雲林科技大學,會計系,國立雲林科技大學 會計系,61091657,陳*女,正取,國立雲林科技大學,國立雲林科技大學會計系,原校系/本校留任,3,"國立雲林科技大學會計系(正取,分發); 國立臺中科技大學會計資訊系(通過); 國立臺北商業大學會計資訊系(臺北校區)(正取)"
CAND_0652,114,yuntech_acc,國立雲林科技大學,會計系,國立雲林科技大學 會計系,58090021,盧*住,正取,國立雲林科技大學,國立雲林科技大學會計系,原校系/本校留任,4,"國立雲林科技大學會計系(正取,分發); 國立雲林科技大學國際管理學士學位學程(正取); 國立高雄科技大學金融系(正取); 國立高雄科技大學財政稅務系(正取)"
CAND_0653,114,yuntech_acc,國立雲林科技大學,會計系,國立雲林科技大學 會計系,64090172,黄*茜,正取,國立雲林科技大學,國立雲林科技大學會計系,原校系/本校留任,2,"國立雲林科技大學會計系(正取,分發); 國立臺北商業大學會計資訊系(臺北校區)(備取)"
CAND_0654,114,yuntech_acc,國立雲林科技大學,會計系,國立雲林科技大學 會計系,61091232,陳*,正取,國立雲林科技大學,國立雲林科技大學會計系,原校系/本校留任,2,"國立雲林科技大學會計系(正取,分發); 國立臺中科技大學會計資訊系(備取)"
CAND_0655,114,yuntech_acc,國立雲林科技大學,會計系,國立雲林科技大學 會計系,63090385,許*榕,正取,國立雲林科技大學,國立雲林科技大學會計系,原校系/本校留任,5,"國立雲林科技大學會計系(正取,分發); 國立高雄科技大學金融系(正取); 國立高雄科技大學會計資訊系(正取); 國立高雄科技大學財政稅務系(正取); 國立虎尾科技大學財務金融系(通過)"
CAND_0656,114,yuntech_acc,國立雲林科技大學,會計系,國立雲林科技大學 會計系,52090666,林*,正取,中原大學,中原大學會計學系,其他學校錄取,5,"國立雲林科技大學會計系(正取); 國立雲林科技大學工業工程與管理系(正取); 國立高雄科技大學金融系(正取); 國立臺中科技大學財政稅務系(通過); 中原大學會計學系(正取,分發)"
CAND_0657,114,yuntech_acc,國立雲林科技大學,會計系,國立雲林科技大學 會計系,61091363,陳*芳,正取,國立雲林科技大學,國立雲林科技大學會計系,原校系/本校留任,4,"國立雲林科技大學會計系(正取,分發); 國立臺北商業大學會計資訊系(臺北校區)(正取); 中原大學會計學系(通過); 逢甲大學會計學系(通過)"
CAND_0658,114,yuntech_acc,國立雲林科技大學,會計系,國立雲林科技大學 會計系,52090781,謝*珈,正取,國立雲林科技大學,國立雲林科技大學會計系,原校系/本校留任,5,"國立雲林科技大學會計系(正取,分發); 國立高雄科技大學會計資訊系(正取); 國立高雄科技大學財政稅務系(正取); 國立臺中科技大學會計資訊系(備取); 國立臺北商業大學會計資訊系(臺北校區)(備取)"
CAND_0659,114,yuntech_acc,國立雲林科技大學,會計系,國立雲林科技大學 會計系,59090182,葵*沂,正取,國立雲林科技大學,國立雲林科技大學會計系,原校系/本校留任,3,"國立雲林科技大學會計系(正取,分發); 國立雲林科技大學資訊管理系(通過); 國立臺北商業大學會計資訊系(臺北校區)(備取)"
CAND_0660,114,yuntech_acc,國立雲林科技大學,會計系,國立雲林科技大學 會計系,68090362,歐*亞,正取,國立雲林科技大學,國立雲林科技大學會計系,原校系/本校留任,5,"國立雲林科技大學會計系(正取,分發); 國立高雄科技大學金融系(正取); 國立高雄科技大學財政稅務系(通過); 國立臺中科技大學財務金融系(正取); 國立臺北商業大學財政稅務系(臺北校區)(備取)"
CAND_0661,114,yuntech_acc,國立雲林科技大學,會計系,國立雲林科技大學 會計系,68090238,葵*瑄,正取,國立雲林科技大學,國立雲林科技大學會計系,原校系/本校留任,4,"國立雲林科技大學會計系(正取,分發); 國立臺北科技大學工業工程與管理系(備取); 國立高雄科技大學工業工程與管理系(正取); 國立臺北商業大學會計資訊系(臺北校區)(備取)"
CAND_0662,114,yuntech_acc,國立雲林科技大學,會計系,國立雲林科技大學 會計系,61091033,何*住,正取,—,—,未分發或放棄,5,國立雲林科技大學會計系(正取); 國立雲林科技大學財務金融系(通過); 國立高雄科技大學會計資訊系(通過); 國立高雄科技大學財政稅務系(通過); 國立臺北商業大學財政稅務系(臺北校區)(備取)
CAND_0663,114,yuntech_acc,國立雲林科技大學,會計系,國立雲林科技大學 會計系,68090470,林*誼,正取,國立雲林科技大學,國立雲林科技大學會計系,原校系/本校留任,3,"國立雲林科技大學會計系(正取,分發); 國立高雄科技大學航運管理系(正取); 國立臺北商業大學財政稅務系(臺北校區)(備取)"
CAND_0664,114,yuntech_acc,國立雲林科技大學,會計系,國立雲林科技大學 會計系,52090733,李*,正取,國立雲林科技大學,國立雲林科技大學會計系,原校系/本校留任,5,"國立雲林科技大學會計系(正取,分發); 國立臺北商業大學財政稅務系(臺北校區)(備取); 東海大學會計學系(備取); 中原大學會計學系(正取); 逢甲大學財稅學系(正取)"
CAND_0665,114,yuntech_acc,國立雲林科技大學,會計系,國立雲林科技大學 會計系,61090815,維*熒,正取,國立雲林科技大學,國立雲林科技大學會計系,原校系/本校留任,6,"國立雲林科技大學會計系(正取,分發); 國立雲林科技大學財務金融系(正取); 國立高雄科技大學會計資訊系(正取); 國立虎尾科技大學財務金融系(正取); 國立臺中科技大學財務金融系(正取); 國立臺北商業大學財政稅務系(臺北校區)(正取)"
CAND_0666,114,yuntech_acc,國立雲林科技大學,會計系,國立雲林科技大學 會計系,66090011,陳*達,正取,國立雲林科技大學,國立雲林科技大學會計系,原校系/本校留任,4,"國立雲林科技大學會計系(正取,分發); 國立高雄科技大學會計資訊系(正取); 國立臺中科技大學會計資訊系(通過); 國立臺北商業大學會計資訊系(臺北校區)(備取)"
CAND_0667,114,yuntech_acc,國立雲林科技大學,會計系,國立雲林科技大學 會計系,58090489,潘*朋,正取,—,—,未分發或放棄,3,國立雲林科技大學會計系(正取); 國立雲林科技大學工業工程與管理系(通過); 國立臺中科技大學會計資訊系(備取)
CAND_0668,114,yuntech_acc,國立雲林科技大學,會計系,國立雲林科技大學 會計系,61090641,林*珊,備取,逢甲大學,逢甲大學財務金融學系,其他學校錄取,3,"國立雲林科技大學會計系(備取); 逢甲大學會計學系(正取); 逢甲大學財務金融學系(正取,分發)"
CAND_0669,114,yuntech_acc,國立雲林科技大學,會計系,國立雲林科技大學 會計系,64090315,柯*,備取,國立臺北商業大學,國立臺北商業大學會計資訊系(臺北校區),其他學校錄取,6,"國立雲林科技大學會計系(備取); 國立臺北商業大學會計資訊系(臺北校區)(正取,分發); 國立彰化師範大學財務金融技術學系(正取); 逢甲大學會計學系(正取); 逢甲大學財稅學系(通過); 逢甲大學財務金融學系(通過)"
CAND_0670,114,yuntech_acc,國立雲林科技大學,會計系,國立雲林科技大學 會計系,55090405,F*,備取,國立臺北商業大學,國立臺北商業大學財政稅務系(臺北校區),其他學校錄取,2,"國立雲林科技大學會計系(備取); 國立臺北商業大學財政稅務系(臺北校區)(正取,分發)"
CAND_0671,114,yuntech_acc,國立雲林科技大學,會計系,國立雲林科技大學 會計系,68090097,—,備取,國立雲林科技大學,國立雲林科技大學財務金融系,原校系/本校留任,3,"國立雲林科技大學會計系(備取); 國立雲林科技大學財務金融系(備取,分發); 國立臺北商業大學會計資訊系(臺北校區)(備取)"
CAND_0672,114,yuntech_acc,國立雲林科技大學,會計系,國立雲林科技大學 會計系,68530012,林*,備取,國立雲林科技大學,國立雲林科技大學資訊管理系,原校系/本校留任,6,"國立雲林科技大學會計系(備取); 國立雲林科技大學資訊管理系(備取,分發); 國立高雄科技大學資訊管理系(通過); 國立高雄科技大學資訊管理系(通過); 國立臺中科技大學資訊管理系(通過); 國立臺北商業大學資訊管理系(臺北校區)(通過)"
CAND_0673,114,yuntech_acc,國立雲林科技大學,會計系,國立雲林科技大學 會計系,68090221,邱*欣,備取,國立雲林科技大學,國立雲林科技大學會計系,原校系/本校留任,4,"國立雲林科技大學會計系(備取,分發); 國立高雄科技大學運籌管理系(正取); 國立臺中科技大學會計資訊系(備取); 國立臺北商業大學財政稅務系(臺北校區)(備取)"
CAND_0674,114,yuntech_acc,國立雲林科技大學,會計系,國立雲林科技大學 會計系,64090187,陳*均,備取,國立雲林科技大學,國立雲林科技大學會計系,原校系/本校留任,6,"國立雲林科技大學會計系(備取,分發); 國立雲林科技大學財務金融系(備取); 國立高雄科技大學金融系(通過); 國立高雄科技大學會計資訊系(通過); 國立高雄科技大學金融資訊系(通過); 國立臺中科技大學財務金融系(通過)"
CAND_0675,114,yuntech_acc,國立雲林科技大學,會計系,國立雲林科技大學 會計系,67090144,F*,備取,國立雲林科技大學,國立雲林科技大學會計系,原校系/本校留任,5,"國立雲林科技大學會計系(備取,分發); 國立雲林科技大學財務金融系(通過); 國立高雄科技大學財務管理系(通過); 國立高雄科技大學會計資訊系(正取); 國立臺中科技大學會計資訊系(正取)"
CAND_0676,114,yuntech_acc,國立雲林科技大學,會計系,國立雲林科技大學 會計系,68090133,陳*婕,備取,國立雲林科技大學,國立雲林科技大學會計系,原校系/本校留任,3,"國立雲林科技大學會計系(備取,分發); 國立高雄科技大學會計資訊系(正取); 國立臺中科技大學財務金融系(正取)"
CAND_0677,114,yuntech_acc,國立雲林科技大學,會計系,國立雲林科技大學 會計系,66090189,葵*瑜,備取,國立高雄科技大學,國立高雄科技大學金融系,其他學校錄取,3,"國立雲林科技大學會計系(備取); 國立高雄科技大學金融系(備取,分發); 國立高雄科技大學會計資訊系(正取)"
CAND_0678,114,yuntech_acc,國立雲林科技大學,會計系,國立雲林科技大學 會計系,61090580,陳*,備取,國立雲林科技大學,國立雲林科技大學會計系,原校系/本校留任,4,"國立雲林科技大學會計系(備取,分發); 國立高雄科技大學金融系(正取); 國立高雄科技大學財政稅務系(備取); 國立臺中科技大學財務金融系(備取)"
CAND_0679,114,yuntech_acc,國立雲林科技大學,會計系,國立雲林科技大學 會計系,57090865,林*宇,備取,國立臺北商業大學,國立臺北商業大學財政稅務系(臺北校區),其他學校錄取,4,"國立雲林科技大學會計系(備取); 國立雲林科技大學企業管理系(備取); 國立高雄科技大學金融系(正取); 國立臺北商業大學財政稅務系(臺北校區)(備取,分發)"
CAND_0680,114,yuntech_acc,國立雲林科技大學,會計系,國立雲林科技大學 會計系,59090213,夏*,備取,國立雲林科技大學,國立雲林科技大學會計系,原校系/本校留任,3,"國立雲林科技大學會計系(備取,分發); 國立高雄科技大學資訊管理系(通過); 國立臺中科技大學財務金融系(正取)"
CAND_0681,114,yuntech_acc,國立雲林科技大學,會計系,國立雲林科技大學 會計系,61091203,黄*俐,備取,國立雲林科技大學,國立雲林科技大學會計系,原校系/本校留任,3,"國立雲林科技大學會計系(備取,分發); 國立臺北科技大學工業工程與管理系(通過); 國立臺北商業大學會計資訊系(臺北校區)(通過)"
CAND_0682,114,yuntech_acc,國立雲林科技大學,會計系,國立雲林科技大學 會計系,61090803,—,備取,國立臺中科技大學,國立臺中科技大學財務金融系,其他學校錄取,2,"國立雲林科技大學會計系(備取); 國立臺中科技大學財務金融系(正取,分發)"
CAND_0683,114,yuntech_acc,國立雲林科技大學,會計系,國立雲林科技大學 會計系,59090052,余*彤,備取,國立雲林科技大學,國立雲林科技大學會計系,原校系/本校留任,4,"國立雲林科技大學會計系(備取,分發); 國立高雄科技大學會計資訊系(通過); 國立高雄科技大學財政稅務系(通過); 國立臺中科技大學財政稅務系(通過)"
CAND_0684,114,yuntech_acc,國立雲林科技大學,會計系,國立雲林科技大學 會計系,58090149,何*,備取,國立雲林科技大學,國立雲林科技大學會計系,原校系/本校留任,3,"國立雲林科技大學會計系(備取,分發); 國立雲林科技大學資訊管理系(備取); 國立臺北商業大學企業管理系(臺北校區)(通過)"
CAND_0685,114,yuntech_acc,國立雲林科技大學,會計系,國立雲林科技大學 會計系,61091305,范*,備取,國立雲林科技大學,國立雲林科技大學會計系,原校系/本校留任,1,"國立雲林科技大學會計系(備取,分發)"
CAND_0686,114,yuntech_acc,國立雲林科技大學,會計系,國立雲林科技大學 會計系,64090282,汪*庭,備取,國立臺北商業大學,國立臺北商業大學會計資訊系(臺北校區),其他學校錄取,2,"國立雲林科技大學會計系(備取); 國立臺北商業大學會計資訊系(臺北校區)(備取,分發)"
CAND_0687,114,yuntech_acc,國立雲林科技大學,會計系,國立雲林科技大學 會計系,61090857,賴*,備取,國立雲林科技大學,國立雲林科技大學會計系,原校系/本校留任,4,"國立雲林科技大學會計系(備取,分發); 國立高雄科技大學財務管理系(通過); 國立高雄科技大學航運管理系(通過); 國立臺北商業大學會計資訊系(臺北校區)(備取)"
CAND_0688,114,yuntech_acc,國立雲林科技大學,會計系,國立雲林科技大學 會計系,61091179,李*靚,備取,—,—,未分發或放棄,3,國立雲林科技大學會計系(備取); 國立勤益科技大學工業工程與管理系(通過); 國立臺中科技大學財務金融系(通過)
CAND_0689,114,yuntech_acc,國立雲林科技大學,會計系,國立雲林科技大學 會計系,61090903,黄*,備取,國立高雄科技大學,國立高雄科技大學財務管理系,其他學校錄取,4,"國立雲林科技大學會計系(備取); 國立高雄科技大學財務管理系(備取,分發); 國立臺中科技大學會計資訊系(備取); 國立臺北商業大學會計資訊系(臺北校區)(備取)"
CAND_0690,114,yuntech_acc,國立雲林科技大學,會計系,國立雲林科技大學 會計系,58090473,郭*盛,備取,—,—,未分發或放棄,1,國立雲林科技大學會計系(備取)
CAND_0691,114,yuntech_acc,國立雲林科技大學,會計系,國立雲林科技大學 會計系,59090365,A*盲,備取,國立高雄科技大學,國立高雄科技大學財務管理系,其他學校錄取,5,"國立雲林科技大學會計系(備取); 國立雲林科技大學財務金融系(通過); 國立高雄科技大學金融系(通過); 國立高雄科技大學財務管理系(備取,分發); 國立臺北商業大學會計資訊系(臺北校區)(通過)"
CAND_0692,114,yuntech_acc,國立雲林科技大學,會計系,國立雲林科技大學 會計系,63090469,林*廷,備取,國立臺北商業大學,國立臺北商業大學會計資訊系(臺北校區),其他學校錄取,4,"國立雲林科技大學會計系(備取); 國立臺中科技大學會計資訊系(正取); 國立臺北商業大學會計資訊系(臺北校區)(備取,分發); 國立彰化師範大學財務金融技術學系(備取)"
CAND_0693,114,yuntech_acc,國立雲林科技大學,會計系,國立雲林科技大學 會計系,64090012,林*如,備取,—,—,未分發或放棄,3,國立雲林科技大學會計系(備取); 國立高雄科技大學會計資訊系(通過); 國立臺中科技大學會計資訊系(通過)
CAND_0694,114,yuntech_acc,國立雲林科技大學,會計系,國立雲林科技大學 會計系,55090309,林*,備取,銘傳大學,銘傳大學會計學系(台北校區),其他學校錄取,3,"國立雲林科技大學會計系(備取); 國立臺中科技大學會計資訊系(通過); 銘傳大學會計學系(台北校區)(正取,分發)"
CAND_0695,114,yuntech_acc,國立雲林科技大學,會計系,國立雲林科技大學 會計系,57090497,楊*祐,備取,—,—,未分發或放棄,1,國立雲林科技大學會計系(備取)
CAND_0696,114,yuntech_acc,國立雲林科技大學,會計系,國立雲林科技大學 會計系,61091109,*羽,備取,國立雲林科技大學,國立雲林科技大學財務金融系,原校系/本校留任,2,"國立雲林科技大學會計系(備取); 國立雲林科技大學財務金融系(備取,分發)"
CAND_0697,114,yuntech_acc,國立雲林科技大學,會計系,國立雲林科技大學 會計系,61090691,林*真,備取,—,—,未分發或放棄,3,國立雲林科技大學會計系(備取); 國立高雄科技大學行銷與流通管理系(通過); 國立臺中科技大學會計資訊系(通過)
CAND_0698,114,yuntech_acc,國立雲林科技大學,會計系,國立雲林科技大學 會計系,57090882,林*J,備取,中原大學,中原大學會計學系,其他學校錄取,4,"國立雲林科技大學會計系(備取); 國立臺北商業大學會計資訊系(臺北校區)(備取); 國立彰化師範大學財務金融技術學系(正取); 中原大學會計學系(正取,分發)"
CAND_0699,114,yuntech_acc,國立雲林科技大學,會計系,國立雲林科技大學 會計系,68530032,林*,備取,國立高雄科技大學,國立高雄科技大學會計資訊系,其他學校錄取,3,"國立雲林科技大學會計系(備取); 國立高雄科技大學會計資訊系(正取,分發); 國立臺中科技大學會計資訊系(通過)"
CAND_0700,114,yuntech_acc,國立雲林科技大學,會計系,國立雲林科技大學 會計系,61091073,陳*翔,備取,國立臺中科技大學,國立臺中科技大學資訊工程系,其他學校錄取,2,"國立雲林科技大學會計系(備取); 國立臺中科技大學資訊工程系(正取,分發)"
CAND_0701,114,yuntech_acc,國立雲林科技大學,會計系,國立雲林科技大學 會計系,70090994,陳*驊,備取,國立彰化師範大學,國立彰化師範大學財務金融技術學系,其他學校錄取,4,"國立雲林科技大學會計系(備取); 國立高雄科技大學金融系(通過); 國立臺北商業大學會計資訊系(臺北校區)(備取); 國立彰化師範大學財務金融技術學系(備取,分發)"
CAND_0702,114,yuntech_acc,國立雲林科技大學,會計系,國立雲林科技大學 會計系,51090267,高*,備取,—,—,未分發或放棄,4,國立雲林科技大學會計系(備取); 國立虎尾科技大學財務金融系(通過); 國立臺中科技大學會計資訊系(通過); 國立臺北商業大學會計資訊系(臺北校區)(備取)
CAND_0703,114,yuntech_acc,國立雲林科技大學,會計系,國立雲林科技大學 會計系,58090505,林*瑄,備取,—,—,未分發或放棄,2,國立雲林科技大學會計系(備取); 國立臺北商業大學企業管理系(臺北校區)(備取)
CAND_0704,114,yuntech_acc,國立雲林科技大學,會計系,國立雲林科技大學 會計系,60090021,蕭*鈞,備取,—,—,未分發或放棄,2,國立雲林科技大學會計系(備取); 國立雲林科技大學財務金融系(備取)
CAND_0705,114,yuntech_acc,國立雲林科技大學,會計系,國立雲林科技大學 會計系,66090114,林*迦,備取,—,—,未分發或放棄,4,國立雲林科技大學會計系(備取); 國立勤益科技大學資訊管理系(通過); 國立聯合大學資訊管理學系(通過); 國立屏東大學會計學系(通過)
CAND_0706,114,yuntech_acc,國立雲林科技大學,會計系,國立雲林科技大學 會計系,65090341,*璇,備取,國立雲林科技大學,國立雲林科技大學會計系,原校系/本校留任,4,"國立雲林科技大學會計系(備取,分發); 國立高雄科技大學企業管理系(正取); 國立高雄科技大學會計資訊系(備取); 國立臺中科技大學會計資訊系(備取)"
CAND_0707,114,yuntech_acc,國立雲林科技大學,會計系,國立雲林科技大學 會計系,64090021,葵*倫,備取,國立雲林科技大學,國立雲林科技大學會計系,原校系/本校留任,2,"國立雲林科技大學會計系(備取,分發); 國立臺中科技大學會計資訊系(備取)"
CAND_0708,114,yuntech_acc,國立雲林科技大學,會計系,國立雲林科技大學 會計系,71090151,吳*娟,備取,國立臺中科技大學,國立臺中科技大學會計資訊系,其他學校錄取,3,"國立雲林科技大學會計系(備取); 國立臺中科技大學會計資訊系(正取,分發); 南臺科技大學資訊工程系(正取)"
CAND_0709,114,yuntech_acc,國立雲林科技大學,會計系,國立雲林科技大學 會計系,51090059,黄*鴻,備取,—,—,未分發或放棄,3,國立雲林科技大學會計系(通過); 國立臺中科技大學會計資訊系(備取); 國立屏東大學會計學系(正取)
CAND_0710,114,yuntech_acc,國立雲林科技大學,會計系,國立雲林科技大學 會計系,51090291,徐*銘,備取,國立臺灣科技大學,國立臺灣科技大學企業管理系,其他學校錄取,6,"國立雲林科技大學會計系(通過); 國立臺灣科技大學企業管理系(正取,分發); 國立臺灣科技大學資訊管理系(通過); 國立臺北科技大學工業工程與管理系(通過); 國立臺北科技大學資訊與財金管理系(通過); 國立臺北商業大學財政稅務系(臺北校區)(通過)"
CAND_0711,114,yuntech_acc,國立雲林科技大學,會計系,國立雲林科技大學 會計系,52090179,葵*,備取,國立臺北科技大學,國立臺北科技大學經營管理系,其他學校錄取,4,"國立雲林科技大學會計系(通過); 國立雲林科技大學企業管理系(通過); 國立臺北科技大學經營管理系(正取,分發); 國立臺北商業大學財政稅務系(臺北校區)(備取)"
CAND_0712,114,yuntech_acc,國立雲林科技大學,會計系,國立雲林科技大學 會計系,52090373,高*,備取,國立臺北商業大學,國立臺北商業大學會計資訊系(臺北校區),其他學校錄取,3,"國立雲林科技大學會計系(通過); 國立雲林科技大學財務金融系(通過); 國立臺北商業大學會計資訊系(臺北校區)(備取,分發)"
CAND_0713,114,yuntech_acc,國立雲林科技大學,會計系,國立雲林科技大學 會計系,52090505,曹*允,備取,國立臺北商業大學,國立臺北商業大學會計資訊系(臺北校區),其他學校錄取,4,"國立雲林科技大學會計系(通過); 國立高雄科技大學航運管理系(通過); 國立臺中科技大學會計資訊系(正取); 國立臺北商業大學會計資訊系(臺北校區)(備取,分發)"
CAND_0714,114,yuntech_acc,國立雲林科技大學,會計系,國立雲林科技大學 會計系,52090617,黄*,備取,—,—,未分發或放棄,1,國立雲林科技大學會計系(通過)
CAND_0715,114,yuntech_acc,國立雲林科技大學,會計系,國立雲林科技大學 會計系,56090380,陳*蓉,備取,國立臺北商業大學,國立臺北商業大學會計資訊系(臺北校區),其他學校錄取,2,"國立雲林科技大學會計系(通過); 國立臺北商業大學會計資訊系(臺北校區)(正取,分發)"
CAND_0716,114,yuntech_acc,國立雲林科技大學,會計系,國立雲林科技大學 會計系,56090521,林*,備取,國立臺北科技大學,國立臺北科技大學經營管理系,其他學校錄取,2,"國立雲林科技大學會計系(通過); 國立臺北科技大學經營管理系(正取,分發)"
CAND_0717,114,yuntech_acc,國立雲林科技大學,會計系,國立雲林科技大學 會計系,57090146,許*淇,備取,國立臺北商業大學,國立臺北商業大學財政稅務系(臺北校區),其他學校錄取,3,"國立雲林科技大學會計系(通過); 國立雲林科技大學財務金融系(通過); 國立臺北商業大學財政稅務系(臺北校區)(備取,分發)"
CAND_0718,114,yuntech_acc,國立雲林科技大學,會計系,國立雲林科技大學 會計系,57090269,蘇*君,備取,國立雲林科技大學,國立雲林科技大學財務金融系,原校系/本校留任,5,"國立雲林科技大學會計系(通過); 國立雲林科技大學財務金融系(正取,分發); 國立高雄科技大學金融系(正取); 國立高雄科技大學智慧商務系(通過); 國立臺中科技大學會計資訊系(通過)"
CAND_0719,114,yuntech_acc,國立雲林科技大學,會計系,國立雲林科技大學 會計系,57090442,謝*倪,備取,國立臺北商業大學,國立臺北商業大學財政稅務系(臺北校區),其他學校錄取,4,"國立雲林科技大學會計系(通過); 國立高雄科技大學金融系(通過); 國立臺北商業大學財政稅務系(臺北校區)(正取,分發); 中原大學會計學系(通過)"
CAND_0720,114,yuntech_acc,國立雲林科技大學,會計系,國立雲林科技大學 會計系,57090486,邱*程,備取,國立臺北商業大學,國立臺北商業大學會計資訊系(臺北校區),其他學校錄取,4,"國立雲林科技大學會計系(通過); 國立臺北商業大學會計資訊系(臺北校區)(正取,分發); 中原大學會計學系(通過); 中原大學資訊管理學系(通過)"
CAND_0721,114,yuntech_acc,國立雲林科技大學,會計系,國立雲林科技大學 會計系,57090522,黄*瑄,備取,國立臺北商業大學,國立臺北商業大學會計資訊系(臺北校區),其他學校錄取,3,"國立雲林科技大學會計系(通過); 國立臺北商業大學會計資訊系(臺北校區)(備取,分發); 中原大學會計學系(正取)"
CAND_0722,114,yuntech_acc,國立雲林科技大學,會計系,國立雲林科技大學 會計系,58090284,徐*岑,備取,—,—,未分發或放棄,3,國立雲林科技大學會計系(通過); 中原大學會計學系(備取); 逢甲大學會計學系(通過)
CAND_0723,114,yuntech_acc,國立雲林科技大學,會計系,國立雲林科技大學 會計系,58090336,顏*恩,備取,國立臺北科技大學,國立臺北科技大學經營管理系,其他學校錄取,6,"國立雲林科技大學會計系(通過); 國立臺灣科技大學企業管理系(通過); 國立臺北科技大學經營管理系(備取,分發); 國立高雄科技大學國際企業系(通過); 國立臺中科技大學會計資訊系(正取); 國立臺北商業大學國際商務系(臺北校區)(正取)"
CAND_0724,114,yuntech_acc,國立雲林科技大學,會計系,國立雲林科技大學 會計系,58090565,陳*衡,備取,—,—,未分發或放棄,2,國立雲林科技大學會計系(通過); 國立高雄科技大學會計資訊系(通過)
CAND_0725,114,yuntech_acc,國立雲林科技大學,會計系,國立雲林科技大學 會計系,59090046,*晨,備取,國立臺北商業大學,國立臺北商業大學會計資訊系(臺北校區),其他學校錄取,3,"國立雲林科技大學會計系(通過); 國立臺北商業大學會計資訊系(臺北校區)(備取,分發); 逢甲大學會計學系(通過)"
CAND_0726,114,yuntech_acc,國立雲林科技大學,會計系,國立雲林科技大學 會計系,59090056,阮*棋,備取,—,—,未分發或放棄,3,國立雲林科技大學會計系(通過); 國立雲林科技大學資訊管理系(通過); 國立臺中科技大學資訊管理系(通過)
CAND_0727,114,yuntech_acc,國立雲林科技大學,會計系,國立雲林科技大學 會計系,61090352,紀*晨,備取,—,—,未分發或放棄,1,國立雲林科技大學會計系(通過)
CAND_0728,114,yuntech_acc,國立雲林科技大學,會計系,國立雲林科技大學 會計系,61090531,黄*晴,備取,—,—,未分發或放棄,3,國立雲林科技大學會計系(通過); 國立雲林科技大學財務金融系(通過); 國立臺北商業大學財政稅務系(臺北校區)(備取)
CAND_0729,114,yuntech_acc,國立雲林科技大學,會計系,國立雲林科技大學 會計系,61090535,林*樂,備取,—,—,未分發或放棄,5,國立雲林科技大學會計系(通過); 國立雲林科技大學財務金融系(正取); 國立臺北科技大學經營管理系(正取); 國立高雄科技大學金融系(通過); 國立臺北商業大學財政稅務系(臺北校區)(正取)
CAND_0730,114,yuntech_acc,國立雲林科技大學,會計系,國立雲林科技大學 會計系,61090585,何*,備取,逢甲大學,逢甲大學會計學系,其他學校錄取,5,"國立雲林科技大學會計系(通過); 國立臺中科技大學會計資訊系(通過); 逢甲大學會計學系(正取,分發); 逢甲大學財稅學系(通過); 逢甲大學財務金融學系(通過)"
CAND_0731,114,yuntech_acc,國立雲林科技大學,會計系,國立雲林科技大學 會計系,61090665,張*宏,備取,國立雲林科技大學,國立雲林科技大學財務金融系,原校系/本校留任,6,"國立雲林科技大學會計系(通過); 國立雲林科技大學財務金融系(備取,分發); 國立高雄科技大學金融系(正取); 國立高雄科技大學財務管理系(備取); 國立高雄科技大學金融資訊系(正取); 國立虎尾科技大學財務金融系(正取)"
CAND_0732,114,yuntech_acc,國立雲林科技大學,會計系,國立雲林科技大學 會計系,61090945,邱*琪,備取,國立彰化師範大學,國立彰化師範大學財務金融技術學系,其他學校錄取,5,"國立雲林科技大學會計系(通過); 國立高雄科技大學會計資訊系(通過); 國立臺中科技大學財務金融系(正取); 國立臺北商業大學會計資訊系(臺北校區)(備取); 國立彰化師範大學財務金融技術學系(正取,分發)"
CAND_0733,114,yuntech_acc,國立雲林科技大學,會計系,國立雲林科技大學 會計系,61090957,—,備取,國立臺中科技大學,國立臺中科技大學會計資訊系,其他學校錄取,2,"國立雲林科技大學會計系(通過); 國立臺中科技大學會計資訊系(備取,分發)"
CAND_0734,114,yuntech_acc,國立雲林科技大學,會計系,國立雲林科技大學 會計系,61091031,游*諺,備取,—,—,未分發或放棄,5,國立雲林科技大學會計系(通過); 國立雲林科技大學財務金融系(通過); 國立高雄科技大學金融系(通過); 國立虎尾科技大學財務金融系(通過); 國立臺中科技大學財務金融系(通過)
CAND_0735,114,yuntech_acc,國立雲林科技大學,會計系,國立雲林科技大學 會計系,61530009,葵*,備取,—,—,未分發或放棄,3,國立雲林科技大學會計系(通過); 國立雲林科技大學財務金融系(通過); 國立臺北商業大學商業設計管理系(桃園校區)(通過)
CAND_0736,114,yuntech_acc,國立雲林科技大學,會計系,國立雲林科技大學 會計系,64090011,陳*璇,備取,國立臺北科技大學,國立臺北科技大學經營管理系,其他學校錄取,5,"國立雲林科技大學會計系(通過); 國立臺灣科技大學企業管理系(備取); 國立雲林科技大學財務金融系(通過); 國立臺北科技大學經營管理系(備取,分發); 國立臺北商業大學財政稅務系(臺北校區)(通過)"
CAND_0737,114,yuntech_acc,國立雲林科技大學,會計系,國立雲林科技大學 會計系,64090036,胡*瑄,備取,國立雲林科技大學,國立雲林科技大學財務金融系,原校系/本校留任,5,"國立雲林科技大學會計系(通過); 國立雲林科技大學財務金融系(正取,分發); 國立高雄科技大學金融系(通過); 國立臺中科技大學財務金融系(通過); 國立彰化師範大學財務金融技術學系(備取)"
CAND_0738,114,yuntech_acc,國立雲林科技大學,會計系,國立雲林科技大學 會計系,64090083,葵*翔,備取,—,—,未分發或放棄,4,國立雲林科技大學會計系(通過); 國立雲林科技大學企業管理系(通過); 國立高雄科技大學財政稅務系(通過); 國立臺中科技大學會計資訊系(通過)
CAND_0739,114,yuntech_acc,國立雲林科技大學,會計系,國立雲林科技大學 會計系,64090306,黄*祐,備取,—,—,未分發或放棄,2,國立雲林科技大學會計系(通過); 國立高雄科技大學金融系(通過)
CAND_0740,114,yuntech_acc,國立雲林科技大學,會計系,國立雲林科技大學 會計系,65090148,吳*,備取,—,—,未分發或放棄,3,國立雲林科技大學會計系(通過); 國立雲林科技大學工業工程與管理系(通過); 國立臺北商業大學財政稅務系(臺北校區)(通過)
CAND_0741,114,yuntech_acc,國立雲林科技大學,會計系,國立雲林科技大學 會計系,67090262,吳*樹,備取,國立高雄科技大學,國立高雄科技大學金融資訊系,其他學校錄取,4,"國立雲林科技大學會計系(通過); 國立高雄科技大學會計資訊系(正取); 國立高雄科技大學金融資訊系(正取,分發); 國立臺中科技大學財務金融系(正取)"
CAND_0742,114,yuntech_acc,國立雲林科技大學,會計系,國立雲林科技大學 會計系,67090318,陳*璇,備取,—,—,未分發或放棄,3,國立雲林科技大學會計系(通過); 國立高雄科技大學會計資訊系(通過); 國立臺中科技大學財政稅務系(通過)
CAND_0743,114,yuntech_acc,國立雲林科技大學,會計系,國立雲林科技大學 會計系,68090241,黄*雅,備取,國立臺北商業大學,國立臺北商業大學財政稅務系(臺北校區),其他學校錄取,3,"國立雲林科技大學會計系(通過); 國立高雄科技大學財政稅務系(正取); 國立臺北商業大學財政稅務系(臺北校區)(備取,分發)"
CAND_0744,114,yuntech_acc,國立雲林科技大學,會計系,國立雲林科技大學 會計系,68090386,張*諠,備取,國立高雄科技大學,國立高雄科技大學金融系,其他學校錄取,3,"國立雲林科技大學會計系(通過); 國立高雄科技大學運籌管理系(通過); 國立高雄科技大學金融系(正取,分發)"
CAND_0745,114,yuntech_acc,國立雲林科技大學,會計系,國立雲林科技大學 會計系,68090686,黄*,備取,—,—,未分發或放棄,2,國立雲林科技大學會計系(通過); 國立高雄科技大學金融系(通過)
CAND_0746,114,yuntech_acc,國立雲林科技大學,會計系,國立雲林科技大學 會計系,70090083,陳*岑,備取,國立臺北商業大學,國立臺北商業大學會計資訊系(臺北校區),其他學校錄取,4,"國立雲林科技大學會計系(通過); 國立臺北科技大學經營管理系(備取); 國立高雄科技大學運籌管理系(通過); 國立臺北商業大學會計資訊系(臺北校區)(正取,分發)"
CAND_0747,114,yuntech_acc,國立雲林科技大學,會計系,國立雲林科技大學 會計系,70090506,陳*伶,備取,—,—,未分發或放棄,2,國立雲林科技大學會計系(通過); 國立高雄科技大學金融系(通過)
CAND_0748,114,yuntech_acc,國立雲林科技大學,會計系,國立雲林科技大學 會計系,70090650,蘇*永,備取,—,—,未分發或放棄,4,國立雲林科技大學會計系(通過); 國立臺中科技大學會計資訊系(通過); 國立臺北商業大學會計資訊系(臺北校區)(備取); 國立彰化師範大學財務金融技術學系(通過)
CAND_0749,113,yuntech_acc,國立雲林科技大學,會計系,國立雲林科技大學 會計系,67090064,黄*,正取,國立雲林科技大學,國立雲林科技大學會計系,原校系/本校留任,3,"國立雲林科技大學會計系(正取,分發); 國立臺灣科技大學資訊管理系(通過); 國立臺北科技大學資訊與財金管理系(通過)"
CAND_0750,113,yuntech_acc,國立雲林科技大學,會計系,國立雲林科技大學 會計系,61091629,*瑄,正取,國立成功大學,國立成功大學會計學系,其他學校錄取,6,"國立雲林科技大學會計系(正取); 國立臺灣科技大學企業管理系(通過); 國立雲林科技大學財務金融系(通過); 國立臺北商業大學會計資訊系(臺北校區)(通過); 國立臺北商業大學財政稅務系(臺北校區)(通過); 國立成功大學會計學系(正取,分發)"
CAND_0751,113,yuntech_acc,國立雲林科技大學,會計系,國立雲林科技大學 會計系,68090625,葵*,正取,國立雲林科技大學,國立雲林科技大學會計系,原校系/本校留任,5,"國立雲林科技大學會計系(正取,分發); 國立臺灣科技大學企業管理系(通過); 國立高雄科技大學金融系(通過); 國立臺北商業大學會計資訊系(臺北校區)(通過); 國立臺灣海洋大學航運管理學系(通過)"
CAND_0752,113,yuntech_acc,國立雲林科技大學,會計系,國立雲林科技大學 會計系,61091193,李*,正取,國立雲林科技大學,國立雲林科技大學會計系,原校系/本校留任,4,"國立雲林科技大學會計系(正取,分發); 國立雲林科技大學財務金融系(通過); 國立臺北商業大學會計資訊系(臺北校區)(備取); 國立臺北商業大學財政稅務系(臺北校區)(通過)"
CAND_0753,113,yuntech_acc,國立雲林科技大學,會計系,國立雲林科技大學 會計系,64090539,林*妤,正取,國立雲林科技大學,國立雲林科技大學會計系,原校系/本校留任,5,"國立雲林科技大學會計系(正取,分發); 國立高雄科技大學金融系(通過); 國立高雄科技大學會計資訊系(通過); 國立高雄科技大學財政稅務系(通過); 國立臺中科技大學會計資訊系(通過)"
CAND_0754,113,yuntech_acc,國立雲林科技大學,會計系,國立雲林科技大學 會計系,61091185,江*,正取,國立臺北商業大學,國立臺北商業大學會計資訊系(臺北校區),其他學校錄取,4,"國立雲林科技大學會計系(正取); 國立雲林科技大學財務金融系(正取); 國立臺北商業大學會計資訊系(臺北校區)(正取,分發); 國立臺北商業大學財政稅務系(臺北校區)(正取)"
CAND_0755,113,yuntech_acc,國立雲林科技大學,會計系,國立雲林科技大學 會計系,62090122,許*淇,正取,國立雲林科技大學,國立雲林科技大學會計系,原校系/本校留任,2,"國立雲林科技大學會計系(正取,分發); 國立臺北商業大學會計資訊系(臺北校區)(通過)"
CAND_0756,113,yuntech_acc,國立雲林科技大學,會計系,國立雲林科技大學 會計系,61091691,黄*雅,正取,國立雲林科技大學,國立雲林科技大學財務金融系,原校系/本校留任,5,"國立雲林科技大學會計系(正取); 國立雲林科技大學財務金融系(正取,分發); 國立高雄科技大學金融系(正取); 國立臺北商業大學財務金融系(臺北校區)(正取); 國立臺北商業大學財政稅務系(臺北校區)(正取)"
CAND_0757,113,yuntech_acc,國立雲林科技大學,會計系,國立雲林科技大學 會計系,64090558,姚*妤,正取,國立雲林科技大學,國立雲林科技大學會計系,原校系/本校留任,1,"國立雲林科技大學會計系(正取,分發)"
CAND_0758,113,yuntech_acc,國立雲林科技大學,會計系,國立雲林科技大學 會計系,61091121,—,正取,國立雲林科技大學,國立雲林科技大學會計系,原校系/本校留任,2,"國立雲林科技大學會計系(正取,分發); 國立雲林科技大學財務金融系(備取)"
CAND_0759,113,yuntech_acc,國立雲林科技大學,會計系,國立雲林科技大學 會計系,67090446,—,正取,國立雲林科技大學,國立雲林科技大學會計系,原校系/本校留任,3,"國立雲林科技大學會計系(正取,分發); 國立雲林科技大學財務金融系(正取); 國立臺北商業大學會計資訊系(臺北校區)(正取)"
CAND_0760,113,yuntech_acc,國立雲林科技大學,會計系,國立雲林科技大學 會計系,68090125,陳*瑜,正取,國立臺北商業大學,國立臺北商業大學會計資訊系(臺北校區),其他學校錄取,5,"國立雲林科技大學會計系(正取); 國立雲林科技大學財務金融系(通過); 國立高雄科技大學會計資訊系(通過); 國立臺北商業大學會計資訊系(臺北校區)(備取,分發); 國立臺北商業大學財政稅務系(臺北校區)(通過)"
CAND_0761,113,yuntech_acc,國立雲林科技大學,會計系,國立雲林科技大學 會計系,65090181,林*臻,正取,國立雲林科技大學,國立雲林科技大學會計系,原校系/本校留任,2,"國立雲林科技大學會計系(正取,分發); 國立高雄科技大學金融系(正取)"
CAND_0762,113,yuntech_acc,國立雲林科技大學,會計系,國立雲林科技大學 會計系,63090431,*惠,正取,國立臺北商業大學,國立臺北商業大學會計資訊系(臺北校區),其他學校錄取,2,"國立雲林科技大學會計系(正取); 國立臺北商業大學會計資訊系(臺北校區)(正取,分發)"
CAND_0763,113,yuntech_acc,國立雲林科技大學,會計系,國立雲林科技大學 會計系,67090282,陳*倫,正取,國立雲林科技大學,國立雲林科技大學會計系,原校系/本校留任,4,"國立雲林科技大學會計系(正取,分發); 國立高雄科技大學會計資訊系(通過); 國立高雄科技大學財政稅務系(通過); 國立臺中科技大學會計資訊系(正取)"
CAND_0764,113,yuntech_acc,國立雲林科技大學,會計系,國立雲林科技大學 會計系,67090150,蘇*岑,正取,國立雲林科技大學,國立雲林科技大學財務金融系,原校系/本校留任,6,"國立雲林科技大學會計系(正取); 國立雲林科技大學財務金融系(正取,分發); 國立高雄科技大學金融系(正取); 國立高雄科技大學財務管理系(通過); 國立高雄科技大學財政稅務系(通過); 國立臺中科技大學財務金融系(通過)"
CAND_0765,113,yuntech_acc,國立雲林科技大學,會計系,國立雲林科技大學 會計系,61091497,林*𡤃,正取,國立雲林科技大學,國立雲林科技大學會計系,原校系/本校留任,2,"國立雲林科技大學會計系(正取,分發); 國立臺北商業大學會計資訊系(臺北校區)(備取)"
CAND_0766,113,yuntech_acc,國立雲林科技大學,會計系,國立雲林科技大學 會計系,61090853,陳*臻,正取,國立雲林科技大學,國立雲林科技大學會計系,原校系/本校留任,4,"國立雲林科技大學會計系(正取,分發); 國立高雄科技大學金融系(備取); 國立高雄科技大學會計資訊系(通過); 國立臺北商業大學會計資訊系(臺北校區)(備取)"
CAND_0767,113,yuntech_acc,國立雲林科技大學,會計系,國立雲林科技大學 會計系,61090813,陳*均,正取,國立臺北商業大學,國立臺北商業大學企業管理系(臺北校區),其他學校錄取,4,"國立雲林科技大學會計系(正取); 國立雲林科技大學財務金融系(正取); 國立臺北商業大學會計資訊系(臺北校區)(備取); 國立臺北商業大學企業管理系(臺北校區)(正取,分發)"
CAND_0768,113,yuntech_acc,國立雲林科技大學,會計系,國立雲林科技大學 會計系,70090042,葵*羽,正取,國立雲林科技大學,國立雲林科技大學會計系,原校系/本校留任,4,"國立雲林科技大學會計系(正取,分發); 國立雲林科技大學財務金融系(通過); 國立臺北商業大學會計資訊系(臺北校區)(通過); 國立臺北商業大學財政稅務系(臺北校區)(通過)"
CAND_0769,113,yuntech_acc,國立雲林科技大學,會計系,國立雲林科技大學 會計系,64090575,許*,正取,國立雲林科技大學,國立雲林科技大學會計系,原校系/本校留任,5,"國立雲林科技大學會計系(正取,分發); 國立高雄科技大學財務管理系(通過); 國立高雄科技大學會計資訊系(通過); 國立高雄科技大學財政稅務系(通過); 國立臺中科技大學會計資訊系(通過)"
CAND_0770,113,yuntech_acc,國立雲林科技大學,會計系,國立雲林科技大學 會計系,61090857,紀*慈,正取,國立雲林科技大學,國立雲林科技大學會計系,原校系/本校留任,4,"國立雲林科技大學會計系(正取,分發); 國立臺灣科技大學企業管理系(通過); 國立雲林科技大學財務金融系(通過); 國立臺北商業大學會計資訊系(臺北校區)(備取)"
CAND_0771,113,yuntech_acc,國立雲林科技大學,會計系,國立雲林科技大學 會計系,70090349,趙*緰,正取,國立雲林科技大學,國立雲林科技大學會計系,原校系/本校留任,2,"國立雲林科技大學會計系(正取,分發); 國立高雄科技大學會計資訊系(正取)"
CAND_0772,113,yuntech_acc,國立雲林科技大學,會計系,國立雲林科技大學 會計系,67090335,吳*真,正取,國立雲林科技大學,國立雲林科技大學會計系,原校系/本校留任,5,"國立雲林科技大學會計系(正取,分發); 國立高雄科技大學金融系(正取); 國立高雄科技大學會計資訊系(通過); 國立高雄科技大學金融資訊系(通過); 國立臺中科技大學財務金融系(通過)"
CAND_0773,113,yuntech_acc,國立雲林科技大學,會計系,國立雲林科技大學 會計系,55090203,黄*紘,正取,—,—,未分發或放棄,3,國立雲林科技大學會計系(正取); 國立高雄科技大學會計資訊系(通過); 國立高雄科技大學金融資訊系(通過)
CAND_0774,113,yuntech_acc,國立雲林科技大學,會計系,國立雲林科技大學 會計系,61091695,葉*瑜,正取,國立雲林科技大學,國立雲林科技大學會計系,原校系/本校留任,3,"國立雲林科技大學會計系(正取,分發); 國立虎尾科技大學財務金融系(正取); 國立臺中科技大學財政稅務系(正取)"
CAND_0775,113,yuntech_acc,國立雲林科技大學,會計系,國立雲林科技大學 會計系,70090337,簡*女,正取,國立雲林科技大學,國立雲林科技大學會計系,原校系/本校留任,3,"國立雲林科技大學會計系(正取,分發); 國立高雄科技大學財務管理系(正取); 國立高雄科技大學財政稅務系(正取)"
CAND_0776,113,yuntech_acc,國立雲林科技大學,會計系,國立雲林科技大學 會計系,67090175,維*,正取,國立雲林科技大學,國立雲林科技大學會計系,原校系/本校留任,2,"國立雲林科技大學會計系(正取,分發); 國立高雄科技大學會計資訊系(正取)"
CAND_0777,113,yuntech_acc,國立雲林科技大學,會計系,國立雲林科技大學 會計系,64090120,黄*惠,正取,國立雲林科技大學,國立雲林科技大學會計系,原校系/本校留任,5,"國立雲林科技大學會計系(正取,分發); 國立高雄科技大學企業管理系(通過); 國立高雄科技大學金融系(備取); 國立高雄科技大學金融資訊系(通過); 逢甲大學會計學系(正取)"
CAND_0778,113,yuntech_acc,國立雲林科技大學,會計系,國立雲林科技大學 會計系,59090137,徐*軒,正取,國立雲林科技大學,國立雲林科技大學資訊管理系,原校系/本校留任,2,"國立雲林科技大學會計系(正取); 國立雲林科技大學資訊管理系(正取,分發)"
CAND_0779,113,yuntech_acc,國立雲林科技大學,會計系,國立雲林科技大學 會計系,57090713,林*,正取,國立雲林科技大學,國立雲林科技大學會計系,原校系/本校留任,2,"國立雲林科技大學會計系(正取,分發); 國立臺北科技大學經營管理系(通過)"
CAND_0780,113,yuntech_acc,國立雲林科技大學,會計系,國立雲林科技大學 會計系,64090591,林*儷,正取,國立臺北商業大學,國立臺北商業大學財政稅務系(臺北校區),其他學校錄取,3,"國立雲林科技大學會計系(正取); 國立雲林科技大學財務金融系(備取); 國立臺北商業大學財政稅務系(臺北校區)(備取,分發)"
CAND_0781,113,yuntech_acc,國立雲林科技大學,會計系,國立雲林科技大學 會計系,68090762,*永,正取,國立高雄科技大學,國立高雄科技大學財政稅務系,其他學校錄取,5,"國立雲林科技大學會計系(正取); 國立高雄科技大學財政稅務系(正取,分發); 國立虎尾科技大學財務金融系(通過); 國立勤益科技大學企業管理系(正取); 國立臺中科技大學會計資訊系(通過)"
CAND_0782,113,yuntech_acc,國立雲林科技大學,會計系,國立雲林科技大學 會計系,76090016,*心,正取,國立臺北商業大學,國立臺北商業大學財政稅務系(臺北校區),其他學校錄取,5,"國立雲林科技大學會計系(正取); 國立高雄科技大學會計資訊系(正取); 國立臺北商業大學會計資訊系(臺北校區)(備取); 國立臺北商業大學財政稅務系(臺北校區)(備取,分發); 國立彰化師範大學財務金融技術學系(備取)"
CAND_0783,113,yuntech_acc,國立雲林科技大學,會計系,國立雲林科技大學 會計系,64090454,楊*,正取,國立雲林科技大學,國立雲林科技大學財務金融系,原校系/本校留任,4,"國立雲林科技大學會計系(正取); 國立雲林科技大學財務金融系(備取,分發); 國立高雄科技大學財務管理系(正取); 國立臺中科技大學財務金融系(通過)"
CAND_0784,113,yuntech_acc,國立雲林科技大學,會計系,國立雲林科技大學 會計系,57090898,李*,正取,國立雲林科技大學,國立雲林科技大學會計系,原校系/本校留任,2,"國立雲林科技大學會計系(正取,分發); 國立雲林科技大學財務金融系(正取)"
CAND_0785,113,yuntech_acc,國立雲林科技大學,會計系,國立雲林科技大學 會計系,64090084,黄*靖,備取,國立雲林科技大學,國立雲林科技大學會計系,原校系/本校留任,5,"國立雲林科技大學會計系(備取,分發); 國立高雄科技大學金融資訊系(通過); 國立臺中科技大學財務金融系(通過); 國立臺北商業大學國際商務系(臺北校區)(通過); 逢甲大學會計學系(正取)"
CAND_0786,113,yuntech_acc,國立雲林科技大學,會計系,國立雲林科技大學 會計系,70090670,余*諴,備取,國立雲林科技大學,國立雲林科技大學會計系,原校系/本校留任,1,"國立雲林科技大學會計系(備取,分發)"
CAND_0787,113,yuntech_acc,國立雲林科技大學,會計系,國立雲林科技大學 會計系,70090194,宋*恩,備取,國立雲林科技大學,國立雲林科技大學會計系,原校系/本校留任,3,"國立雲林科技大學會計系(備取,分發); 國立高雄科技大學金融系(通過); 國立高雄科技大學會計資訊系(通過)"
CAND_0788,113,yuntech_acc,國立雲林科技大學,會計系,國立雲林科技大學 會計系,61090320,*婷,備取,國立雲林科技大學,國立雲林科技大學會計系,原校系/本校留任,2,"國立雲林科技大學會計系(備取,分發); 國立臺灣科技大學企業管理系(通過)"
CAND_0789,113,yuntech_acc,國立雲林科技大學,會計系,國立雲林科技大學 會計系,64090041,宋*楷,備取,國立雲林科技大學,國立雲林科技大學會計系,原校系/本校留任,4,"國立雲林科技大學會計系(備取,分發); 國立高雄科技大學會計資訊系(正取); 國立臺中科技大學會計資訊系(正取); 國立臺北商業大學財政稅務系(臺北校區)(正取)"
CAND_0790,113,yuntech_acc,國立雲林科技大學,會計系,國立雲林科技大學 會計系,64090312,郭*,備取,—,—,未分發或放棄,4,國立雲林科技大學會計系(備取); 國立雲林科技大學資訊管理系(通過); 國立高雄科技大學會計資訊系(正取); 國立臺中科技大學會計資訊系(正取)
CAND_0791,113,yuntech_acc,國立雲林科技大學,會計系,國立雲林科技大學 會計系,61091319,李*玲,備取,國立臺北商業大學,國立臺北商業大學會計資訊系(臺北校區),其他學校錄取,3,"國立雲林科技大學會計系(備取); 國立臺中科技大學會計資訊系(通過); 國立臺北商業大學會計資訊系(臺北校區)(備取,分發)"
CAND_0792,113,yuntech_acc,國立雲林科技大學,會計系,國立雲林科技大學 會計系,70091089,維*彤,備取,國立臺北商業大學,國立臺北商業大學會計資訊系(臺北校區),其他學校錄取,3,"國立雲林科技大學會計系(備取); 國立高雄科技大學財務管理系(通過); 國立臺北商業大學會計資訊系(臺北校區)(備取,分發)"
CAND_0793,113,yuntech_acc,國立雲林科技大學,會計系,國立雲林科技大學 會計系,61090795,余*秤,備取,國立雲林科技大學,國立雲林科技大學會計系,原校系/本校留任,4,"國立雲林科技大學會計系(備取,分發); 國立雲林科技大學財務金融系(備取); 國立臺北商業大學會計資訊系(臺北校區)(備取); 國立臺北商業大學財政稅務系(臺北校區)(備取)"
CAND_0794,113,yuntech_acc,國立雲林科技大學,會計系,國立雲林科技大學 會計系,68530086,*柔,備取,國立雲林科技大學,國立雲林科技大學會計系,原校系/本校留任,3,"國立雲林科技大學會計系(備取,分發); 國立高雄科技大學金融系(通過); 國立臺中科技大學財政稅務系(通過)"
CAND_0795,113,yuntech_acc,國立雲林科技大學,會計系,國立雲林科技大學 會計系,61091471,楊*潔,備取,國立臺北商業大學,國立臺北商業大學會計資訊系(臺北校區),其他學校錄取,5,"國立雲林科技大學會計系(備取); 國立高雄科技大學會計資訊系(正取); 國立臺中科技大學會計資訊系(正取); 國立臺北商業大學會計資訊系(臺北校區)(備取,分發); 國立臺北商業大學財政稅務系(臺北校區)(正取)"
CAND_0796,113,yuntech_acc,國立雲林科技大學,會計系,國立雲林科技大學 會計系,61091525,*志,備取,—,—,未分發或放棄,1,國立雲林科技大學會計系(備取)
CAND_0797,113,yuntech_acc,國立雲林科技大學,會計系,國立雲林科技大學 會計系,64090490,黄*菁,備取,國立雲林科技大學,國立雲林科技大學會計系,原校系/本校留任,1,"國立雲林科技大學會計系(備取,分發)"
CAND_0798,113,yuntech_acc,國立雲林科技大學,會計系,國立雲林科技大學 會計系,61090989,李*翊,備取,國立雲林科技大學,國立雲林科技大學會計系,原校系/本校留任,4,"國立雲林科技大學會計系(備取,分發); 國立高雄科技大學金融系(正取); 國立高雄科技大學會計資訊系(正取); 國立臺中科技大學會計資訊系(正取)"
CAND_0799,113,yuntech_acc,國立雲林科技大學,會計系,國立雲林科技大學 會計系,56090252,謝*,備取,國立臺北商業大學,國立臺北商業大學會計資訊系(臺北校區),其他學校錄取,4,"國立雲林科技大學會計系(備取); 國立雲林科技大學財務金融系(正取); 國立臺北商業大學會計資訊系(臺北校區)(備取,分發); 國立臺北商業大學財政稅務系(臺北校區)(備取)"
CAND_0800,113,yuntech_acc,國立雲林科技大學,會計系,國立雲林科技大學 會計系,51090008,周*穎,備取,國立雲林科技大學,國立雲林科技大學企業管理系,原校系/本校留任,3,"國立雲林科技大學會計系(備取); 國立雲林科技大學企業管理系(備取,分發); 國立臺北商業大學企業管理系(臺北校區)(正取)"
CAND_0801,113,yuntech_acc,國立雲林科技大學,會計系,國立雲林科技大學 會計系,64090367,林*,備取,國立臺北商業大學,國立臺北商業大學財務金融系(臺北校區),其他學校錄取,4,"國立雲林科技大學會計系(備取); 國立雲林科技大學財務金融系(備取); 國立臺北商業大學會計資訊系(臺北校區)(備取); 國立臺北商業大學財務金融系(臺北校區)(備取,分發)"
CAND_0802,113,yuntech_acc,國立雲林科技大學,會計系,國立雲林科技大學 會計系,61090923,林*𡤃,備取,國立臺北商業大學,國立臺北商業大學企業管理系(臺北校區),其他學校錄取,2,"國立雲林科技大學會計系(備取); 國立臺北商業大學企業管理系(臺北校區)(正取,分發)"
CAND_0803,113,yuntech_acc,國立雲林科技大學,會計系,國立雲林科技大學 會計系,51090040,朱*妤,備取,—,—,未分發或放棄,1,國立雲林科技大學會計系(備取)
CAND_0804,113,yuntech_acc,國立雲林科技大學,會計系,國立雲林科技大學 會計系,59090241,吳*璇,備取,—,—,未分發或放棄,1,國立雲林科技大學會計系(備取)
CAND_0805,113,yuntech_acc,國立雲林科技大學,會計系,國立雲林科技大學 會計系,64090388,鄭*祐,備取,國立臺中科技大學,國立臺中科技大學財務金融系,其他學校錄取,4,"國立雲林科技大學會計系(備取); 國立高雄科技大學金融資訊系(通過); 國立臺中科技大學財務金融系(正取,分發); 國立臺北商業大學財政稅務系(臺北校區)(備取)"
CAND_0806,113,yuntech_acc,國立雲林科技大學,會計系,國立雲林科技大學 會計系,68090421,*熹,備取,逢甲大學,逢甲大學財稅學系,其他學校錄取,3,"國立雲林科技大學會計系(備取); 逢甲大學財稅學系(正取,分發); 逢甲大學會計學系(正取)"
CAND_0807,113,yuntech_acc,國立雲林科技大學,會計系,國立雲林科技大學 會計系,64090595,黄*祐,備取,—,—,未分發或放棄,2,國立雲林科技大學會計系(備取); 國立高雄科技大學財政稅務系(通過)
CAND_0808,113,yuntech_acc,國立雲林科技大學,會計系,國立雲林科技大學 會計系,65090209,*臻,備取,國立臺中科技大學,國立臺中科技大學會計資訊系,其他學校錄取,3,"國立雲林科技大學會計系(備取); 國立高雄科技大學會計資訊系(通過); 國立臺中科技大學會計資訊系(正取,分發)"
CAND_0809,113,yuntech_acc,國立雲林科技大學,會計系,國立雲林科技大學 會計系,64090012,蕭*穎,備取,中原大學,中原大學會計學系,其他學校錄取,3,"國立雲林科技大學會計系(備取); 國立高雄科技大學金融系(通過); 中原大學會計學系(正取,分發)"
CAND_0810,113,yuntech_acc,國立雲林科技大學,會計系,國立雲林科技大學 會計系,57090185,邱*毓,備取,—,—,未分發或放棄,1,國立雲林科技大學會計系(備取)
CAND_0811,113,yuntech_acc,國立雲林科技大學,會計系,國立雲林科技大學 會計系,61090030,邱*,備取,—,—,未分發或放棄,3,國立雲林科技大學會計系(備取); 國立高雄科技大學財務管理系(通過); 國立臺中科技大學財務金融系(通過)
CAND_0812,113,yuntech_acc,國立雲林科技大學,會計系,國立雲林科技大學 會計系,61091159,楊*,備取,—,—,未分發或放棄,2,國立雲林科技大學會計系(備取); 國立彰化師範大學財務金融技術學系(備取)
CAND_0813,113,yuntech_acc,國立雲林科技大學,會計系,國立雲林科技大學 會計系,61091693,陳*,備取,—,—,未分發或放棄,2,國立雲林科技大學會計系(備取); 國立高雄科技大學財務管理系(通過)
CAND_0814,113,yuntech_acc,國立雲林科技大學,會計系,國立雲林科技大學 會計系,51090224,賴*筠,備取,—,—,未分發或放棄,1,國立雲林科技大學會計系(備取)
CAND_0815,113,yuntech_acc,國立雲林科技大學,會計系,國立雲林科技大學 會計系,61090929,—,備取,—,—,未分發或放棄,3,國立雲林科技大學會計系(備取); 國立高雄科技大學財政稅務系(正取); 國立臺中科技大學會計資訊系(通過)
CAND_0816,113,yuntech_acc,國立雲林科技大學,會計系,國立雲林科技大學 會計系,61091699,*鈞,備取,國立臺北商業大學,國立臺北商業大學財政稅務系(臺北校區),其他學校錄取,3,"國立雲林科技大學會計系(備取); 國立雲林科技大學財務金融系(備取); 國立臺北商業大學財政稅務系(臺北校區)(備取,分發)"
CAND_0817,113,yuntech_acc,國立雲林科技大學,會計系,國立雲林科技大學 會計系,65090003,*之,備取,國立臺中科技大學,國立臺中科技大學財務金融系,其他學校錄取,2,"國立雲林科技大學會計系(備取); 國立臺中科技大學財務金融系(正取,分發)"
CAND_0818,113,yuntech_acc,國立雲林科技大學,會計系,國立雲林科技大學 會計系,61090903,陳*葳,備取,國立臺北商業大學,國立臺北商業大學財政稅務系(臺北校區),其他學校錄取,3,"國立雲林科技大學會計系(備取); 國立臺北商業大學財政稅務系(臺北校區)(正取,分發); 國立屏東大學會計學系(正取)"
CAND_0819,113,yuntech_acc,國立雲林科技大學,會計系,國立雲林科技大學 會計系,65090089,許*勛,備取,—,—,未分發或放棄,1,國立雲林科技大學會計系(備取)
CAND_0820,113,yuntech_acc,國立雲林科技大學,會計系,國立雲林科技大學 會計系,59090138,林*,備取,—,—,未分發或放棄,3,國立雲林科技大學會計系(備取); 國立高雄科技大學會計資訊系(通過); 國立臺中科技大學會計資訊系(通過)
CAND_0821,113,yuntech_acc,國立雲林科技大學,會計系,國立雲林科技大學 會計系,57090657,姜*君,備取,國立雲林科技大學,國立雲林科技大學會計系,原校系/本校留任,1,"國立雲林科技大學會計系(備取,分發)"
CAND_0822,113,yuntech_acc,國立雲林科技大學,會計系,國立雲林科技大學 會計系,68090202,黄*穎,備取,國立雲林科技大學,國立雲林科技大學會計系,原校系/本校留任,5,"國立雲林科技大學會計系(備取,分發); 國立臺灣科技大學企業管理系(備取); 國立雲林科技大學企業管理系(通過); 國立臺北科技大學經營管理系(通過); 國立高雄科技大學金融系(通過)"
CAND_0823,113,yuntech_acc,國立雲林科技大學,會計系,國立雲林科技大學 會計系,51090286,葵*劭,備取,—,—,未分發或放棄,1,國立雲林科技大學會計系(備取)
CAND_0824,113,yuntech_acc,國立雲林科技大學,會計系,國立雲林科技大學 會計系,71090090,李*瑜,備取,—,—,未分發或放棄,3,國立雲林科技大學會計系(備取); 國立雲林科技大學企業管理系(通過); 國立高雄科技大學會計資訊系(通過)
CAND_0825,113,yuntech_acc,國立雲林科技大學,會計系,國立雲林科技大學 會計系,68090357,張*尹,備取,國立高雄科技大學,國立高雄科技大學會計資訊系,其他學校錄取,3,"國立雲林科技大學會計系(備取); 國立高雄科技大學會計資訊系(正取,分發); 國立高雄科技大學財政稅務系(正取)"
CAND_0826,113,yuntech_acc,國立雲林科技大學,會計系,國立雲林科技大學 會計系,61090741,黄*,備取,國立臺中科技大學,國立臺中科技大學財政稅務系,其他學校錄取,3,"國立雲林科技大學會計系(備取); 國立高雄科技大學會計資訊系(備取); 國立臺中科技大學財政稅務系(正取,分發)"
CAND_0827,113,yuntech_acc,國立雲林科技大學,會計系,國立雲林科技大學 會計系,60090057,蘇*瑄,備取,—,—,未分發或放棄,2,國立雲林科技大學會計系(備取); 國立臺中科技大學財務金融系(正取)
CAND_0828,113,yuntech_acc,國立雲林科技大學,會計系,國立雲林科技大學 會計系,64090113,張*榛,備取,國立臺中科技大學,國立臺中科技大學會計資訊系,其他學校錄取,6,"國立雲林科技大學會計系(備取); 國立高雄科技大學會計資訊系(通過); 國立高雄科技大學金融資訊系(通過); 國立虎尾科技大學財務金融系(通過); 國立勤益科技大學企業管理系(通過); 國立臺中科技大學會計資訊系(正取,分發)"
CAND_0829,113,yuntech_acc,國立雲林科技大學,會計系,國立雲林科技大學 會計系,51090279,林*,備取,國立臺北商業大學,國立臺北商業大學財政稅務系(臺北校區),其他學校錄取,6,"國立雲林科技大學會計系(通過); 國立雲林科技大學財務金融系(通過); 國立高雄科技大學會計資訊系(通過); 國立高雄科技大學金融資訊系(通過); 國立臺中科技大學財務金融系(通過); 國立臺北商業大學財政稅務系(臺北校區)(備取,分發)"
CAND_0830,113,yuntech_acc,國立雲林科技大學,會計系,國立雲林科技大學 會計系,52090234,黄*,備取,—,—,未分發或放棄,1,國立雲林科技大學會計系(通過)
CAND_0831,113,yuntech_acc,國立雲林科技大學,會計系,國立雲林科技大學 會計系,57090833,李*語,備取,—,—,未分發或放棄,1,國立雲林科技大學會計系(通過)
CAND_0832,113,yuntech_acc,國立雲林科技大學,會計系,國立雲林科技大學 會計系,57090841,*彦,備取,—,—,未分發或放棄,2,國立雲林科技大學會計系(通過); 國立臺北商業大學會計資訊系(臺北校區)(通過)
CAND_0833,113,yuntech_acc,國立雲林科技大學,會計系,國立雲林科技大學 會計系,59090008,徐*,備取,國立臺北商業大學,國立臺北商業大學會計資訊系(臺北校區),其他學校錄取,4,"國立雲林科技大學會計系(通過); 國立臺北商業大學會計資訊系(臺北校區)(備取,分發); 國立臺北商業大學財政稅務系(臺北校區)(通過); 國立臺北商業大學國際商務系(臺北校區)(通過)"
CAND_0834,113,yuntech_acc,國立雲林科技大學,會計系,國立雲林科技大學 會計系,59090070,陳*綺,備取,—,—,未分發或放棄,1,國立雲林科技大學會計系(通過)
CAND_0835,113,yuntech_acc,國立雲林科技大學,會計系,國立雲林科技大學 會計系,60090107,*婷,備取,—,—,未分發或放棄,5,國立雲林科技大學會計系(通過); 國立高雄科技大學金融系(通過); 國立高雄科技大學會計資訊系(通過); 國立高雄科技大學金融資訊系(通過); 國立臺中科技大學會計資訊系(通過)
CAND_0836,113,yuntech_acc,國立雲林科技大學,會計系,國立雲林科技大學 會計系,61090408,許*軒,備取,國立臺中科技大學,國立臺中科技大學財務金融系,其他學校錄取,5,"國立雲林科技大學會計系(通過); 國立高雄科技大學金融系(正取); 國立高雄科技大學會計資訊系(通過); 國立高雄科技大學金融資訊系(通過); 國立臺中科技大學財務金融系(正取,分發)"
CAND_0837,113,yuntech_acc,國立雲林科技大學,會計系,國立雲林科技大學 會計系,61090709,*翊,備取,國立臺北商業大學,國立臺北商業大學會計資訊系(臺北校區),其他學校錄取,4,"國立雲林科技大學會計系(通過); 國立臺北商業大學會計資訊系(臺北校區)(正取,分發); 國立臺北商業大學財政稅務系(臺北校區)(通過); 國立彰化師範大學財務金融技術學系(通過)"
CAND_0838,113,yuntech_acc,國立雲林科技大學,會計系,國立雲林科技大學 會計系,61090725,邱*,備取,國立臺北商業大學,國立臺北商業大學會計資訊系(臺北校區),其他學校錄取,3,"國立雲林科技大學會計系(通過); 國立臺北商業大學會計資訊系(臺北校區)(備取,分發); 國立臺北商業大學財政稅務系(臺北校區)(通過)"
CAND_0839,113,yuntech_acc,國立雲林科技大學,會計系,國立雲林科技大學 會計系,61090961,蘇*,備取,國立臺北科技大學,國立臺北科技大學經營管理系,其他學校錄取,4,"國立雲林科技大學會計系(通過); 國立雲林科技大學財務金融系(正取); 國立臺北科技大學經營管理系(備取,分發); 國立臺北商業大學財政稅務系(臺北校區)(正取)"
CAND_0840,113,yuntech_acc,國立雲林科技大學,會計系,國立雲林科技大學 會計系,61091053,邱*勤,備取,—,—,未分發或放棄,2,國立雲林科技大學會計系(通過); 國立雲林科技大學財務金融系(備取)
CAND_0841,113,yuntech_acc,國立雲林科技大學,會計系,國立雲林科技大學 會計系,61091077,蕭*,備取,—,—,未分發或放棄,4,國立雲林科技大學會計系(通過); 國立雲林科技大學財務金融系(備取); 國立臺北商業大學國際商務系(臺北校區)(通過); 國立彰化師範大學財務金融技術學系(通過)
CAND_0842,113,yuntech_acc,國立雲林科技大學,會計系,國立雲林科技大學 會計系,61091085,*育,備取,國立雲林科技大學,國立雲林科技大學財務金融系,原校系/本校留任,3,"國立雲林科技大學會計系(通過); 國立雲林科技大學財務金融系(正取,分發); 國立臺北商業大學會計資訊系(臺北校區)(正取)"
CAND_0843,113,yuntech_acc,國立雲林科技大學,會計系,國立雲林科技大學 會計系,61091197,林*妤,備取,國立臺中科技大學,國立臺中科技大學財政稅務系,其他學校錄取,3,"國立雲林科技大學會計系(通過); 國立臺中科技大學財政稅務系(正取,分發); 國立臺北商業大學財政稅務系(臺北校區)(通過)"
CAND_0844,113,yuntech_acc,國立雲林科技大學,會計系,國立雲林科技大學 會計系,61091225,賴*佐,備取,—,—,未分發或放棄,2,國立雲林科技大學會計系(通過); 國立臺灣科技大學企業管理系(通過)
CAND_0845,113,yuntech_acc,國立雲林科技大學,會計系,國立雲林科技大學 會計系,61091233,維*,備取,國立臺北商業大學,國立臺北商業大學會計資訊系(臺北校區),其他學校錄取,4,"國立雲林科技大學會計系(通過); 國立雲林科技大學財務金融系(通過); 國立臺北商業大學會計資訊系(臺北校區)(正取,分發); 國立臺北商業大學財務金融系(臺北校區)(正取)"
CAND_0846,113,yuntech_acc,國立雲林科技大學,會計系,國立雲林科技大學 會計系,61091571,黄*威,備取,—,—,未分發或放棄,2,國立雲林科技大學會計系(通過); 國立臺中科技大學財務金融系(通過)
CAND_0847,113,yuntech_acc,國立雲林科技大學,會計系,國立雲林科技大學 會計系,64090165,謝*美,備取,國立臺中科技大學,國立臺中科技大學會計資訊系,其他學校錄取,2,"國立雲林科技大學會計系(通過); 國立臺中科技大學會計資訊系(備取,分發)"
CAND_0848,113,yuntech_acc,國立雲林科技大學,會計系,國立雲林科技大學 會計系,64090259,陳*葵,備取,—,—,未分發或放棄,4,國立雲林科技大學會計系(通過); 國立雲林科技大學財務金融系(通過); 國立高雄科技大學會計資訊系(通過); 國立臺北商業大學會計資訊系(臺北校區)(通過)
CAND_0849,113,yuntech_acc,國立雲林科技大學,會計系,國立雲林科技大學 會計系,64090344,張*𡤃,備取,國立臺北商業大學,國立臺北商業大學財務金融系(臺北校區),其他學校錄取,4,"國立雲林科技大學會計系(通過); 國立臺北商業大學財務金融系(臺北校區)(正取,分發); 國立臺北商業大學財政稅務系(臺北校區)(通過); 國立彰化師範大學財務金融技術學系(通過)"
CAND_0850,113,yuntech_acc,國立雲林科技大學,會計系,國立雲林科技大學 會計系,64090375,*語,備取,—,—,未分發或放棄,3,國立雲林科技大學會計系(通過); 國立高雄科技大學金融系(通過); 國立臺北商業大學國際商務系(臺北校區)(通過)
CAND_0851,113,yuntech_acc,國立雲林科技大學,會計系,國立雲林科技大學 會計系,65090065,*盈,備取,—,—,未分發或放棄,5,國立雲林科技大學會計系(通過); 國立雲林科技大學工業工程與管理系(通過); 國立高雄科技大學工業工程與管理系(通過); 國立臺北商業大學財政稅務系(臺北校區)(通過); 國立臺北商業大學企業管理系(臺北校區)(通過)
CAND_0852,113,yuntech_acc,國立雲林科技大學,會計系,國立雲林科技大學 會計系,65090092,黄*,備取,國立雲林科技大學,國立雲林科技大學財務金融系,原校系/本校留任,2,"國立雲林科技大學會計系(通過); 國立雲林科技大學財務金融系(正取,分發)"
CAND_0853,113,yuntech_acc,國立雲林科技大學,會計系,國立雲林科技大學 會計系,68090178,李*口,備取,—,—,未分發或放棄,4,國立雲林科技大學會計系(通過); 國立雲林科技大學工業工程與管理系(通過); 國立高雄科技大學資訊管理系(通過); 國立臺北商業大學企業管理系(臺北校區)(通過)
CAND_0854,113,yuntech_acc,國立雲林科技大學,會計系,國立雲林科技大學 會計系,68090669,*女,備取,—,—,未分發或放棄,2,國立雲林科技大學會計系(通過); 國立雲林科技大學資訊管理系(通過)
CAND_0855,113,yuntech_acc,國立雲林科技大學,會計系,國立雲林科技大學 會計系,68530031,高*婷,備取,國立中正大學,國立中正大學經濟學系,其他學校錄取,3,"國立雲林科技大學會計系(通過); 國立中正大學經濟學系(備取,分發); 國立彰化師範大學財務金融技術學系(通過)"
CAND_0856,113,yuntech_acc,國立雲林科技大學,會計系,國立雲林科技大學 會計系,68530055,黄*靜,備取,國立高雄科技大學,國立高雄科技大學金融系,其他學校錄取,3,"國立雲林科技大學會計系(通過); 國立高雄科技大學金融系(正取,分發); 國立高雄科技大學財政稅務系(正取)"
CAND_0857,113,yuntech_acc,國立雲林科技大學,會計系,國立雲林科技大學 會計系,69090097,陳*,備取,—,—,未分發或放棄,4,國立雲林科技大學會計系(通過); 國立高雄科技大學金融系(通過); 國立高雄科技大學財政稅務系(通過); 國立臺中科技大學會計資訊系(正取)
CAND_0858,113,yuntech_acc,國立雲林科技大學,會計系,國立雲林科技大學 會計系,69530012,邱*庭,備取,國立臺北商業大學,國立臺北商業大學財政稅務系(臺北校區),其他學校錄取,3,"國立雲林科技大學會計系(通過); 國立臺北商業大學會計資訊系(臺北校區)(備取); 國立臺北商業大學財政稅務系(臺北校區)(備取,分發)"
CAND_0859,113,yuntech_acc,國立雲林科技大學,會計系,國立雲林科技大學 會計系,70091094,陳*婷,備取,國立高雄科技大學,國立高雄科技大學財務管理系,其他學校錄取,2,"國立雲林科技大學會計系(通過); 國立高雄科技大學財務管理系(正取,分發)"
CAND_0860,113,yuntech_acc,國立雲林科技大學,會計系,國立雲林科技大學 會計系,71090035,吳*祥,備取,—,—,未分發或放棄,1,國立雲林科技大學會計系(通過)
CAND_0861,113,yuntech_acc,國立雲林科技大學,會計系,國立雲林科技大學 會計系,76090049,陳*佑,備取,國立臺北科技大學,國立臺北科技大學經營管理系,其他學校錄取,6,"國立雲林科技大學會計系(通過); 國立雲林科技大學企業管理系(備取); 國立臺北科技大學經營管理系(備取,分發); 國立臺北商業大學會計資訊系(臺北校區)(備取); 國立臺北商業大學財務金融系(臺北校區)(備取); 國立臺北商業大學財政稅務系(臺北校區)(備取)"
CAND_0862,115,nkust_acc,國立高雄科技大學,會計資訊系,國立高雄科技大學 會計資訊系,70090740,黄*淇,正取,國立高雄科技大學,國立高雄科技大學會計資訊系,原校系/本校留任,4,"國立高雄科技大學會計資訊系(正取,分發); 國立雲林科技大學會計系(正取); 國立高雄科技大學金融系(正取); 國立高雄科技大學財務管理系(通過)"
CAND_0863,115,nkust_acc,國立高雄科技大學,會計資訊系,國立高雄科技大學 會計資訊系,59090196,*寶,正取,國立高雄科技大學,國立高雄科技大學會計資訊系,原校系/本校留任,3,"國立高雄科技大學會計資訊系(正取,分發); 國立雲林科技大學財務金融系(備取); 國立雲林科技大學會計系(備取)"
CAND_0864,115,nkust_acc,國立高雄科技大學,會計資訊系,國立高雄科技大學 會計資訊系,70090813,楊*淇,正取,國立臺中科技大學,國立臺中科技大學會計資訊系,其他學校錄取,3,"國立高雄科技大學會計資訊系(正取); 國立高雄科技大學財政稅務系(正取); 國立臺中科技大學會計資訊系(正取,分發)"
CAND_0865,115,nkust_acc,國立高雄科技大學,會計資訊系,國立高雄科技大學 會計資訊系,61090725,*榛,正取,國立高雄科技大學,國立高雄科技大學會計資訊系,原校系/本校留任,1,"國立高雄科技大學會計資訊系(正取,分發)"
CAND_0866,115,nkust_acc,國立高雄科技大學,會計資訊系,國立高雄科技大學 會計資訊系,72090034,鄭*琳,正取,—,—,未分發或放棄,3,國立高雄科技大學會計資訊系(正取); 國立臺中科技大學會計資訊系(通過); 國立屏東大學會計學系(正取)
CAND_0867,115,nkust_acc,國立高雄科技大學,會計資訊系,國立高雄科技大學 會計資訊系,64090161,黄*住,正取,國立雲林科技大學,國立雲林科技大學會計系,其他學校錄取,6,"國立高雄科技大學會計資訊系(正取); 國立雲林科技大學會計系(正取,分發); 國立高雄科技大學財政稅務系(通過); 國立臺中科技大學會計資訊系(正取); 中原大學會計學系(通過); 逢甲大學會計學系(通過)"
CAND_0868,115,nkust_acc,國立高雄科技大學,會計資訊系,國立高雄科技大學 會計資訊系,61090186,林*日,正取,國立高雄科技大學,國立高雄科技大學會計資訊系,原校系/本校留任,2,"國立高雄科技大學會計資訊系(正取,分發); 國立臺中科技大學會計資訊系(備取)"
CAND_0869,115,nkust_acc,國立高雄科技大學,會計資訊系,國立高雄科技大學 會計資訊系,71090321,陳*明,正取,國立高雄科技大學,國立高雄科技大學會計資訊系,原校系/本校留任,4,"國立高雄科技大學會計資訊系(正取,分發); 國立高雄科技大學財務管理系(備取); 國立臺中科技大學會計資訊系(通過); 國立屏東大學會計學系(正取)"
CAND_0870,115,nkust_acc,國立高雄科技大學,會計資訊系,國立高雄科技大學 會計資訊系,61090653,左*,正取,國立高雄科技大學,國立高雄科技大學財務管理系,原校系/本校留任,2,"國立高雄科技大學會計資訊系(正取); 國立高雄科技大學財務管理系(正取,分發)"
CAND_0871,115,nkust_acc,國立高雄科技大學,會計資訊系,國立高雄科技大學 會計資訊系,61090366,陳*,正取,國立高雄科技大學,國立高雄科技大學會計資訊系,原校系/本校留任,2,"國立高雄科技大學會計資訊系(正取,分發); 國立高雄科技大學財務管理系(通過)"
CAND_0872,115,nkust_acc,國立高雄科技大學,會計資訊系,國立高雄科技大學 會計資訊系,52090362,*永,正取,國立高雄科技大學,國立高雄科技大學會計資訊系,原校系/本校留任,4,"國立高雄科技大學會計資訊系(正取,分發); 國立雲林科技大學財務金融系(備取); 國立臺中科技大學會計資訊系(備取); 銘傳大學會計學系(台北校區)(備取)"
CAND_0873,115,nkust_acc,國立高雄科技大學,會計資訊系,國立高雄科技大學 會計資訊系,54090324,陳*昕,正取,—,—,未分發或放棄,4,國立高雄科技大學會計資訊系(正取); 國立雲林科技大學會計系(備取); 國立高雄科技大學財務管理系(通過); 國立臺中科技大學會計資訊系(備取)
CAND_0874,115,nkust_acc,國立高雄科技大學,會計資訊系,國立高雄科技大學 會計資訊系,61091078,柳*瑄,正取,國立臺中科技大學,國立臺中科技大學資訊工程系,其他學校錄取,3,"國立高雄科技大學會計資訊系(正取); 國立高雄科技大學資訊管理系(備取); 國立臺中科技大學資訊工程系(正取,分發)"
CAND_0875,115,nkust_acc,國立高雄科技大學,會計資訊系,國立高雄科技大學 會計資訊系,67090098,吳*,正取,國立高雄科技大學,國立高雄科技大學財務管理系,原校系/本校留任,5,"國立高雄科技大學會計資訊系(正取); 國立高雄科技大學財務管理系(正取,分發); 國立高雄科技大學財政稅務系(正取); 國立臺中科技大學財政稅務系(正取); 國立屏東大學財務金融學系(通過)"
CAND_0876,115,nkust_acc,國立高雄科技大學,會計資訊系,國立高雄科技大學 會計資訊系,70090818,簡*哲,正取,國立高雄科技大學,國立高雄科技大學會計資訊系,原校系/本校留任,1,"國立高雄科技大學會計資訊系(正取,分發)"
CAND_0877,115,nkust_acc,國立高雄科技大學,會計資訊系,國立高雄科技大學 會計資訊系,61090385,張*,正取,國立臺中科技大學,國立臺中科技大學財務金融系,其他學校錄取,4,"國立高雄科技大學會計資訊系(正取); 國立高雄科技大學資訊管理系(正取); 國立高雄科技大學金融資訊系(正取); 國立臺中科技大學財務金融系(正取,分發)"
CAND_0878,115,nkust_acc,國立高雄科技大學,會計資訊系,國立高雄科技大學 會計資訊系,57090563,*晴,正取,中原大學,中原大學會計學系,其他學校錄取,3,"國立高雄科技大學會計資訊系(正取); 國立臺中科技大學會計資訊系(備取); 中原大學會計學系(正取,分發)"
CAND_0879,115,nkust_acc,國立高雄科技大學,會計資訊系,國立高雄科技大學 會計資訊系,67090053,*儀,正取,國立雲林科技大學,國立雲林科技大學會計系,其他學校錄取,4,"國立高雄科技大學會計資訊系(正取); 國立雲林科技大學會計系(備取,分發); 國立高雄科技大學財政稅務系(通過); 國立臺中科技大學會計資訊系(通過)"
CAND_0880,115,nkust_acc,國立高雄科技大學,會計資訊系,國立高雄科技大學 會計資訊系,56090112,蕭*婷,正取,國立臺中科技大學,國立臺中科技大學會計資訊系,其他學校錄取,4,"國立高雄科技大學會計資訊系(正取); 國立勤益科技大學企業管理系(正取); 國立臺中科技大學會計資訊系(正取,分發); 致理科技大學會計資訊系(通過)"
CAND_0881,115,nkust_acc,國立高雄科技大學,會計資訊系,國立高雄科技大學 會計資訊系,58090068,賴*沁,正取,國立臺中科技大學,國立臺中科技大學會計資訊系,其他學校錄取,2,"國立高雄科技大學會計資訊系(正取); 國立臺中科技大學會計資訊系(備取,分發)"
CAND_0882,115,nkust_acc,國立高雄科技大學,會計資訊系,國立高雄科技大學 會計資訊系,73090156,賴*浩,正取,—,—,未分發或放棄,4,國立高雄科技大學會計資訊系(正取); 龍華科技大學財務金融系(通過); 明志科技大學經營管理系(通過); 致理科技大學財務金融系(通過)
CAND_0883,115,nkust_acc,國立高雄科技大學,會計資訊系,國立高雄科技大學 會計資訊系,70090165,蘇*,正取,國立高雄科技大學,國立高雄科技大學會計資訊系,原校系/本校留任,4,"國立高雄科技大學會計資訊系(正取,分發); 國立臺中科技大學會計資訊系(通過); 國立屏東大學會計學系(通過); 國立屏東大學資訊管理學系(通過)"
CAND_0884,115,nkust_acc,國立高雄科技大學,會計資訊系,國立高雄科技大學 會計資訊系,70090752,朱*瑄,正取,國立屏東大學,國立屏東大學會計學系,其他學校錄取,4,"國立高雄科技大學會計資訊系(正取); 國立臺中科技大學會計資訊系(備取); 國立屏東大學會計學系(正取,分發); 銘傳大學會計學系(台北校區)(正取)"
CAND_0885,115,nkust_acc,國立高雄科技大學,會計資訊系,國立高雄科技大學 會計資訊系,61090390,潘*盲,正取,逢甲大學,逢甲大學會計學系,其他學校錄取,3,"國立高雄科技大學會計資訊系(正取); 中原大學會計學系(通過); 逢甲大學會計學系(正取,分發)"
CAND_0886,115,nkust_acc,國立高雄科技大學,會計資訊系,國立高雄科技大學 會計資訊系,70090043,*妤,正取,國立臺中科技大學,國立臺中科技大學會計資訊系,其他學校錄取,4,"國立高雄科技大學會計資訊系(正取); 國立屏東科技大學企業管理系(通過); 國立臺中科技大學會計資訊系(正取,分發); 國立屏東大學會計學系(正取)"
CAND_0887,115,nkust_acc,國立高雄科技大學,會計資訊系,國立高雄科技大學 會計資訊系,61090715,陳*楷,正取,國立臺中科技大學,國立臺中科技大學會計資訊系,其他學校錄取,2,"國立高雄科技大學會計資訊系(正取); 國立臺中科技大學會計資訊系(正取,分發)"
CAND_0888,115,nkust_acc,國立高雄科技大學,會計資訊系,國立高雄科技大學 會計資訊系,67090145,歐*柔,正取,國立屏東大學,國立屏東大學國際經營與貿易學系,其他學校錄取,2,"國立高雄科技大學會計資訊系(正取); 國立屏東大學國際經營與貿易學系(正取,分發)"
CAND_0889,115,nkust_acc,國立高雄科技大學,會計資訊系,國立高雄科技大學 會計資訊系,68090082,—,正取,國立高雄科技大學,國立高雄科技大學會計資訊系,原校系/本校留任,2,"國立高雄科技大學會計資訊系(正取,分發); 國立臺中科技大學會計資訊系(通過)"
CAND_0890,115,nkust_acc,國立高雄科技大學,會計資訊系,國立高雄科技大學 會計資訊系,61090665,顏*,正取,逢甲大學,逢甲大學財稅學系,其他學校錄取,4,"國立高雄科技大學會計資訊系(正取); 國立高雄科技大學財政稅務系(正取); 國立臺中科技大學財政稅務系(正取); 逢甲大學財稅學系(正取,分發)"
CAND_0891,115,nkust_acc,國立高雄科技大學,會計資訊系,國立高雄科技大學 會計資訊系,70090789,楊*,正取,逢甲大學,逢甲大學會計學系,其他學校錄取,4,"國立高雄科技大學會計資訊系(正取); 國立高雄科技大學財政稅務系(通過); 國立臺中科技大學會計資訊系(正取); 逢甲大學會計學系(正取,分發)"
CAND_0892,115,nkust_acc,國立高雄科技大學,會計資訊系,國立高雄科技大學 會計資訊系,61090506,張*喬,正取,逢甲大學,逢甲大學財稅學系,其他學校錄取,4,"國立高雄科技大學會計資訊系(正取); 國立臺中科技大學財政稅務系(備取); 朝陽科技大學財務金融系(正取); 逢甲大學財稅學系(備取,分發)"
CAND_0893,115,nkust_acc,國立高雄科技大學,會計資訊系,國立高雄科技大學 會計資訊系,70090739,陳*欣,正取,國立高雄科技大學,國立高雄科技大學會計資訊系,原校系/本校留任,2,"國立高雄科技大學會計資訊系(正取,分發); 國立臺中科技大學財務金融系(備取)"
CAND_0894,115,nkust_acc,國立高雄科技大學,會計資訊系,國立高雄科技大學 會計資訊系,70090704,維*,正取,國立雲林科技大學,國立雲林科技大學會計系,其他學校錄取,3,"國立高雄科技大學會計資訊系(正取); 國立雲林科技大學會計系(備取,分發); 國立高雄科技大學財政稅務系(正取)"
CAND_0895,115,nkust_acc,國立高雄科技大學,會計資訊系,國立高雄科技大學 會計資訊系,61090713,*妤,正取,國立高雄科技大學,國立高雄科技大學財政稅務系,原校系/本校留任,3,"國立高雄科技大學會計資訊系(正取); 國立高雄科技大學財政稅務系(正取,分發); 國立臺中科技大學財政稅務系(通過)"
CAND_0896,115,nkust_acc,國立高雄科技大學,會計資訊系,國立高雄科技大學 會計資訊系,71090311,許*,正取,—,—,未分發或放棄,2,國立高雄科技大學會計資訊系(正取); 國立屏東大學會計學系(正取)
CAND_0897,115,nkust_acc,國立高雄科技大學,會計資訊系,國立高雄科技大學 會計資訊系,70090736,鄭*鏞,正取,國立高雄科技大學,國立高雄科技大學會計資訊系,原校系/本校留任,2,"國立高雄科技大學會計資訊系(正取,分發); 國立臺中科技大學會計資訊系(備取)"
CAND_0898,115,nkust_acc,國立高雄科技大學,會計資訊系,國立高雄科技大學 會計資訊系,52090554,張*倫,正取,中原大學,中原大學會計學系,其他學校錄取,4,"國立高雄科技大學會計資訊系(正取); 國立臺中科技大學會計資訊系(正取); 中原大學會計學系(備取,分發); 銘傳大學會計學系(台北校區)(備取)"
CAND_0899,115,nkust_acc,國立高雄科技大學,會計資訊系,國立高雄科技大學 會計資訊系,60090232,*政,正取,—,—,未分發或放棄,3,國立高雄科技大學會計資訊系(正取); 國立臺中科技大學會計資訊系(正取); 亞洲大學會計與資訊學系(正取)
CAND_0900,115,nkust_acc,國立高雄科技大學,會計資訊系,國立高雄科技大學 會計資訊系,70090049,黄*哈,正取,國立高雄科技大學,國立高雄科技大學會計資訊系,原校系/本校留任,3,"國立高雄科技大學會計資訊系(正取,分發); 國立雲林科技大學會計系(備取); 國立臺中科技大學財務金融系(通過)"
CAND_0901,115,nkust_acc,國立高雄科技大學,會計資訊系,國立高雄科技大學 會計資訊系,63090323,簡*軒,正取,國立高雄科技大學,國立高雄科技大學會計資訊系,原校系/本校留任,4,"國立高雄科技大學會計資訊系(正取,分發); 國立臺中科技大學會計資訊系(正取); 國立屏東大學企業管理學系(通過); 國立屏東大學會計學系(正取)"
CAND_0902,115,nkust_acc,國立高雄科技大學,會計資訊系,國立高雄科技大學 會計資訊系,63090402,林*瑄,正取,國立高雄科技大學,國立高雄科技大學會計資訊系,原校系/本校留任,3,"國立高雄科技大學會計資訊系(正取,分發); 國立勤益科技大學企業管理系(通過); 國立臺中科技大學財務金融系(通過)"
CAND_0903,115,nkust_acc,國立高雄科技大學,會計資訊系,國立高雄科技大學 會計資訊系,52090202,李*,正取,國立臺中科技大學,國立臺中科技大學會計資訊系,其他學校錄取,3,"國立高雄科技大學會計資訊系(正取); 國立臺中科技大學會計資訊系(備取,分發); 中原大學會計學系(備取)"
CAND_0904,115,nkust_acc,國立高雄科技大學,會計資訊系,國立高雄科技大學 會計資訊系,61090701,郭*,正取,國立高雄科技大學,國立高雄科技大學財政稅務系,原校系/本校留任,2,"國立高雄科技大學會計資訊系(正取); 國立高雄科技大學財政稅務系(正取,分發)"
CAND_0905,115,nkust_acc,國立高雄科技大學,會計資訊系,國立高雄科技大學 會計資訊系,61090150,宋*禛,正取,—,—,未分發或放棄,3,國立高雄科技大學會計資訊系(正取); 國立虎尾科技大學財務金融系(通過); 國立臺中科技大學會計資訊系(正取)
CAND_0906,115,nkust_acc,國立高雄科技大學,會計資訊系,國立高雄科技大學 會計資訊系,52090290,李*婕,正取,國立勤益科技大學,國立勤益科技大學企業管理系,其他學校錄取,3,"國立高雄科技大學會計資訊系(正取); 國立勤益科技大學企業管理系(正取,分發); 國立臺中科技大學流通管理系(正取)"
CAND_0907,115,nkust_acc,國立高雄科技大學,會計資訊系,國立高雄科技大學 會計資訊系,65090026,湯*晴,正取,國立雲林科技大學,國立雲林科技大學會計系,其他學校錄取,3,"國立高雄科技大學會計資訊系(正取); 國立雲林科技大學會計系(備取,分發); 國立高雄科技大學金融系(備取)"
CAND_0908,115,nkust_acc,國立高雄科技大學,會計資訊系,國立高雄科技大學 會計資訊系,61090674,吳*瑀,正取,逢甲大學,逢甲大學會計學系,其他學校錄取,4,"國立高雄科技大學會計資訊系(正取); 國立高雄科技大學金融系(通過); 國立臺中科技大學會計資訊系(通過); 逢甲大學會計學系(正取,分發)"
CAND_0909,115,nkust_acc,國立高雄科技大學,會計資訊系,國立高雄科技大學 會計資訊系,67090112,林*偉,正取,國立高雄科技大學,國立高雄科技大學會計資訊系,原校系/本校留任,2,"國立高雄科技大學會計資訊系(正取,分發); 國立臺中科技大學應用統計系(備取)"
CAND_0910,115,nkust_acc,國立高雄科技大學,會計資訊系,國立高雄科技大學 會計資訊系,63090356,林*鈞,正取,國立雲林科技大學,國立雲林科技大學會計系,其他學校錄取,5,"國立高雄科技大學會計資訊系(正取); 國立雲林科技大學會計系(備取,分發); 國立虎尾科技大學財務金融系(通過); 國立勤益科技大學資訊管理系(通過); 國立臺中科技大學會計資訊系(正取)"
CAND_0911,115,nkust_acc,國立高雄科技大學,會計資訊系,國立高雄科技大學 會計資訊系,70090427,郭*源,正取,國立高雄科技大學,國立高雄科技大學會計資訊系,原校系/本校留任,5,"國立高雄科技大學會計資訊系(正取,分發); 國立虎尾科技大學工業管理系(正取); 國立勤益科技大學工業工程與管理系(通過); 國立臺中科技大學會計資訊系(備取); 國立屏東大學會計學系(正取)"
CAND_0912,115,nkust_acc,國立高雄科技大學,會計資訊系,國立高雄科技大學 會計資訊系,64090540,李*,正取,國立高雄科技大學,國立高雄科技大學會計資訊系,原校系/本校留任,2,"國立高雄科技大學會計資訊系(正取,分發); 國立高雄科技大學財政稅務系(備取)"
CAND_0913,115,nkust_acc,國立高雄科技大學,會計資訊系,國立高雄科技大學 會計資訊系,67090302,林*純,正取,國立臺中科技大學,國立臺中科技大學財政稅務系,其他學校錄取,6,"國立高雄科技大學會計資訊系(正取); 國立高雄科技大學行銷與流通管理系(通過); 國立高雄科技大學財政稅務系(正取); 國立勤益科技大學人工智慧應用工程系(通過); 國立臺中科技大學財政稅務系(正取,分發); 國立臺北商業大學財政稅務系(臺北校區)(通過)"
CAND_0914,115,nkust_acc,國立高雄科技大學,會計資訊系,國立高雄科技大學 會計資訊系,56090015,吳*羽,正取,國立高雄科技大學,國立高雄科技大學行銷與流通管理系,原校系/本校留任,6,"國立高雄科技大學會計資訊系(正取); 國立高雄科技大學行銷與流通管理系(備取,分發); 國立高雄科技大學財政稅務系(通過); 國立虎尾科技大學企業管理系(通過); 國立勤益科技大學行銷與流通管理系(正取); 國立臺中科技大學財政稅務系(通過)"
CAND_0915,115,nkust_acc,國立高雄科技大學,會計資訊系,國立高雄科技大學 會計資訊系,64090351,姚*,備取,國立高雄科技大學,國立高雄科技大學會計資訊系,原校系/本校留任,2,"國立高雄科技大學會計資訊系(備取,分發); 國立臺中科技大學會計資訊系(備取)"
CAND_0916,115,nkust_acc,國立高雄科技大學,會計資訊系,國立高雄科技大學 會計資訊系,64090512,黄*,備取,國立高雄科技大學,國立高雄科技大學會計資訊系,原校系/本校留任,1,"國立高雄科技大學會計資訊系(備取,分發)"
CAND_0917,115,nkust_acc,國立高雄科技大學,會計資訊系,國立高雄科技大學 會計資訊系,70090350,葵*,備取,國立高雄科技大學,國立高雄科技大學會計資訊系,原校系/本校留任,2,"國立高雄科技大學會計資訊系(備取,分發); 國立屏東科技大學財務金融國際學士學位學程(通過)"
CAND_0918,115,nkust_acc,國立高雄科技大學,會計資訊系,國立高雄科技大學 會計資訊系,61090710,張*禎,備取,國立高雄科技大學,國立高雄科技大學會計資訊系,原校系/本校留任,4,"國立高雄科技大學會計資訊系(備取,分發); 國立臺中科技大學會計資訊系(正取); 致理科技大學會計資訊系(正取); 中原大學會計學系(備取)"
CAND_0919,115,nkust_acc,國立高雄科技大學,會計資訊系,國立高雄科技大學 會計資訊系,57090313,陳*澄,備取,國立高雄科技大學,國立高雄科技大學會計資訊系,原校系/本校留任,5,"國立高雄科技大學會計資訊系(備取,分發); 國立虎尾科技大學財務金融系(通過); 國立臺中科技大學會計資訊系(正取); 中原大學會計學系(正取); 逢甲大學會計學系(通過)"
CAND_0920,115,nkust_acc,國立高雄科技大學,會計資訊系,國立高雄科技大學 會計資訊系,70090505,林*妤,備取,國立高雄科技大學,國立高雄科技大學會計資訊系,原校系/本校留任,1,"國立高雄科技大學會計資訊系(備取,分發)"
CAND_0921,115,nkust_acc,國立高雄科技大學,會計資訊系,國立高雄科技大學 會計資訊系,57090580,*延,備取,國立臺中科技大學,國立臺中科技大學會計資訊系,其他學校錄取,4,"國立高雄科技大學會計資訊系(備取); 國立高雄科技大學財政稅務系(通過); 國立臺中科技大學會計資訊系(正取,分發); 逢甲大學會計學系(正取)"
CAND_0922,115,nkust_acc,國立高雄科技大學,會計資訊系,國立高雄科技大學 會計資訊系,65090363,林*汝,備取,國立臺中科技大學,國立臺中科技大學會計資訊系,其他學校錄取,4,"國立高雄科技大學會計資訊系(備取); 國立虎尾科技大學企業管理系(通過); 國立虎尾科技大學財務金融系(正取); 國立臺中科技大學會計資訊系(正取,分發)"
CAND_0923,115,nkust_acc,國立高雄科技大學,會計資訊系,國立高雄科技大學 會計資訊系,63090347,張*,備取,國立高雄科技大學,國立高雄科技大學會計資訊系,原校系/本校留任,4,"國立高雄科技大學會計資訊系(備取,分發); 國立虎尾科技大學工業管理系(通過); 國立勤益科技大學資訊管理系(通過); 國立臺中科技大學會計資訊系(備取)"
CAND_0924,115,nkust_acc,國立高雄科技大學,會計資訊系,國立高雄科技大學 會計資訊系,63090415,林*吟,備取,國立高雄科技大學,國立高雄科技大學智慧商務系,原校系/本校留任,3,"國立高雄科技大學會計資訊系(備取); 國立高雄科技大學智慧商務系(正取,分發); 國立勤益科技大學工業工程與管理系(正取)"
CAND_0925,115,nkust_acc,國立高雄科技大學,會計資訊系,國立高雄科技大學 會計資訊系,61090610,陳*妤,備取,國立高雄科技大學,國立高雄科技大學會計資訊系,原校系/本校留任,5,"國立高雄科技大學會計資訊系(備取,分發); 國立高雄科技大學行銷與流通管理系(正取); 國立高雄科技大學航運管理系(備取); 國立虎尾科技大學財務金融系(正取); 國立勤益科技大學行銷與流通管理系(正取)"
CAND_0926,115,nkust_acc,國立高雄科技大學,會計資訊系,國立高雄科技大學 會計資訊系,70090728,邱*禎,備取,國立高雄科技大學,國立高雄科技大學會計資訊系,原校系/本校留任,2,"國立高雄科技大學會計資訊系(備取,分發); 國立屏東大學會計學系(正取)"
CAND_0927,115,nkust_acc,國立高雄科技大學,會計資訊系,國立高雄科技大學 會計資訊系,58090261,楊*渹,備取,國立高雄科技大學,國立高雄科技大學會計資訊系,原校系/本校留任,2,"國立高雄科技大學會計資訊系(備取,分發); 國立臺中科技大學會計資訊系(備取)"
CAND_0928,115,nkust_acc,國立高雄科技大學,會計資訊系,國立高雄科技大學 會計資訊系,59090324,*妮,備取,中原大學,中原大學會計學系,其他學校錄取,4,"國立高雄科技大學會計資訊系(備取); 國立臺中科技大學會計資訊系(備取); 國立屏東大學會計學系(通過); 中原大學會計學系(備取,分發)"
CAND_0929,115,nkust_acc,國立高雄科技大學,會計資訊系,國立高雄科技大學 會計資訊系,63090209,*溎,備取,國立臺中科技大學,國立臺中科技大學會計資訊系,其他學校錄取,6,"國立高雄科技大學會計資訊系(備取); 國立雲林科技大學會計系(備取); 國立高雄科技大學財政稅務系(正取); 國立虎尾科技大學財務金融系(通過); 國立臺中科技大學會計資訊系(正取,分發); 逢甲大學會計學系(正取)"
CAND_0930,115,nkust_acc,國立高雄科技大學,會計資訊系,國立高雄科技大學 會計資訊系,61090638,林*廷,備取,逢甲大學,逢甲大學會計學系,其他學校錄取,4,"國立高雄科技大學會計資訊系(備取); 國立高雄科技大學國際企業系(正取); 中原大學會計學系(備取); 逢甲大學會計學系(備取,分發)"
CAND_0931,115,nkust_acc,國立高雄科技大學,會計資訊系,國立高雄科技大學 會計資訊系,65090366,趙*,備取,國立高雄科技大學,國立高雄科技大學財政稅務系,原校系/本校留任,5,"國立高雄科技大學會計資訊系(備取); 國立高雄科技大學財政稅務系(正取,分發); 國立虎尾科技大學工業管理系(通過); 國立虎尾科技大學財務金融系(通過); 國立臺中科技大學會計資訊系(通過)"
CAND_0932,115,nkust_acc,國立高雄科技大學,會計資訊系,國立高雄科技大學 會計資訊系,67090363,陳*硯,備取,國立高雄科技大學,國立高雄科技大學會計資訊系,原校系/本校留任,5,"國立高雄科技大學會計資訊系(備取,分發); 國立高雄科技大學金融資訊系(通過); 國立虎尾科技大學財務金融系(通過); 國立臺中科技大學會計資訊系(備取); 國立屏東大學會計學系(通過)"
CAND_0933,115,nkust_acc,國立高雄科技大學,會計資訊系,國立高雄科技大學 會計資訊系,67090085,李*絜,備取,國立高雄科技大學,國立高雄科技大學會計資訊系,原校系/本校留任,4,"國立高雄科技大學會計資訊系(備取,分發); 國立高雄科技大學智慧商務系(通過); 國立臺中科技大學保險金融管理系(通過); 國立屏東大學財務金融學系(通過)"
CAND_0934,115,nkust_acc,國立高雄科技大學,會計資訊系,國立高雄科技大學 會計資訊系,68090038,張*柔,備取,國立虎尾科技大學,國立虎尾科技大學財務金融系,其他學校錄取,5,"國立高雄科技大學會計資訊系(備取); 國立高雄科技大學金融系(備取); 國立高雄科技大學財政稅務系(正取); 國立虎尾科技大學企業管理系(正取); 國立虎尾科技大學財務金融系(正取,分發)"
CAND_0935,115,nkust_acc,國立高雄科技大學,會計資訊系,國立高雄科技大學 會計資訊系,57090347,*華,備取,國立虎尾科技大學,國立虎尾科技大學財務金融系,其他學校錄取,3,"國立高雄科技大學會計資訊系(備取); 國立虎尾科技大學財務金融系(備取,分發); 國立臺中科技大學會計資訊系(備取)"
CAND_0936,115,nkust_acc,國立高雄科技大學,會計資訊系,國立高雄科技大學 會計資訊系,61090139,*漩,備取,國立臺中科技大學,國立臺中科技大學會計資訊系,其他學校錄取,6,"國立高雄科技大學會計資訊系(備取); 國立屏東科技大學植物醫學系(通過); 國立勤益科技大學健康產業科技研發與管理系(通過); 國立臺中科技大學會計資訊系(備取,分發); 國立屏東大學會計學系(正取); 國立屏東大學商業大數據學系(正取)"
CAND_0937,115,nkust_acc,國立高雄科技大學,會計資訊系,國立高雄科技大學 會計資訊系,63090361,—,備取,國立高雄科技大學,國立高雄科技大學會計資訊系,原校系/本校留任,4,"國立高雄科技大學會計資訊系(備取,分發); 國立高雄科技大學智慧商務系(通過); 國立臺中科技大學會計資訊系(通過); 國立屏東大學會計學系(正取)"
CAND_0938,115,nkust_acc,國立高雄科技大學,會計資訊系,國立高雄科技大學 會計資訊系,60090110,—,備取,國立高雄科技大學,國立高雄科技大學會計資訊系,原校系/本校留任,3,"國立高雄科技大學會計資訊系(備取,分發); 國立勤益科技大學企業管理系(通過); 國立臺中科技大學會計資訊系(備取)"
CAND_0939,115,nkust_acc,國立高雄科技大學,會計資訊系,國立高雄科技大學 會計資訊系,52090473,陳*,備取,實踐大學,實踐大學會計學系(臺北校區),其他學校錄取,6,"國立高雄科技大學會計資訊系(備取); 國立臺中科技大學會計資訊系(備取); 德明財經科技大學會計資訊系(正取); 致理科技大學會計資訊系(正取); 銘傳大學會計學系(台北校區)(備取); 實踐大學會計學系(臺北校區)(正取,分發)"
CAND_0940,115,nkust_acc,國立高雄科技大學,會計資訊系,國立高雄科技大學 會計資訊系,74090061,潘*妏,備取,國立高雄科技大學,國立高雄科技大學會計資訊系,原校系/本校留任,4,"國立高雄科技大學會計資訊系(備取,分發); 國立屏東大學企業管理學系(通過); 國立屏東大學會計學系(備取); 中原大學國際經營與貿易學系(通過)"
CAND_0941,115,nkust_acc,國立高雄科技大學,會計資訊系,國立高雄科技大學 會計資訊系,68090491,薛*,備取,國立臺中科技大學,國立臺中科技大學財政稅務系,其他學校錄取,3,"國立高雄科技大學會計資訊系(備取); 國立臺中科技大學財政稅務系(正取,分發); 國立臺北商業大學商業設計管理系(桃園校區)(備取)"
CAND_0942,115,nkust_acc,國立高雄科技大學,會計資訊系,國立高雄科技大學 會計資訊系,56090173,陳*,備取,—,—,未分發或放棄,2,國立高雄科技大學會計資訊系(備取); 國立臺中科技大學會計資訊系(備取)
CAND_0943,115,nkust_acc,國立高雄科技大學,會計資訊系,國立高雄科技大學 會計資訊系,59090244,高*雅,備取,國立高雄科技大學,國立高雄科技大學會計資訊系,原校系/本校留任,1,"國立高雄科技大學會計資訊系(備取,分發)"
CAND_0944,115,nkust_acc,國立高雄科技大學,會計資訊系,國立高雄科技大學 會計資訊系,55090430,蘇*,備取,中原大學,中原大學國際經營與貿易學系,其他學校錄取,3,"國立高雄科技大學會計資訊系(備取); 國立臺中科技大學會計資訊系(正取); 中原大學國際經營與貿易學系(備取,分發)"
CAND_0945,115,nkust_acc,國立高雄科技大學,會計資訊系,國立高雄科技大學 會計資訊系,68090050,徐*岑,備取,國立臺中科技大學,國立臺中科技大學會計資訊系,其他學校錄取,5,"國立高雄科技大學會計資訊系(備取); 國立高雄科技大學智慧商務系(通過); 國立勤益科技大學企業管理系(通過); 國立臺中科技大學會計資訊系(正取,分發); 國立屏東大學行銷與流通管理學系(通過)"
CAND_0946,115,nkust_acc,國立高雄科技大學,會計資訊系,國立高雄科技大學 會計資訊系,52090306,鄭*,備取,國立高雄科技大學,國立高雄科技大學會計資訊系,原校系/本校留任,4,"國立高雄科技大學會計資訊系(備取,分發); 國立勤益科技大學企業管理系(正取); 國立屏東大學企業管理學系(正取); 國立屏東大學財務金融學系(備取)"
CAND_0947,115,nkust_acc,國立高雄科技大學,會計資訊系,國立高雄科技大學 會計資訊系,61090518,張*妡,備取,逢甲大學,逢甲大學會計學系,其他學校錄取,4,"國立高雄科技大學會計資訊系(備取); 國立高雄科技大學財政稅務系(備取); 國立臺中科技大學財政稅務系(備取); 逢甲大學會計學系(備取,分發)"
CAND_0948,115,nkust_acc,國立高雄科技大學,會計資訊系,國立高雄科技大學 會計資訊系,71090281,張*,備取,國立高雄科技大學,國立高雄科技大學會計資訊系,原校系/本校留任,5,"國立高雄科技大學會計資訊系(備取,分發); 國立屏東科技大學工業管理系(正取); 國立臺中科技大學會計資訊系(通過); 國立屏東大學會計學系(正取); 國立屏東大學行銷與流通管理學系(備取)"
CAND_0949,115,nkust_acc,國立高雄科技大學,會計資訊系,國立高雄科技大學 會計資訊系,61090994,林*,備取,國立臺中科技大學,國立臺中科技大學會計資訊系,其他學校錄取,3,"國立高雄科技大學會計資訊系(備取); 國立勤益科技大學企業管理系(備取); 國立臺中科技大學會計資訊系(正取,分發)"
CAND_0950,115,nkust_acc,國立高雄科技大學,會計資訊系,國立高雄科技大學 會計資訊系,61091185,*婷,備取,國立高雄科技大學,國立高雄科技大學會計資訊系,原校系/本校留任,2,"國立高雄科技大學會計資訊系(備取,分發); 國立屏東大學商業大數據學系(正取)"
CAND_0951,115,nkust_acc,國立高雄科技大學,會計資訊系,國立高雄科技大學 會計資訊系,65090300,*茜,備取,國立高雄科技大學,國立高雄科技大學會計資訊系,原校系/本校留任,4,"國立高雄科技大學會計資訊系(備取,分發); 國立高雄科技大學財政稅務系(備取); 國立虎尾科技大學財務金融系(通過); 國立臺中科技大學國際貿易與經營系(通過)"
CAND_0952,115,nkust_acc,國立高雄科技大學,會計資訊系,國立高雄科技大學 會計資訊系,66090110,*永,備取,國立高雄科技大學,國立高雄科技大學會計資訊系,原校系/本校留任,4,"國立高雄科技大學會計資訊系(備取,分發); 國立屏東科技大學財務金融國際學士學位學程(通過); 國立屏東大學國際經營與貿易學系(正取); 國立屏東大學會計學系(正取)"
CAND_0953,115,nkust_acc,國立高雄科技大學,會計資訊系,國立高雄科技大學 會計資訊系,55090278,李*,備取,國立臺中科技大學,國立臺中科技大學會計資訊系,其他學校錄取,5,"國立高雄科技大學會計資訊系(備取); 國立虎尾科技大學企業管理系(正取); 國立勤益科技大學企業管理系(通過); 國立臺中科技大學會計資訊系(正取,分發); 國立宜蘭大學應用經濟與管理學系(正取)"
CAND_0954,115,nkust_acc,國立高雄科技大學,會計資訊系,國立高雄科技大學 會計資訊系,68090153,林*哈,備取,國立高雄科技大學,國立高雄科技大學會計資訊系,原校系/本校留任,3,"國立高雄科技大學會計資訊系(備取,分發); 國立虎尾科技大學工業管理系(正取); 國立勤益科技大學工業工程與管理系(備取)"
CAND_0955,115,nkust_acc,國立高雄科技大學,會計資訊系,國立高雄科技大學 會計資訊系,74090062,葵*邦,備取,國立臺中科技大學,國立臺中科技大學會計資訊系,其他學校錄取,5,"國立高雄科技大學會計資訊系(備取); 國立高雄科技大學風險管理與保險系(正取); 國立臺中科技大學會計資訊系(備取,分發); 嶺東科技大學財務金融系會計資訊組(正取); 國立屏東大學會計學系(正取)"
CAND_0956,115,nkust_acc,國立高雄科技大學,會計資訊系,國立高雄科技大學 會計資訊系,61090478,江*,備取,國立虎尾科技大學,國立虎尾科技大學財務金融系,其他學校錄取,4,"國立高雄科技大學會計資訊系(備取); 國立虎尾科技大學工業管理系(通過); 國立虎尾科技大學財務金融系(備取,分發); 國立勤益科技大學工業工程與管理系(正取)"
CAND_0957,115,nkust_acc,國立高雄科技大學,會計資訊系,國立高雄科技大學 會計資訊系,70090830,陳*哈,備取,國立臺北商業大學,國立臺北商業大學財政稅務系(臺北校區),其他學校錄取,4,"國立高雄科技大學會計資訊系(備取); 國立屏東科技大學企業管理系(通過); 國立臺中科技大學財務金融系(通過); 國立臺北商業大學財政稅務系(臺北校區)(備取,分發)"
CAND_0958,115,nkust_acc,國立高雄科技大學,會計資訊系,國立高雄科技大學 會計資訊系,51090054,鄭*凱,備取,—,—,未分發或放棄,3,國立高雄科技大學會計資訊系(通過); 國立雲林科技大學會計系(通過); 國立臺北商業大學會計資訊系(臺北校區)(通過)
CAND_0959,115,nkust_acc,國立高雄科技大學,會計資訊系,國立高雄科技大學 會計資訊系,52090252,—,備取,—,—,未分發或放棄,4,國立高雄科技大學會計資訊系(通過); 國立高雄科技大學財政稅務系(通過); 國立臺北護理健康大學生死與健康心理諮商系(通過); 國立臺中科技大學會計資訊系(通過)
CAND_0960,115,nkust_acc,國立高雄科技大學,會計資訊系,國立高雄科技大學 會計資訊系,52090635,*瑜,備取,—,—,未分發或放棄,5,國立高雄科技大學會計資訊系(通過); 國立雲林科技大學會計系(正取); 國立臺中科技大學會計資訊系(通過); 中原大學會計學系(正取); 逢甲大學會計學系(正取)
CAND_0961,115,nkust_acc,國立高雄科技大學,會計資訊系,國立高雄科技大學 會計資訊系,54090352,顏*婕,備取,致理科技大學,致理科技大學財務金融系,其他學校錄取,4,"國立高雄科技大學會計資訊系(通過); 國立勤益科技大學工業工程與管理系(通過); 國立臺中科技大學財務金融系(通過); 致理科技大學財務金融系(正取,分發)"
CAND_0962,115,nkust_acc,國立高雄科技大學,會計資訊系,國立高雄科技大學 會計資訊系,54090476,吳*臻,備取,—,—,未分發或放棄,3,國立高雄科技大學會計資訊系(通過); 國立虎尾科技大學企業管理系(通過); 國立臺中科技大學會計資訊系(通過)
CAND_0963,115,nkust_acc,國立高雄科技大學,會計資訊系,國立高雄科技大學 會計資訊系,55090199,張*祁,備取,—,—,未分發或放棄,4,國立高雄科技大學會計資訊系(通過); 國立高雄科技大學行銷與流通管理系(通過); 國立虎尾科技大學財務金融系(通過); 國立臺中科技大學國際貿易與經營系(備取)
CAND_0964,115,nkust_acc,國立高雄科技大學,會計資訊系,國立高雄科技大學 會計資訊系,55090296,柯*,備取,中原大學,中原大學國際經營與貿易學系,其他學校錄取,3,"國立高雄科技大學會計資訊系(通過); 中原大學國際經營與貿易學系(備取,分發); 銘傳大學會計學系(台北校區)(通過)"
CAND_0965,115,nkust_acc,國立高雄科技大學,會計資訊系,國立高雄科技大學 會計資訊系,55090440,唐*駿,備取,—,—,未分發或放棄,1,國立高雄科技大學會計資訊系(通過)
CAND_0966,115,nkust_acc,國立高雄科技大學,會計資訊系,國立高雄科技大學 會計資訊系,55090448,林*槿,備取,國立臺北商業大學,國立臺北商業大學財政稅務系(臺北校區),其他學校錄取,4,"國立高雄科技大學會計資訊系(通過); 國立高雄科技大學財政稅務系(通過); 國立臺中科技大學會計資訊系(正取); 國立臺北商業大學財政稅務系(臺北校區)(備取,分發)"
CAND_0967,115,nkust_acc,國立高雄科技大學,會計資訊系,國立高雄科技大學 會計資訊系,55090503,吳*穎,備取,—,—,未分發或放棄,2,國立高雄科技大學會計資訊系(通過); 國立臺北商業大學會計資訊系(臺北校區)(備取)
CAND_0968,115,nkust_acc,國立高雄科技大學,會計資訊系,國立高雄科技大學 會計資訊系,55090512,—,備取,國立臺中科技大學,國立臺中科技大學會計資訊系,其他學校錄取,3,"國立高雄科技大學會計資訊系(通過); 國立臺中科技大學會計資訊系(正取,分發); 致理科技大學會計資訊系(通過)"
CAND_0969,115,nkust_acc,國立高雄科技大學,會計資訊系,國立高雄科技大學 會計資訊系,56090011,陳*佑,備取,國立虎尾科技大學,國立虎尾科技大學財務金融系,其他學校錄取,4,"國立高雄科技大學會計資訊系(通過); 國立虎尾科技大學財務金融系(備取,分發); 國立勤益科技大學行銷與流通管理系(通過); 國立臺中科技大學財政稅務系(正取)"
CAND_0970,115,nkust_acc,國立高雄科技大學,會計資訊系,國立高雄科技大學 會計資訊系,56090070,楊*宇,備取,國立臺中科技大學,國立臺中科技大學企業管理系,其他學校錄取,5,"國立高雄科技大學會計資訊系(通過); 國立虎尾科技大學企業管理系(正取); 國立勤益科技大學企業管理系(通過); 國立臺中科技大學企業管理系(備取,分發); 朝陽科技大學會計系(通過)"
CAND_0971,115,nkust_acc,國立高雄科技大學,會計資訊系,國立高雄科技大學 會計資訊系,56090098,黄*,備取,銘傳大學,銘傳大學會計學系(台北校區),其他學校錄取,6,"國立高雄科技大學會計資訊系(通過); 國立臺中科技大學會計資訊系(備取); 朝陽科技大學財務金融系(通過); 致理科技大學財務金融系(通過); 銘傳大學會計學系(台北校區)(備取,分發); 實踐大學會計學系(臺北校區)(備取)"
CAND_0972,115,nkust_acc,國立高雄科技大學,會計資訊系,國立高雄科技大學 會計資訊系,57090111,—,備取,中原大學,中原大學會計學系,其他學校錄取,4,"國立高雄科技大學會計資訊系(通過); 國立雲林科技大學會計系(備取); 國立臺中科技大學會計資訊系(正取); 中原大學會計學系(備取,分發)"
CAND_0973,115,nkust_acc,國立高雄科技大學,會計資訊系,國立高雄科技大學 會計資訊系,57090154,郭*,備取,—,—,未分發或放棄,4,國立高雄科技大學會計資訊系(通過); 國立虎尾科技大學財務金融系(通過); 國立臺中科技大學應用統計系(通過); 中原大學會計學系(通過)
CAND_0974,115,nkust_acc,國立高雄科技大學,會計資訊系,國立高雄科技大學 會計資訊系,57090337,*瑛,備取,—,—,未分發或放棄,2,國立高雄科技大學會計資訊系(通過); 國立臺中科技大學會計資訊系(通過)
CAND_0975,115,nkust_acc,國立高雄科技大學,會計資訊系,國立高雄科技大學 會計資訊系,57090553,黄*女,備取,逢甲大學,逢甲大學會計學系,其他學校錄取,4,"國立高雄科技大學會計資訊系(通過); 中原大學會計學系(備取); 逢甲大學會計學系(備取,分發); 逢甲大學合作經濟暨社會事業經營學系(通過)"
CAND_0976,115,nkust_acc,國立高雄科技大學,會計資訊系,國立高雄科技大學 會計資訊系,57090619,蘇*澔,備取,國立高雄科技大學,國立高雄科技大學財務管理系,原校系/本校留任,4,"國立高雄科技大學會計資訊系(通過); 國立雲林科技大學文化資產維護系(通過); 國立高雄科技大學財務管理系(備取,分發); 國立臺中科技大學財政稅務系(通過)"
CAND_0977,115,nkust_acc,國立高雄科技大學,會計資訊系,國立高雄科技大學 會計資訊系,57090653,歐*永,備取,中原大學,中原大學會計學系,其他學校錄取,4,"國立高雄科技大學會計資訊系(通過); 國立高雄科技大學人力資源發展系(通過); 國立高雄科技大學財政稅務系(正取); 中原大學會計學系(備取,分發)"
CAND_0978,115,nkust_acc,國立高雄科技大學,會計資訊系,國立高雄科技大學 會計資訊系,57090777,何*靚,備取,國立臺中科技大學,國立臺中科技大學國際貿易與經營系,其他學校錄取,3,"國立高雄科技大學會計資訊系(通過); 國立臺中科技大學國際貿易與經營系(正取,分發); 中原大學國際經營與貿易學系(備取)"
CAND_0979,115,nkust_acc,國立高雄科技大學,會計資訊系,國立高雄科技大學 會計資訊系,57090867,袁*翔,備取,中原大學,中原大學資訊管理學系,其他學校錄取,6,"國立高雄科技大學會計資訊系(通過); 國立勤益科技大學資訊管理系(通過); 致理科技大學資訊管理系(通過); 中原大學會計學系(正取); 中原大學資訊管理學系(正取,分發); 逢甲大學財稅學系(通過)"
CAND_0980,115,nkust_acc,國立高雄科技大學,會計資訊系,國立高雄科技大學 會計資訊系,57090925,徐*瑜,備取,國立臺中科技大學,國立臺中科技大學財務金融系,其他學校錄取,4,"國立高雄科技大學會計資訊系(通過); 國立高雄科技大學風險管理與保險系(通過); 國立高雄科技大學金融資訊系(備取); 國立臺中科技大學財務金融系(正取,分發)"
CAND_0981,115,nkust_acc,國立高雄科技大學,會計資訊系,國立高雄科技大學 會計資訊系,58090188,林*永,備取,國立臺中科技大學,國立臺中科技大學會計資訊系,其他學校錄取,2,"國立高雄科技大學會計資訊系(通過); 國立臺中科技大學會計資訊系(正取,分發)"
CAND_0982,115,nkust_acc,國立高雄科技大學,會計資訊系,國立高雄科技大學 會計資訊系,58090515,陳*靜,備取,—,—,未分發或放棄,1,國立高雄科技大學會計資訊系(通過)
CAND_0983,115,nkust_acc,國立高雄科技大學,會計資訊系,國立高雄科技大學 會計資訊系,59090041,F*瑜,備取,國立臺中科技大學,國立臺中科技大學資訊管理系,其他學校錄取,5,"國立高雄科技大學會計資訊系(通過); 國立高雄科技大學工業工程與管理系(備取); 國立高雄科技大學資訊管理系(備取); 國立勤益科技大學資訊管理系(通過); 國立臺中科技大學資訊管理系(正取,分發)"
CAND_0984,115,nkust_acc,國立高雄科技大學,會計資訊系,國立高雄科技大學 會計資訊系,59090337,*岑,備取,國立臺中科技大學,國立臺中科技大學會計資訊系,其他學校錄取,3,"國立高雄科技大學會計資訊系(通過); 國立臺中科技大學會計資訊系(正取,分發); 朝陽科技大學會計系(正取)"
CAND_0985,115,nkust_acc,國立高雄科技大學,會計資訊系,國立高雄科技大學 會計資訊系,60090072,葵*珈,備取,—,—,未分發或放棄,5,國立高雄科技大學會計資訊系(通過); 國立高雄科技大學企業管理系(通過); 國立高雄科技大學財政稅務系(通過); 國立勤益科技大學企業管理系(通過); 中原大學會計學系(通過)
CAND_0986,115,nkust_acc,國立高雄科技大學,會計資訊系,國立高雄科技大學 會計資訊系,61090202,胡*祐,備取,國立臺中科技大學,國立臺中科技大學會計資訊系,其他學校錄取,4,"國立高雄科技大學會計資訊系(通過); 國立雲林科技大學會計系(通過); 國立高雄科技大學財政稅務系(通過); 國立臺中科技大學會計資訊系(正取,分發)"
CAND_0987,115,nkust_acc,國立高雄科技大學,會計資訊系,國立高雄科技大學 會計資訊系,61090234,楊*婕,備取,—,—,未分發或放棄,3,國立高雄科技大學會計資訊系(通過); 國立虎尾科技大學工業管理系(通過); 國立臺中科技大學財務金融系(通過)
CAND_0988,115,nkust_acc,國立高雄科技大學,會計資訊系,國立高雄科技大學 會計資訊系,61090246,陳*,備取,國立臺中科技大學,國立臺中科技大學會計資訊系,其他學校錄取,4,"國立高雄科技大學會計資訊系(通過); 國立高雄科技大學資訊管理系(通過); 國立虎尾科技大學資訊管理系(通過); 國立臺中科技大學會計資訊系(正取,分發)"
CAND_0989,115,nkust_acc,國立高雄科技大學,會計資訊系,國立高雄科技大學 會計資訊系,61090261,翁*,備取,國立高雄科技大學,國立高雄科技大學財政稅務系,原校系/本校留任,6,"國立高雄科技大學會計資訊系(通過); 國立屏東科技大學企業管理系(通過); 國立高雄科技大學行銷與流通管理系(通過); 國立高雄科技大學財政稅務系(正取,分發); 國立臺中科技大學財政稅務系(通過); 國立屏東大學會計學系(通過)"
CAND_0990,115,nkust_acc,國立高雄科技大學,會計資訊系,國立高雄科技大學 會計資訊系,61090358,周*似,備取,—,—,未分發或放棄,2,國立高雄科技大學會計資訊系(通過); 國立高雄科技大學財務管理系(備取)
CAND_0991,115,nkust_acc,國立高雄科技大學,會計資訊系,國立高雄科技大學 會計資訊系,61090377,魏*𡤃,備取,國立臺中科技大學,國立臺中科技大學財務金融系,其他學校錄取,6,"國立高雄科技大學會計資訊系(通過); 國立雲林科技大學財務金融系(備取); 國立雲林科技大學會計系(通過); 國立高雄科技大學金融資訊系(正取); 國立虎尾科技大學財務金融系(通過); 國立臺中科技大學財務金融系(正取,分發)"
CAND_0992,115,nkust_acc,國立高雄科技大學,會計資訊系,國立高雄科技大學 會計資訊系,61090425,張*晴,備取,—,—,未分發或放棄,2,國立高雄科技大學會計資訊系(通過); 國立臺中科技大學財務金融系(通過)
CAND_0993,115,nkust_acc,國立高雄科技大學,會計資訊系,國立高雄科技大學 會計資訊系,61090442,周*,備取,國立雲林科技大學,國立雲林科技大學會計系,其他學校錄取,6,"國立高雄科技大學會計資訊系(通過); 國立雲林科技大學會計系(正取,分發); 國立臺北科技大學資訊與財金管理系(通過); 國立臺北商業大學會計資訊系(臺北校區)(正取); 國立臺北商業大學財務金融系(臺北校區)(通過); 國立臺北商業大學財政稅務系(臺北校區)(通過)"
CAND_0994,115,nkust_acc,國立高雄科技大學,會計資訊系,國立高雄科技大學 會計資訊系,61090466,*岑,備取,逢甲大學,逢甲大學會計學系,其他學校錄取,4,"國立高雄科技大學會計資訊系(通過); 國立臺中科技大學會計資訊系(備取); 逢甲大學會計學系(備取,分發); 逢甲大學合作經濟暨社會事業經營學系(備取)"
CAND_0995,115,nkust_acc,國立高雄科技大學,會計資訊系,國立高雄科技大學 會計資訊系,61090514,林*融,備取,國立臺中科技大學,國立臺中科技大學財政稅務系,其他學校錄取,5,"國立高雄科技大學會計資訊系(通過); 國立高雄科技大學財政稅務系(備取); 國立虎尾科技大學工業管理系(通過); 國立高雄餐旅大學航空暨運輸服務管理系(通過); 國立臺中科技大學財政稅務系(正取,分發)"
CAND_0996,115,nkust_acc,國立高雄科技大學,會計資訊系,國立高雄科技大學 會計資訊系,61090516,葵*瑜,備取,國立臺中科技大學,國立臺中科技大學會計資訊系,其他學校錄取,4,"國立高雄科技大學會計資訊系(通過); 國立虎尾科技大學財務金融系(通過); 國立臺中科技大學會計資訊系(正取,分發); 逢甲大學會計學系(通過)"
CAND_0997,115,nkust_acc,國立高雄科技大學,會計資訊系,國立高雄科技大學 會計資訊系,61090938,*婷,備取,—,—,未分發或放棄,2,國立高雄科技大學會計資訊系(通過); 國立雲林科技大學資訊管理系(通過)
CAND_0998,115,nkust_acc,國立高雄科技大學,會計資訊系,國立高雄科技大學 會計資訊系,61091002,林*,備取,—,—,未分發或放棄,3,國立高雄科技大學會計資訊系(通過); 國立高雄科技大學智慧商務系(通過); 國立臺中科技大學會計資訊系(備取)
CAND_0999,115,nkust_acc,國立高雄科技大學,會計資訊系,國立高雄科技大學 會計資訊系,61091155,陳*慈,備取,—,—,未分發或放棄,4,國立高雄科技大學會計資訊系(通過); 國立臺中科技大學會計資訊系(通過); 朝陽科技大學會計系(通過); 德明財經科技大學會計資訊系(通過)
CAND_1000,115,nkust_acc,國立高雄科技大學,會計資訊系,國立高雄科技大學 會計資訊系,63090025,吳*黛,備取,國立臺中科技大學,國立臺中科技大學會計資訊系,其他學校錄取,4,"國立高雄科技大學會計資訊系(通過); 國立高雄科技大學財務管理系(正取); 國立勤益科技大學企業管理系(通過); 國立臺中科技大學會計資訊系(正取,分發)"
CAND_1001,115,nkust_acc,國立高雄科技大學,會計資訊系,國立高雄科技大學 會計資訊系,64090276,許*,備取,國立臺中科技大學,國立臺中科技大學會計資訊系,其他學校錄取,3,"國立高雄科技大學會計資訊系(通過); 國立臺中科技大學會計資訊系(正取,分發); 逢甲大學會計學系(通過)"
CAND_1002,115,nkust_acc,國立高雄科技大學,會計資訊系,國立高雄科技大學 會計資訊系,64090277,陳*智,備取,國立臺中科技大學,國立臺中科技大學會計資訊系,其他學校錄取,2,"國立高雄科技大學會計資訊系(通過); 國立臺中科技大學會計資訊系(正取,分發)"
CAND_1003,115,nkust_acc,國立高雄科技大學,會計資訊系,國立高雄科技大學 會計資訊系,64090346,葵*,備取,國立臺中科技大學,國立臺中科技大學會計資訊系,其他學校錄取,4,"國立高雄科技大學會計資訊系(通過); 國立高雄科技大學資訊管理系(通過); 國立虎尾科技大學資訊工程系(正取); 國立臺中科技大學會計資訊系(正取,分發)"
CAND_1004,115,nkust_acc,國立高雄科技大學,會計資訊系,國立高雄科技大學 會計資訊系,64090495,許*瑄,備取,—,—,未分發或放棄,1,國立高雄科技大學會計資訊系(通過)
CAND_1005,115,nkust_acc,國立高雄科技大學,會計資訊系,國立高雄科技大學 會計資訊系,64090529,楊*,備取,—,—,未分發或放棄,1,國立高雄科技大學會計資訊系(通過)
CAND_1006,115,nkust_acc,國立高雄科技大學,會計資訊系,國立高雄科技大學 會計資訊系,64090563,許*綾,備取,國立臺中科技大學,國立臺中科技大學會計資訊系,其他學校錄取,4,"國立高雄科技大學會計資訊系(通過); 國立虎尾科技大學企業管理系(通過); 國立虎尾科技大學財務金融系(正取); 國立臺中科技大學會計資訊系(備取,分發)"
CAND_1007,115,nkust_acc,國立高雄科技大學,會計資訊系,國立高雄科技大學 會計資訊系,65090369,黄*,備取,—,—,未分發或放棄,3,國立高雄科技大學會計資訊系(通過); 國立高雄科技大學財政稅務系(通過); 國立臺中科技大學財政稅務系(通過)
CAND_1008,115,nkust_acc,國立高雄科技大學,會計資訊系,國立高雄科技大學 會計資訊系,67090162,—,備取,國立雲林科技大學,國立雲林科技大學會計系,其他學校錄取,3,"國立高雄科技大學會計資訊系(通過); 國立雲林科技大學會計系(備取,分發); 國立臺中科技大學會計資訊系(通過)"
CAND_1009,115,nkust_acc,國立高雄科技大學,會計資訊系,國立高雄科技大學 會計資訊系,67090365,許*盛,備取,—,—,未分發或放棄,3,國立高雄科技大學會計資訊系(通過); 國立雲林科技大學財務金融系(通過); 國立雲林科技大學會計系(備取)
CAND_1010,115,nkust_acc,國立高雄科技大學,會計資訊系,國立高雄科技大學 會計資訊系,68090065,葉*銘,備取,國立臺北商業大學,國立臺北商業大學企業管理系(臺北校區),其他學校錄取,2,"國立高雄科技大學會計資訊系(通過); 國立臺北商業大學企業管理系(臺北校區)(備取,分發)"
CAND_1011,115,nkust_acc,國立高雄科技大學,會計資訊系,國立高雄科技大學 會計資訊系,68090078,黄*,備取,—,—,未分發或放棄,4,國立高雄科技大學會計資訊系(通過); 嶺東科技大學應用外語系應用日語組(通過); 國立屏東大學國際經營與貿易學系(通過); 國立屏東大學應用日語學系(通過)
CAND_1012,115,nkust_acc,國立高雄科技大學,會計資訊系,國立高雄科技大學 會計資訊系,68090104,楊*誠,備取,—,—,未分發或放棄,3,國立高雄科技大學會計資訊系(通過); 國立高雄科技大學智慧商務系(通過); 國立臺中科技大學會計資訊系(通過)
CAND_1013,115,nkust_acc,國立高雄科技大學,會計資訊系,國立高雄科技大學 會計資訊系,68090121,郭*蕙,備取,—,—,未分發或放棄,1,國立高雄科技大學會計資訊系(通過)
CAND_1014,115,nkust_acc,國立高雄科技大學,會計資訊系,國立高雄科技大學 會計資訊系,68090375,陳*玲,備取,—,—,未分發或放棄,4,國立高雄科技大學會計資訊系(通過); 國立臺中科技大學會計資訊系(通過); 國立臺北商業大學財政稅務系(臺北校區)(通過); 國立彰化師範大學財務金融技術學系(通過)
CAND_1015,115,nkust_acc,國立高雄科技大學,會計資訊系,國立高雄科技大學 會計資訊系,68090519,鄭*瑄,備取,國立高雄科技大學,國立高雄科技大學金融系,原校系/本校留任,2,"國立高雄科技大學會計資訊系(通過); 國立高雄科技大學金融系(正取,分發)"
CAND_1016,115,nkust_acc,國立高雄科技大學,會計資訊系,國立高雄科技大學 會計資訊系,68090550,葵*岑,備取,—,—,未分發或放棄,3,國立高雄科技大學會計資訊系(通過); 國立高雄科技大學金融資訊系(通過); 國立臺中科技大學會計資訊系(通過)
CAND_1017,115,nkust_acc,國立高雄科技大學,會計資訊系,國立高雄科技大學 會計資訊系,68530019,—,備取,—,—,未分發或放棄,4,國立高雄科技大學會計資訊系(通過); 國立虎尾科技大學工業管理系(通過); 國立勤益科技大學工業工程與管理系(通過); 國立臺中科技大學財務金融系(通過)
CAND_1018,115,nkust_acc,國立高雄科技大學,會計資訊系,國立高雄科技大學 會計資訊系,68530063,許*,備取,—,—,未分發或放棄,3,國立高雄科技大學會計資訊系(通過); 國立高雄科技大學漁業科技與管理系(通過); 國立臺中科技大學會計資訊系(通過)
CAND_1019,115,nkust_acc,國立高雄科技大學,會計資訊系,國立高雄科技大學 會計資訊系,69090004,顏*浩,備取,—,—,未分發或放棄,1,國立高雄科技大學會計資訊系(通過)
CAND_1020,115,nkust_acc,國立高雄科技大學,會計資訊系,國立高雄科技大學 會計資訊系,69090063,吳*慈,備取,—,—,未分發或放棄,3,國立高雄科技大學會計資訊系(通過); 國立虎尾科技大學財務金融系(通過); 國立臺中科技大學財務金融系(通過)
CAND_1021,115,nkust_acc,國立高雄科技大學,會計資訊系,國立高雄科技大學 會計資訊系,70090717,賴*綸,備取,—,—,未分發或放棄,2,國立高雄科技大學會計資訊系(通過); 國立高雄科技大學財務管理系(通過)
CAND_1022,115,nkust_acc,國立高雄科技大學,會計資訊系,國立高雄科技大學 會計資訊系,70090745,郭*鉲,備取,—,—,未分發或放棄,4,國立高雄科技大學會計資訊系(通過); 國立高雄科技大學財務管理系(通過); 國立勤益科技大學資訊管理系(通過); 國立臺中科技大學會計資訊系(通過)
CAND_1023,115,nkust_acc,國立高雄科技大學,會計資訊系,國立高雄科技大學 會計資訊系,70090812,—,備取,—,—,未分發或放棄,4,國立高雄科技大學會計資訊系(通過); 國立雲林科技大學會計系(通過); 國立高雄科技大學財務管理系(通過); 國立臺中科技大學財務金融系(通過)
CAND_1024,115,nkust_acc,國立高雄科技大學,會計資訊系,國立高雄科技大學 會計資訊系,71090308,魏*,備取,—,—,未分發或放棄,3,國立高雄科技大學會計資訊系(通過); 國立高雄科技大學智慧商務系(通過); 國立屏東大學會計學系(通過)
CAND_1025,115,nkust_acc,國立高雄科技大學,會計資訊系,國立高雄科技大學 會計資訊系,71090325,蘇*綾,備取,國立雲林科技大學,國立雲林科技大學會計系,其他學校錄取,4,"國立高雄科技大學會計資訊系(通過); 國立雲林科技大學財務金融系(通過); 國立雲林科技大學會計系(正取,分發); 國立臺中科技大學會計資訊系(通過)"
CAND_1026,115,nkust_acc,國立高雄科技大學,會計資訊系,國立高雄科技大學 會計資訊系,73090167,鄧*綺,備取,國立臺中科技大學,國立臺中科技大學會計資訊系,其他學校錄取,6,"國立高雄科技大學會計資訊系(通過); 國立雲林科技大學會計系(通過); 國立虎尾科技大學企業管理系(通過); 國立臺中科技大學會計資訊系(備取,分發); 致理科技大學財務金融系(通過); 國立屏東大學會計學系(通過)"
CAND_1027,114,nkust_acc,國立高雄科技大學,會計資訊系,國立高雄科技大學 會計資訊系,66090011,陳*達,正取,國立雲林科技大學,國立雲林科技大學會計系,其他學校錄取,4,"國立高雄科技大學會計資訊系(正取); 國立雲林科技大學會計系(正取,分發); 國立臺中科技大學會計資訊系(通過); 國立臺北商業大學會計資訊系(臺北校區)(備取)"
CAND_1028,114,nkust_acc,國立高雄科技大學,會計資訊系,國立高雄科技大學 會計資訊系,61090433,陳*慈,正取,國立雲林科技大學,國立雲林科技大學會計系,其他學校錄取,4,"國立高雄科技大學會計資訊系(正取); 國立雲林科技大學財務金融系(通過); 國立雲林科技大學會計系(正取,分發); 國立臺中科技大學會計資訊系(正取)"
CAND_1029,114,nkust_acc,國立高雄科技大學,會計資訊系,國立高雄科技大學 會計資訊系,57090959,謝*運,正取,國立高雄科技大學,國立高雄科技大學會計資訊系,原校系/本校留任,3,"國立高雄科技大學會計資訊系(正取,分發); 國立臺中科技大學會計資訊系(正取); 中原大學會計學系(正取)"
CAND_1030,114,nkust_acc,國立高雄科技大學,會計資訊系,國立高雄科技大學 會計資訊系,76090034,林*,正取,國立高雄科技大學,國立高雄科技大學會計資訊系,原校系/本校留任,4,"國立高雄科技大學會計資訊系(正取,分發); 國立高雄科技大學金融資訊系(正取); 國立臺中科技大學會計資訊系(正取); 國立臺北商業大學會計資訊系(臺北校區)(正取)"
CAND_1031,114,nkust_acc,國立高雄科技大學,會計資訊系,國立高雄科技大學 會計資訊系,67090144,F*,正取,國立雲林科技大學,國立雲林科技大學會計系,其他學校錄取,5,"國立高雄科技大學會計資訊系(正取); 國立雲林科技大學財務金融系(通過); 國立雲林科技大學會計系(備取,分發); 國立高雄科技大學財務管理系(通過); 國立臺中科技大學會計資訊系(正取)"
CAND_1032,114,nkust_acc,國立高雄科技大學,會計資訊系,國立高雄科技大學 會計資訊系,70090738,紀*紜,正取,國立高雄科技大學,國立高雄科技大學資訊管理系,原校系/本校留任,3,"國立高雄科技大學會計資訊系(正取); 國立屏東科技大學工業管理系(通過); 國立高雄科技大學資訊管理系(正取,分發)"
CAND_1033,114,nkust_acc,國立高雄科技大學,會計資訊系,國立高雄科技大學 會計資訊系,71090341,吳*穎,正取,國立高雄科技大學,國立高雄科技大學會計資訊系,原校系/本校留任,3,"國立高雄科技大學會計資訊系(正取,分發); 國立高雄科技大學金融資訊系(通過); 國立臺中科技大學會計資訊系(通過)"
CAND_1034,114,nkust_acc,國立高雄科技大學,會計資訊系,國立高雄科技大學 會計資訊系,70090150,賴*-,正取,國立高雄科技大學,國立高雄科技大學會計資訊系,原校系/本校留任,1,"國立高雄科技大學會計資訊系(正取,分發)"
CAND_1035,114,nkust_acc,國立高雄科技大學,會計資訊系,國立高雄科技大學 會計資訊系,63090385,許*榕,正取,國立雲林科技大學,國立雲林科技大學會計系,其他學校錄取,5,"國立高雄科技大學會計資訊系(正取); 國立雲林科技大學會計系(正取,分發); 國立高雄科技大學金融系(正取); 國立高雄科技大學財政稅務系(正取); 國立虎尾科技大學財務金融系(通過)"
CAND_1036,114,nkust_acc,國立高雄科技大學,會計資訊系,國立高雄科技大學 會計資訊系,71090193,陳*菁,正取,國立高雄科技大學,國立高雄科技大學會計資訊系,原校系/本校留任,4,"國立高雄科技大學會計資訊系(正取,分發); 國立高雄科技大學財務管理系(正取); 國立臺中科技大學會計資訊系(正取); 國立屏東大學會計學系(正取)"
CAND_1037,114,nkust_acc,國立高雄科技大學,會計資訊系,國立高雄科技大學 會計資訊系,67090262,吳*樹,正取,國立高雄科技大學,國立高雄科技大學金融資訊系,原校系/本校留任,4,"國立高雄科技大學會計資訊系(正取); 國立雲林科技大學會計系(通過); 國立高雄科技大學金融資訊系(正取,分發); 國立臺中科技大學財務金融系(正取)"
CAND_1038,114,nkust_acc,國立高雄科技大學,會計資訊系,國立高雄科技大學 會計資訊系,68530032,林*,正取,國立高雄科技大學,國立高雄科技大學會計資訊系,原校系/本校留任,3,"國立高雄科技大學會計資訊系(正取,分發); 國立雲林科技大學會計系(備取); 國立臺中科技大學會計資訊系(通過)"
CAND_1039,114,nkust_acc,國立高雄科技大學,會計資訊系,國立高雄科技大學 會計資訊系,68090224,李*屏,正取,國立高雄科技大學,國立高雄科技大學金融系,原校系/本校留任,2,"國立高雄科技大學會計資訊系(正取); 國立高雄科技大學金融系(正取,分發)"
CAND_1040,114,nkust_acc,國立高雄科技大學,會計資訊系,國立高雄科技大學 會計資訊系,60090142,謝*如,正取,國立高雄科技大學,國立高雄科技大學會計資訊系,原校系/本校留任,1,"國立高雄科技大學會計資訊系(正取,分發)"
CAND_1041,114,nkust_acc,國立高雄科技大學,會計資訊系,國立高雄科技大學 會計資訊系,57090927,葵*婷,正取,國立臺中科技大學,國立臺中科技大學會計資訊系,其他學校錄取,4,"國立高雄科技大學會計資訊系(正取); 國立高雄科技大學金融資訊系(通過); 國立臺中科技大學會計資訊系(備取,分發); 國立屏東大學會計學系(通過)"
CAND_1042,114,nkust_acc,國立高雄科技大學,會計資訊系,國立高雄科技大學 會計資訊系,67090182,史*妤,正取,—,—,未分發或放棄,5,國立高雄科技大學會計資訊系(正取); 國立雲林科技大學工業工程與管理系(正取); 國立高雄科技大學企業管理系(通過); 國立高雄科技大學行銷與流通管理系(通過); 國立臺中科技大學會計資訊系(備取)
CAND_1043,114,nkust_acc,國立高雄科技大學,會計資訊系,國立高雄科技大學 會計資訊系,57090943,邱*,正取,國立臺中科技大學,國立臺中科技大學財務金融系,其他學校錄取,4,"國立高雄科技大學會計資訊系(正取); 國立虎尾科技大學資訊管理系(通過); 國立臺中科技大學財務金融系(備取,分發); 國立屏東大學會計學系(通過)"
CAND_1044,114,nkust_acc,國立高雄科技大學,會計資訊系,國立高雄科技大學 會計資訊系,67090326,林*綸,正取,國立高雄科技大學,國立高雄科技大學會計資訊系,原校系/本校留任,1,"國立高雄科技大學會計資訊系(正取,分發)"
CAND_1045,114,nkust_acc,國立高雄科技大學,會計資訊系,國立高雄科技大學 會計資訊系,66090001,陳*凱,正取,國立臺中科技大學,國立臺中科技大學會計資訊系,其他學校錄取,4,"國立高雄科技大學會計資訊系(正取); 國立高雄科技大學金融資訊系(正取); 國立虎尾科技大學企業管理系(正取); 國立臺中科技大學會計資訊系(正取,分發)"
CAND_1046,114,nkust_acc,國立高雄科技大學,會計資訊系,國立高雄科技大學 會計資訊系,68530040,謝*聿,正取,國立高雄科技大學,國立高雄科技大學會計資訊系,原校系/本校留任,4,"國立高雄科技大學會計資訊系(正取,分發); 國立高雄科技大學金融系(正取); 國立高雄科技大學財政稅務系(正取); 國立臺中科技大學會計資訊系(通過)"
CAND_1047,114,nkust_acc,國立高雄科技大學,會計資訊系,國立高雄科技大學 會計資訊系,61099903,黄*順,正取,國立高雄科技大學,國立高雄科技大學會計資訊系,原校系/本校留任,3,"國立高雄科技大學會計資訊系(正取,分發); 國立臺中科技大學會計資訊系(備取); 銘傳大學會計學系(台北校區)(通過)"
CAND_1048,114,nkust_acc,國立高雄科技大學,會計資訊系,國立高雄科技大學 會計資訊系,70090434,黄*翔,正取,國立高雄科技大學,國立高雄科技大學會計資訊系,原校系/本校留任,3,"國立高雄科技大學會計資訊系(正取,分發); 國立高雄科技大學金融資訊系(通過); 國立臺中科技大學會計資訊系(通過)"
CAND_1049,114,nkust_acc,國立高雄科技大學,會計資訊系,國立高雄科技大學 會計資訊系,68090710,鄭*媗,正取,國立高雄科技大學,國立高雄科技大學會計資訊系,原校系/本校留任,2,"國立高雄科技大學會計資訊系(正取,分發); 國立臺中科技大學會計資訊系(通過)"
CAND_1050,114,nkust_acc,國立高雄科技大學,會計資訊系,國立高雄科技大學 會計資訊系,52090781,謝*珈,正取,國立雲林科技大學,國立雲林科技大學會計系,其他學校錄取,5,"國立高雄科技大學會計資訊系(正取); 國立雲林科技大學會計系(正取,分發); 國立高雄科技大學財政稅務系(正取); 國立臺中科技大學會計資訊系(備取); 國立臺北商業大學會計資訊系(臺北校區)(備取)"
CAND_1051,114,nkust_acc,國立高雄科技大學,會計資訊系,國立高雄科技大學 會計資訊系,61090815,維*熒,正取,國立雲林科技大學,國立雲林科技大學會計系,其他學校錄取,6,"國立高雄科技大學會計資訊系(正取); 國立雲林科技大學財務金融系(正取); 國立雲林科技大學會計系(正取,分發); 國立虎尾科技大學財務金融系(正取); 國立臺中科技大學財務金融系(正取); 國立臺北商業大學財政稅務系(臺北校區)(正取)"
CAND_1052,114,nkust_acc,國立高雄科技大學,會計資訊系,國立高雄科技大學 會計資訊系,68090566,李*豪,正取,國立高雄科技大學,國立高雄科技大學金融資訊系,原校系/本校留任,2,"國立高雄科技大學會計資訊系(正取); 國立高雄科技大學金融資訊系(備取,分發)"
CAND_1053,114,nkust_acc,國立高雄科技大學,會計資訊系,國立高雄科技大學 會計資訊系,56090284,徐*恩,正取,國立雲林科技大學,國立雲林科技大學企業管理系,其他學校錄取,5,"國立高雄科技大學會計資訊系(正取); 國立雲林科技大學企業管理系(備取,分發); 國立高雄科技大學金融系(正取); 國立臺北商業大學企業管理系(臺北校區)(備取); 中原大學會計學系(備取)"
CAND_1054,114,nkust_acc,國立高雄科技大學,會計資訊系,國立高雄科技大學 會計資訊系,70090502,*妍,正取,國立高雄科技大學,國立高雄科技大學會計資訊系,原校系/本校留任,5,"國立高雄科技大學會計資訊系(正取,分發); 國立高雄科技大學財政稅務系(備取); 國立虎尾科技大學財務金融系(通過); 國立臺中科技大學會計資訊系(備取); 國立屏東大學會計學系(通過)"
CAND_1055,114,nkust_acc,國立高雄科技大學,會計資訊系,國立高雄科技大學 會計資訊系,57090262,葉*恩,正取,國立高雄科技大學,國立高雄科技大學金融資訊系,原校系/本校留任,4,"國立高雄科技大學會計資訊系(正取); 國立高雄科技大學金融系(備取); 國立高雄科技大學金融資訊系(正取,分發); 國立臺中科技大學財務金融系(備取)"
CAND_1056,114,nkust_acc,國立高雄科技大學,會計資訊系,國立高雄科技大學 會計資訊系,61090621,李*樂,正取,國立高雄科技大學,國立高雄科技大學會計資訊系,原校系/本校留任,5,"國立高雄科技大學會計資訊系(正取,分發); 國立雲林科技大學企業管理系(備取); 國立高雄科技大學金融系(正取); 國立高雄科技大學金融資訊系(正取); 國立臺中科技大學財務金融系(備取)"
CAND_1057,114,nkust_acc,國立高雄科技大學,會計資訊系,國立高雄科技大學 會計資訊系,59090325,邱*綺,正取,國立高雄科技大學,國立高雄科技大學會計資訊系,原校系/本校留任,1,"國立高雄科技大學會計資訊系(正取,分發)"
CAND_1058,114,nkust_acc,國立高雄科技大學,會計資訊系,國立高雄科技大學 會計資訊系,70090181,陳*瑜,正取,—,—,未分發或放棄,3,國立高雄科技大學會計資訊系(正取); 國立勤益科技大學行銷與流通管理系(通過); 國立臺中科技大學財政稅務系(正取)
CAND_1059,114,nkust_acc,國立高雄科技大學,會計資訊系,國立高雄科技大學 會計資訊系,61091017,陳*欣,正取,國立臺中科技大學,國立臺中科技大學國際貿易與經營系,其他學校錄取,4,"國立高雄科技大學會計資訊系(正取); 國立高雄科技大學財政稅務系(備取); 國立高雄科技大學商務資訊應用系(正取); 國立臺中科技大學國際貿易與經營系(正取,分發)"
CAND_1060,114,nkust_acc,國立高雄科技大學,會計資訊系,國立高雄科技大學 會計資訊系,67090290,黄*靜,正取,國立雲林科技大學,國立雲林科技大學會計系,其他學校錄取,6,"國立高雄科技大學會計資訊系(正取); 國立雲林科技大學會計系(正取,分發); 國立高雄科技大學金融資訊系(正取); 國立虎尾科技大學財務金融系(正取); 國立臺中科技大學會計資訊系(正取); 國立屏東大學會計學系(正取)"
CAND_1061,114,nkust_acc,國立高雄科技大學,會計資訊系,國立高雄科技大學 會計資訊系,68090293,徐*儀,正取,國立高雄科技大學,國立高雄科技大學會計資訊系,原校系/本校留任,3,"國立高雄科技大學會計資訊系(正取,分發); 國立高雄科技大學財政稅務系(備取); 國立虎尾科技大學財務金融系(通過)"
CAND_1062,114,nkust_acc,國立高雄科技大學,會計資訊系,國立高雄科技大學 會計資訊系,52090761,余*盲,正取,國立高雄科技大學,國立高雄科技大學會計資訊系,原校系/本校留任,3,"國立高雄科技大學會計資訊系(正取,分發); 國立臺中科技大學會計資訊系(正取); 國立屏東大學會計學系(正取)"
CAND_1063,114,nkust_acc,國立高雄科技大學,會計資訊系,國立高雄科技大學 會計資訊系,66090189,葵*瑜,正取,國立高雄科技大學,國立高雄科技大學金融系,原校系/本校留任,3,"國立高雄科技大學會計資訊系(正取); 國立雲林科技大學會計系(備取); 國立高雄科技大學金融系(備取,分發)"
CAND_1064,114,nkust_acc,國立高雄科技大學,會計資訊系,國立高雄科技大學 會計資訊系,67090307,林*,正取,—,—,未分發或放棄,1,國立高雄科技大學會計資訊系(正取)
CAND_1065,114,nkust_acc,國立高雄科技大學,會計資訊系,國立高雄科技大學 會計資訊系,70090702,黄*熙,正取,國立高雄科技大學,國立高雄科技大學會計資訊系,原校系/本校留任,2,"國立高雄科技大學會計資訊系(正取,分發); 國立高雄科技大學財政稅務系(通過)"
CAND_1066,114,nkust_acc,國立高雄科技大學,會計資訊系,國立高雄科技大學 會計資訊系,56090204,黄*敬,正取,中原大學,中原大學會計學系,其他學校錄取,4,"國立高雄科技大學會計資訊系(正取); 國立高雄科技大學財政稅務系(正取); 國立臺中科技大學財政稅務系(正取); 中原大學會計學系(正取,分發)"
CAND_1067,114,nkust_acc,國立高雄科技大學,會計資訊系,國立高雄科技大學 會計資訊系,68530016,*霆,正取,國立高雄科技大學,國立高雄科技大學資訊管理系,原校系/本校留任,4,"國立高雄科技大學會計資訊系(正取); 國立屏東科技大學資訊管理系(通過); 國立高雄科技大學資訊管理系(備取,分發); 國立高雄科技大學財政稅務系(備取)"
CAND_1068,114,nkust_acc,國立高雄科技大學,會計資訊系,國立高雄科技大學 會計資訊系,64090135,胡*,正取,國立高雄科技大學,國立高雄科技大學會計資訊系,原校系/本校留任,5,"國立高雄科技大學會計資訊系(正取,分發); 國立高雄科技大學行銷與流通管理系(正取); 國立高雄餐旅大學航空暨運輸服務管理系(通過); 國立臺中科技大學會計資訊系(備取); 逢甲大學會計學系(通過)"
CAND_1069,114,nkust_acc,國立高雄科技大學,會計資訊系,國立高雄科技大學 會計資訊系,66090145,葉*凱,正取,國立高雄科技大學,國立高雄科技大學會計資訊系,原校系/本校留任,1,"國立高雄科技大學會計資訊系(正取,分發)"
CAND_1070,114,nkust_acc,國立高雄科技大學,會計資訊系,國立高雄科技大學 會計資訊系,64090458,黄*倫,正取,國立高雄科技大學,國立高雄科技大學會計資訊系,原校系/本校留任,4,"國立高雄科技大學會計資訊系(正取,分發); 國立高雄科技大學風險管理與保險系(通過); 國立臺中科技大學會計資訊系(備取); 國立屏東大學會計學系(備取)"
CAND_1071,114,nkust_acc,國立高雄科技大學,會計資訊系,國立高雄科技大學 會計資訊系,52090785,陳*,正取,國立高雄科技大學,國立高雄科技大學會計資訊系,原校系/本校留任,2,"國立高雄科技大學會計資訊系(正取,分發); 國立臺中科技大學會計資訊系(正取)"
CAND_1072,114,nkust_acc,國立高雄科技大學,會計資訊系,國立高雄科技大學 會計資訊系,61091260,林*美,正取,國立高雄科技大學,國立高雄科技大學會計資訊系,原校系/本校留任,3,"國立高雄科技大學會計資訊系(正取,分發); 國立雲林科技大學工業工程與管理系(通過); 國立臺中科技大學會計資訊系(備取)"
CAND_1073,114,nkust_acc,國立高雄科技大學,會計資訊系,國立高雄科技大學 會計資訊系,65090025,黄*,正取,國立高雄科技大學,國立高雄科技大學金融系,原校系/本校留任,4,"國立高雄科技大學會計資訊系(正取); 國立高雄科技大學金融系(備取,分發); 國立臺中科技大學會計資訊系(備取); 逢甲大學會計學系(通過)"
CAND_1074,114,nkust_acc,國立高雄科技大學,會計資訊系,國立高雄科技大學 會計資訊系,71090221,楊*,正取,國立高雄科技大學,國立高雄科技大學會計資訊系,原校系/本校留任,3,"國立高雄科技大學會計資訊系(正取,分發); 國立虎尾科技大學財務金融系(通過); 國立屏東大學財務金融學系(通過)"
CAND_1075,114,nkust_acc,國立高雄科技大學,會計資訊系,國立高雄科技大學 會計資訊系,69090029,賴*希,正取,國立高雄科技大學,國立高雄科技大學會計資訊系,原校系/本校留任,1,"國立高雄科技大學會計資訊系(正取,分發)"
CAND_1076,114,nkust_acc,國立高雄科技大學,會計資訊系,國立高雄科技大學 會計資訊系,68090228,葉*彤,正取,國立高雄科技大學,國立高雄科技大學會計資訊系,原校系/本校留任,1,"國立高雄科技大學會計資訊系(正取,分發)"
CAND_1077,114,nkust_acc,國立高雄科技大學,會計資訊系,國立高雄科技大學 會計資訊系,68090133,陳*婕,正取,國立雲林科技大學,國立雲林科技大學會計系,其他學校錄取,3,"國立高雄科技大學會計資訊系(正取); 國立雲林科技大學會計系(備取,分發); 國立臺中科技大學財務金融系(正取)"
CAND_1078,114,nkust_acc,國立高雄科技大學,會計資訊系,國立高雄科技大學 會計資訊系,61090683,陳*淳,正取,國立高雄科技大學,國立高雄科技大學會計資訊系,原校系/本校留任,3,"國立高雄科技大學會計資訊系(正取,分發); 國立虎尾科技大學工業管理系(正取); 國立屏東大學會計學系(正取)"
CAND_1079,114,nkust_acc,國立高雄科技大學,會計資訊系,國立高雄科技大學 會計資訊系,68090289,金*珊,正取,國立高雄科技大學,國立高雄科技大學會計資訊系,原校系/本校留任,5,"國立高雄科技大學會計資訊系(正取,分發); 國立屏東科技大學工業管理系(正取); 國立屏東科技大學企業管理系(通過); 國立屏東科技大學休閒運動健康系(備取); 國立臺北護理健康大學健康事業管理系(通過)"
CAND_1080,114,nkust_acc,國立高雄科技大學,會計資訊系,國立高雄科技大學 會計資訊系,76090030,顏*廷,正取,國立高雄科技大學,國立高雄科技大學會計資訊系,原校系/本校留任,5,"國立高雄科技大學會計資訊系(正取,分發); 國立雲林科技大學財務金融系(備取); 國立高雄科技大學金融資訊系(備取); 國立臺中科技大學會計資訊系(正取); 國立臺北商業大學財務金融系(臺北校區)(備取)"
CAND_1081,114,nkust_acc,國立高雄科技大學,會計資訊系,國立高雄科技大學 會計資訊系,70090402,康*潔,備取,國立高雄科技大學,國立高雄科技大學會計資訊系,原校系/本校留任,4,"國立高雄科技大學會計資訊系(備取,分發); 國立高雄科技大學國際企業系(正取); 國立高雄科技大學財政稅務系(正取); 國立臺中科技大學財政稅務系(通過)"
CAND_1082,114,nkust_acc,國立高雄科技大學,會計資訊系,國立高雄科技大學 會計資訊系,64090228,陳*恩,備取,國立高雄科技大學,國立高雄科技大學會計資訊系,原校系/本校留任,2,"國立高雄科技大學會計資訊系(備取,分發); 國立高雄科技大學風險管理與保險系(正取)"
CAND_1083,114,nkust_acc,國立高雄科技大學,會計資訊系,國立高雄科技大學 會計資訊系,70090514,*霏,備取,國立高雄科技大學,國立高雄科技大學會計資訊系,原校系/本校留任,3,"國立高雄科技大學會計資訊系(備取,分發); 國立高雄餐旅大學餐旅暨會展行銷管理系(備取); 國立屏東大學會計學系(正取)"
CAND_1084,114,nkust_acc,國立高雄科技大學,會計資訊系,國立高雄科技大學 會計資訊系,61090669,張*庭,備取,國立臺中科技大學,國立臺中科技大學會計資訊系,其他學校錄取,4,"國立高雄科技大學會計資訊系(備取); 國立高雄科技大學金融資訊系(備取); 國立臺中科技大學會計資訊系(正取,分發); 國立聯合大學經營管理學系(通過)"
CAND_1085,114,nkust_acc,國立高雄科技大學,會計資訊系,國立高雄科技大學 會計資訊系,61090724,鄭*妮,備取,逢甲大學,逢甲大學會計學系,其他學校錄取,3,"國立高雄科技大學會計資訊系(備取); 國立臺中科技大學會計資訊系(備取); 逢甲大學會計學系(備取,分發)"
CAND_1086,114,nkust_acc,國立高雄科技大學,會計資訊系,國立高雄科技大學 會計資訊系,68530095,林*,備取,國立高雄科技大學,國立高雄科技大學會計資訊系,原校系/本校留任,3,"國立高雄科技大學會計資訊系(備取,分發); 國立高雄科技大學財政稅務系(正取); 國立臺中科技大學會計資訊系(正取)"
CAND_1087,114,nkust_acc,國立高雄科技大學,會計資訊系,國立高雄科技大學 會計資訊系,60090115,林*莉,備取,國立高雄科技大學,國立高雄科技大學會計資訊系,原校系/本校留任,3,"國立高雄科技大學會計資訊系(備取,分發); 朝陽科技大學財務金融系(通過); 致理科技大學財務金融系(通過)"
CAND_1088,114,nkust_acc,國立高雄科技大學,會計資訊系,國立高雄科技大學 會計資訊系,67090202,李*潔,備取,國立高雄科技大學,國立高雄科技大學會計資訊系,原校系/本校留任,5,"國立高雄科技大學會計資訊系(備取,分發); 國立虎尾科技大學工業管理系(通過); 國立臺中科技大學會計資訊系(備取); 國立屏東大學會計學系(正取); 中原大學會計學系(通過)"
CAND_1089,114,nkust_acc,國立高雄科技大學,會計資訊系,國立高雄科技大學 會計資訊系,64090365,陳*,備取,國立臺中科技大學,國立臺中科技大學會計資訊系,其他學校錄取,4,"國立高雄科技大學會計資訊系(備取); 國立虎尾科技大學工業管理系(正取); 國立勤益科技大學工業工程與管理系(通過); 國立臺中科技大學會計資訊系(備取,分發)"
CAND_1090,114,nkust_acc,國立高雄科技大學,會計資訊系,國立高雄科技大學 會計資訊系,56090264,閻*,備取,國立臺中科技大學,國立臺中科技大學會計資訊系,其他學校錄取,5,"國立高雄科技大學會計資訊系(備取); 國立高雄科技大學財政稅務系(備取); 國立虎尾科技大學財務金融系(備取); 國立勤益科技大學企業管理系(通過); 國立臺中科技大學會計資訊系(備取,分發)"
CAND_1091,114,nkust_acc,國立高雄科技大學,會計資訊系,國立高雄科技大學 會計資訊系,52090753,黄*,備取,國立高雄科技大學,國立高雄科技大學會計資訊系,原校系/本校留任,2,"國立高雄科技大學會計資訊系(備取,分發); 國立臺中科技大學會計資訊系(通過)"
CAND_1092,114,nkust_acc,國立高雄科技大學,會計資訊系,國立高雄科技大學 會計資訊系,62090013,郭*瑜,備取,國立高雄科技大學,國立高雄科技大學會計資訊系,原校系/本校留任,2,"國立高雄科技大學會計資訊系(備取,分發); 國立屏東大學國際經營與貿易學系(備取)"
CAND_1093,114,nkust_acc,國立高雄科技大學,會計資訊系,國立高雄科技大學 會計資訊系,61090583,吳*廷,備取,國立臺中科技大學,國立臺中科技大學會計資訊系,其他學校錄取,4,"國立高雄科技大學會計資訊系(備取); 國立高雄科技大學金融資訊系(備取); 國立勤益科技大學行銷與流通管理系(通過); 國立臺中科技大學會計資訊系(備取,分發)"
CAND_1094,114,nkust_acc,國立高雄科技大學,會計資訊系,國立高雄科技大學 會計資訊系,68090365,李*錚,備取,國立臺中科技大學,國立臺中科技大學會計資訊系,其他學校錄取,3,"國立高雄科技大學會計資訊系(備取); 國立臺中科技大學會計資訊系(正取,分發); 國立屏東大學會計學系(正取)"
CAND_1095,114,nkust_acc,國立高雄科技大學,會計資訊系,國立高雄科技大學 會計資訊系,61090793,林*婷,備取,國立高雄科技大學,國立高雄科技大學會計資訊系,原校系/本校留任,2,"國立高雄科技大學會計資訊系(備取,分發); 國立臺中科技大學財政稅務系(正取)"
CAND_1096,114,nkust_acc,國立高雄科技大學,會計資訊系,國立高雄科技大學 會計資訊系,61090508,張*潔,備取,國立高雄科技大學,國立高雄科技大學會計資訊系,原校系/本校留任,3,"國立高雄科技大學會計資訊系(備取,分發); 國立臺中科技大學會計資訊系(通過); 靜宜大學會計學系(通過)"
CAND_1097,114,nkust_acc,國立高雄科技大學,會計資訊系,國立高雄科技大學 會計資訊系,66090185,徐*,備取,國立高雄科技大學,國立高雄科技大學會計資訊系,原校系/本校留任,2,"國立高雄科技大學會計資訊系(備取,分發); 國立虎尾科技大學工業管理系(正取)"
CAND_1098,114,nkust_acc,國立高雄科技大學,會計資訊系,國立高雄科技大學 會計資訊系,71090386,陳*錡,備取,國立臺中科技大學,國立臺中科技大學會計資訊系,其他學校錄取,3,"國立高雄科技大學會計資訊系(備取); 國立臺中科技大學會計資訊系(正取,分發); 國立屏東大學會計學系(備取)"
CAND_1099,114,nkust_acc,國立高雄科技大學,會計資訊系,國立高雄科技大學 會計資訊系,56090244,簡*歆,備取,國立臺中科技大學,國立臺中科技大學會計資訊系,其他學校錄取,3,"國立高雄科技大學會計資訊系(備取); 國立高雄科技大學風險管理與保險系(備取); 國立臺中科技大學會計資訊系(備取,分發)"
CAND_1100,114,nkust_acc,國立高雄科技大學,會計資訊系,國立高雄科技大學 會計資訊系,70090565,黄*,備取,國立高雄科技大學,國立高雄科技大學會計資訊系,原校系/本校留任,2,"國立高雄科技大學會計資訊系(備取,分發); 國立高雄科技大學企業管理系(正取)"
CAND_1101,114,nkust_acc,國立高雄科技大學,會計資訊系,國立高雄科技大學 會計資訊系,61091117,—,備取,國立高雄科技大學,國立高雄科技大學會計資訊系,原校系/本校留任,1,"國立高雄科技大學會計資訊系(備取,分發)"
CAND_1102,114,nkust_acc,國立高雄科技大學,會計資訊系,國立高雄科技大學 會計資訊系,57090457,張*婕,備取,國立高雄科技大學,國立高雄科技大學會計資訊系,原校系/本校留任,2,"國立高雄科技大學會計資訊系(備取,分發); 國立臺中科技大學會計資訊系(備取)"
CAND_1103,114,nkust_acc,國立高雄科技大學,會計資訊系,國立高雄科技大學 會計資訊系,56090165,游*靖,備取,國立高雄科技大學,國立高雄科技大學會計資訊系,原校系/本校留任,2,"國立高雄科技大學會計資訊系(備取,分發); 國立高雄科技大學商務資訊應用系(資安人才)(通過)"
CAND_1104,114,nkust_acc,國立高雄科技大學,會計資訊系,國立高雄科技大學 會計資訊系,65090341,*璇,備取,國立雲林科技大學,國立雲林科技大學會計系,其他學校錄取,4,"國立高雄科技大學會計資訊系(備取); 國立雲林科技大學會計系(備取,分發); 國立高雄科技大學企業管理系(正取); 國立臺中科技大學會計資訊系(備取)"
CAND_1105,114,nkust_acc,國立高雄科技大學,會計資訊系,國立高雄科技大學 會計資訊系,71090205,黄*莉,備取,國立高雄科技大學,國立高雄科技大學會計資訊系,原校系/本校留任,3,"國立高雄科技大學會計資訊系(備取,分發); 國立臺中科技大學會計資訊系(備取); 國立屏東大學會計學系(備取)"
CAND_1106,114,nkust_acc,國立高雄科技大學,會計資訊系,國立高雄科技大學 會計資訊系,70090646,焦*憶,備取,國立臺中科技大學,國立臺中科技大學會計資訊系,其他學校錄取,5,"國立高雄科技大學會計資訊系(備取); 國立臺中科技大學會計資訊系(備取,分發); 國立臺北商業大學商業設計管理系(桃園校區)(通過); 國立屏東大學財務金融學系(通過); 國立屏東大學會計學系(通過)"
CAND_1107,114,nkust_acc,國立高雄科技大學,會計資訊系,國立高雄科技大學 會計資訊系,71090254,梁*富,備取,國立臺中科技大學,國立臺中科技大學會計資訊系,其他學校錄取,3,"國立高雄科技大學會計資訊系(備取); 國立高雄科技大學人力資源發展系(正取); 國立臺中科技大學會計資訊系(正取,分發)"
CAND_1108,114,nkust_acc,國立高雄科技大學,會計資訊系,國立高雄科技大學 會計資訊系,61090457,潘*,備取,國立雲林科技大學,國立雲林科技大學文化資產維護系,其他學校錄取,4,"國立高雄科技大學會計資訊系(備取); 國立雲林科技大學文化資產維護系(正取,分發); 國立高雄科技大學企業管理系(備取); 國立虎尾科技大學企業管理系(備取)"
CAND_1109,114,nkust_acc,國立高雄科技大學,會計資訊系,國立高雄科技大學 會計資訊系,68090034,葉*誼,備取,國立高雄科技大學,國立高雄科技大學會計資訊系,原校系/本校留任,1,"國立高雄科技大學會計資訊系(備取,分發)"
CAND_1110,114,nkust_acc,國立高雄科技大學,會計資訊系,國立高雄科技大學 會計資訊系,63090253,許*恩,備取,國立臺中科技大學,國立臺中科技大學會計資訊系,其他學校錄取,4,"國立高雄科技大學會計資訊系(備取); 國立高雄科技大學文化創意產業系(正取); 國立虎尾科技大學工業管理系(備取); 國立臺中科技大學會計資訊系(正取,分發)"
CAND_1111,114,nkust_acc,國立高雄科技大學,會計資訊系,國立高雄科技大學 會計資訊系,70090129,*伶,備取,國立屏東大學,國立屏東大學財務金融學系,其他學校錄取,4,"國立高雄科技大學會計資訊系(備取); 國立臺中科技大學會計資訊系(通過); 國立屏東大學財務金融學系(正取,分發); 國立屏東大學會計學系(正取)"
CAND_1112,114,nkust_acc,國立高雄科技大學,會計資訊系,國立高雄科技大學 會計資訊系,64090526,蘇*,備取,國立臺北商業大學,國立臺北商業大學商業設計管理系(桃園校區),其他學校錄取,2,"國立高雄科技大學會計資訊系(備取); 國立臺北商業大學商業設計管理系(桃園校區)(正取,分發)"
CAND_1113,114,nkust_acc,國立高雄科技大學,會計資訊系,國立高雄科技大學 會計資訊系,70090338,周*祐,備取,國立高雄科技大學,國立高雄科技大學財政稅務系,原校系/本校留任,4,"國立高雄科技大學會計資訊系(備取); 國立高雄科技大學財政稅務系(備取,分發); 國立屏東大學會計學系(通過); 國立屏東大學不動產經營學系(通過)"
CAND_1114,114,nkust_acc,國立高雄科技大學,會計資訊系,國立高雄科技大學 會計資訊系,70090834,李*,備取,國立高雄科技大學,國立高雄科技大學會計資訊系,原校系/本校留任,4,"國立高雄科技大學會計資訊系(備取,分發); 國立屏東科技大學企業管理系(通過); 國立屏東大學國際經營與貿易學系(正取); 國立屏東大學會計學系(正取)"
CAND_1115,114,nkust_acc,國立高雄科技大學,會計資訊系,國立高雄科技大學 會計資訊系,70540001,黄*,備取,國立高雄科技大學,國立高雄科技大學企業管理系,原校系/本校留任,3,"國立高雄科技大學會計資訊系(備取); 國立高雄科技大學企業管理系(備取,分發); 國立高雄科技大學人力資源發展系(備取)"
CAND_1116,114,nkust_acc,國立高雄科技大學,會計資訊系,國立高雄科技大學 會計資訊系,76090031,陳*瑄,備取,國立屏東科技大學,國立屏東科技大學資訊管理系,其他學校錄取,6,"國立高雄科技大學會計資訊系(備取); 國立屏東科技大學資訊管理系(正取,分發); 國立屏東科技大學企業管理系(備取); 國立屏東科技大學社會工作系(正取); 國立高雄科技大學企業管理系(備取); 國立高雄科技大學金融資訊系(備取)"
CAND_1117,114,nkust_acc,國立高雄科技大學,會計資訊系,國立高雄科技大學 會計資訊系,52090569,顧*方,備取,國立臺中科技大學,國立臺中科技大學會計資訊系,其他學校錄取,2,"國立高雄科技大學會計資訊系(通過); 國立臺中科技大學會計資訊系(正取,分發)"
CAND_1118,114,nkust_acc,國立高雄科技大學,會計資訊系,國立高雄科技大學 會計資訊系,52090817,郭*婷,備取,國立高雄科技大學,國立高雄科技大學金融系,原校系/本校留任,2,"國立高雄科技大學會計資訊系(通過); 國立高雄科技大學金融系(正取,分發)"
CAND_1119,114,nkust_acc,國立高雄科技大學,會計資訊系,國立高雄科技大學 會計資訊系,55090006,林*有,備取,國立臺北護理健康大學,國立臺北護理健康大學資訊管理系,其他學校錄取,3,"國立高雄科技大學會計資訊系(通過); 國立勤益科技大學資訊管理系(通過); 國立臺北護理健康大學資訊管理系(備取,分發)"
CAND_1120,114,nkust_acc,國立高雄科技大學,會計資訊系,國立高雄科技大學 會計資訊系,55090096,葉*豪,備取,—,—,未分發或放棄,2,國立高雄科技大學會計資訊系(通過); 國立勤益科技大學工業工程與管理系(正取)
CAND_1121,114,nkust_acc,國立高雄科技大學,會計資訊系,國立高雄科技大學 會計資訊系,55090398,吳*,備取,國立臺中科技大學,國立臺中科技大學財務金融系,其他學校錄取,5,"國立高雄科技大學會計資訊系(通過); 國立高雄科技大學金融資訊系(通過); 國立臺中科技大學財務金融系(正取,分發); 銘傳大學會計學系(台北校區)(通過); 實踐大學財務金融學系(臺北校區)(通過)"
CAND_1122,114,nkust_acc,國立高雄科技大學,會計資訊系,國立高雄科技大學 會計資訊系,56090193,*毫,備取,國立臺中科技大學,國立臺中科技大學財務金融系,其他學校錄取,4,"國立高雄科技大學會計資訊系(通過); 國立高雄科技大學應用日語系(通過); 國立臺中科技大學財務金融系(正取,分發); 國立臺北商業大學國際商務系(臺北校區)(備取)"
CAND_1123,114,nkust_acc,國立高雄科技大學,會計資訊系,國立高雄科技大學 會計資訊系,56090364,F*儀,備取,—,—,未分發或放棄,5,國立高雄科技大學會計資訊系(通過); 國立高雄科技大學財政稅務系(通過); 國立高雄科技大學航運管理系(通過); 國立勤益科技大學企業管理系(通過); 國立臺中科技大學會計資訊系(正取)
CAND_1124,114,nkust_acc,國立高雄科技大學,會計資訊系,國立高雄科技大學 會計資訊系,57090185,張*琪,備取,國立臺中科技大學,國立臺中科技大學會計資訊系,其他學校錄取,3,"國立高雄科技大學會計資訊系(通過); 國立臺中科技大學會計資訊系(正取,分發); 中原大學會計學系(正取)"
CAND_1125,114,nkust_acc,國立高雄科技大學,會計資訊系,國立高雄科技大學 會計資訊系,57090290,徐*有,備取,中原大學,中原大學會計學系,其他學校錄取,5,"國立高雄科技大學會計資訊系(通過); 國立臺中科技大學會計資訊系(通過); 中原大學國際經營與貿易學系(正取); 中原大學會計學系(正取,分發); 中原大學資訊管理學系(正取)"
CAND_1126,114,nkust_acc,國立高雄科技大學,會計資訊系,國立高雄科技大學 會計資訊系,57090398,林*,備取,—,—,未分發或放棄,4,國立高雄科技大學會計資訊系(通過); 國立屏東科技大學資訊管理系(通過); 國立勤益科技大學行銷與流通管理系(通過); 國立臺中科技大學保險金融管理系(備取)
CAND_1127,114,nkust_acc,國立高雄科技大學,會計資訊系,國立高雄科技大學 會計資訊系,57090693,陳*琪,備取,中原大學,中原大學會計學系,其他學校錄取,3,"國立高雄科技大學會計資訊系(通過); 國立臺中科技大學會計資訊系(備取); 中原大學會計學系(正取,分發)"
CAND_1128,114,nkust_acc,國立高雄科技大學,會計資訊系,國立高雄科技大學 會計資訊系,57090957,陳*昀,備取,逢甲大學,逢甲大學國際經營與貿易學系,其他學校錄取,5,"國立高雄科技大學會計資訊系(通過); 國立高雄科技大學財政稅務系(通過); 國立勤益科技大學行銷與流通管理系(正取); 國立臺中科技大學國際貿易與經營系(正取); 逢甲大學國際經營與貿易學系(正取,分發)"
CAND_1129,114,nkust_acc,國立高雄科技大學,會計資訊系,國立高雄科技大學 會計資訊系,57090966,游*恩,備取,逢甲大學,逢甲大學會計學系,其他學校錄取,3,"國立高雄科技大學會計資訊系(通過); 國立臺中科技大學會計資訊系(通過); 逢甲大學會計學系(備取,分發)"
CAND_1130,114,nkust_acc,國立高雄科技大學,會計資訊系,國立高雄科技大學 會計資訊系,57090979,謝*鈞,備取,—,—,未分發或放棄,2,國立高雄科技大學會計資訊系(通過); 國立屏東大學會計學系(通過)
CAND_1131,114,nkust_acc,國立高雄科技大學,會計資訊系,國立高雄科技大學 會計資訊系,58090409,張*碩,備取,—,—,未分發或放棄,2,國立高雄科技大學會計資訊系(通過); 國立勤益科技大學資訊管理系(通過)
CAND_1132,114,nkust_acc,國立高雄科技大學,會計資訊系,國立高雄科技大學 會計資訊系,58090533,黄*瑜,備取,國立虎尾科技大學,國立虎尾科技大學財務金融系,其他學校錄取,5,"國立高雄科技大學會計資訊系(通過); 國立高雄科技大學風險管理與保險系(通過); 國立虎尾科技大學財務金融系(正取,分發); 國立臺中科技大學會計資訊系(備取); 南臺科技大學財務金融系(通過)"
CAND_1133,114,nkust_acc,國立高雄科技大學,會計資訊系,國立高雄科技大學 會計資訊系,58090565,陳*衡,備取,—,—,未分發或放棄,2,國立高雄科技大學會計資訊系(通過); 國立雲林科技大學會計系(通過)
CAND_1134,114,nkust_acc,國立高雄科技大學,會計資訊系,國立高雄科技大學 會計資訊系,58540033,林*,備取,—,—,未分發或放棄,5,國立高雄科技大學會計資訊系(通過); 國立雲林科技大學應用外語系(通過); 國立雲林科技大學應用外語系(通過); 國立高雄科技大學財政稅務系(通過); 國立臺中科技大學財政稅務系(通過)
CAND_1135,114,nkust_acc,國立高雄科技大學,會計資訊系,國立高雄科技大學 會計資訊系,59090052,余*彤,備取,國立雲林科技大學,國立雲林科技大學會計系,其他學校錄取,4,"國立高雄科技大學會計資訊系(通過); 國立雲林科技大學會計系(備取,分發); 國立高雄科技大學財政稅務系(通過); 國立臺中科技大學財政稅務系(通過)"
CAND_1136,114,nkust_acc,國立高雄科技大學,會計資訊系,國立高雄科技大學 會計資訊系,59090397,李*葰,備取,—,—,未分發或放棄,3,國立高雄科技大學會計資訊系(通過); 國立高雄科技大學商務資訊應用系(通過); 國立臺中科技大學國際貿易與經營系(通過)
CAND_1137,114,nkust_acc,國立高雄科技大學,會計資訊系,國立高雄科技大學 會計資訊系,60090183,楊*昇,備取,國立高雄科技大學,國立高雄科技大學財務管理系,原校系/本校留任,4,"國立高雄科技大學會計資訊系(通過); 國立高雄科技大學財務管理系(備取,分發); 國立虎尾科技大學工業管理系(通過); 國立臺中科技大學保險金融管理系(正取)"
CAND_1138,114,nkust_acc,國立高雄科技大學,會計資訊系,國立高雄科技大學 會計資訊系,61090495,陳*女,備取,逢甲大學,逢甲大學會計學系,其他學校錄取,4,"國立高雄科技大學會計資訊系(通過); 國立高雄科技大學財政稅務系(通過); 國立臺中科技大學會計資訊系(正取); 逢甲大學會計學系(正取,分發)"
CAND_1139,114,nkust_acc,國立高雄科技大學,會計資訊系,國立高雄科技大學 會計資訊系,61090659,黄*筳,備取,國立臺中科技大學,國立臺中科技大學會計資訊系,其他學校錄取,3,"國立高雄科技大學會計資訊系(通過); 國立臺中科技大學會計資訊系(正取,分發); 國立臺北商業大學企業管理系(臺北校區)(通過)"
CAND_1140,114,nkust_acc,國立高雄科技大學,會計資訊系,國立高雄科技大學 會計資訊系,61090743,*陵,備取,—,—,未分發或放棄,1,國立高雄科技大學會計資訊系(通過)
CAND_1141,114,nkust_acc,國立高雄科技大學,會計資訊系,國立高雄科技大學 會計資訊系,61090819,張*亦,備取,—,—,未分發或放棄,4,國立高雄科技大學會計資訊系(通過); 國立高雄科技大學行銷與流通管理系(通過); 國立虎尾科技大學財務金融系(通過); 國立臺中科技大學會計資訊系(通過)
CAND_1142,114,nkust_acc,國立高雄科技大學,會計資訊系,國立高雄科技大學 會計資訊系,61090877,賴*錤,備取,國立高雄科技大學,國立高雄科技大學財務管理系,原校系/本校留任,4,"國立高雄科技大學會計資訊系(通過); 國立高雄科技大學風險管理與保險系(通過); 國立高雄科技大學財務管理系(備取,分發); 國立臺中科技大學財務金融系(通過)"
CAND_1143,114,nkust_acc,國立高雄科技大學,會計資訊系,國立高雄科技大學 會計資訊系,61090899,游*婷,備取,逢甲大學,逢甲大學會計學系,其他學校錄取,4,"國立高雄科技大學會計資訊系(通過); 國立虎尾科技大學財務金融系(通過); 國立臺中科技大學會計資訊系(備取); 逢甲大學會計學系(正取,分發)"
CAND_1144,114,nkust_acc,國立高雄科技大學,會計資訊系,國立高雄科技大學 會計資訊系,61090945,邱*琪,備取,國立彰化師範大學,國立彰化師範大學財務金融技術學系,其他學校錄取,5,"國立高雄科技大學會計資訊系(通過); 國立雲林科技大學會計系(通過); 國立臺中科技大學財務金融系(正取); 國立臺北商業大學會計資訊系(臺北校區)(備取); 國立彰化師範大學財務金融技術學系(正取,分發)"
CAND_1145,114,nkust_acc,國立高雄科技大學,會計資訊系,國立高雄科技大學 會計資訊系,61090951,李*,備取,國立臺北商業大學,國立臺北商業大學國際商務系(臺北校區),其他學校錄取,5,"國立高雄科技大學會計資訊系(通過); 國立雲林科技大學國際管理學士學位學程(正取); 國立高雄科技大學國際企業系(通過); 國立高雄科技大學財政稅務系(通過); 國立臺北商業大學國際商務系(臺北校區)(正取,分發)"
CAND_1146,114,nkust_acc,國立高雄科技大學,會計資訊系,國立高雄科技大學 會計資訊系,61090961,范*洋,備取,國立臺中科技大學,國立臺中科技大學財政稅務系,其他學校錄取,3,"國立高雄科技大學會計資訊系(通過); 國立高雄科技大學行銷與流通管理系(通過); 國立臺中科技大學財政稅務系(備取,分發)"
CAND_1147,114,nkust_acc,國立高雄科技大學,會計資訊系,國立高雄科技大學 會計資訊系,61091033,何*住,備取,—,—,未分發或放棄,5,國立高雄科技大學會計資訊系(通過); 國立雲林科技大學財務金融系(通過); 國立雲林科技大學會計系(正取); 國立高雄科技大學財政稅務系(通過); 國立臺北商業大學財政稅務系(臺北校區)(備取)
CAND_1148,114,nkust_acc,國立高雄科技大學,會計資訊系,國立高雄科技大學 會計資訊系,61091037,吳*靜,備取,國立臺中科技大學,國立臺中科技大學會計資訊系,其他學校錄取,3,"國立高雄科技大學會計資訊系(通過); 國立臺中科技大學會計資訊系(正取,分發); 國立臺中教育大學國際企業學系(通過)"
CAND_1149,114,nkust_acc,國立高雄科技大學,會計資訊系,國立高雄科技大學 會計資訊系,61091123,林*棻,備取,逢甲大學,逢甲大學會計學系,其他學校錄取,3,"國立高雄科技大學會計資訊系(通過); 國立臺中科技大學會計資訊系(正取); 逢甲大學會計學系(正取,分發)"
CAND_1150,114,nkust_acc,國立高雄科技大學,會計資訊系,國立高雄科技大學 會計資訊系,61091295,黄*婷,備取,—,—,未分發或放棄,2,國立高雄科技大學會計資訊系(通過); 逢甲大學會計學系(通過)
CAND_1151,114,nkust_acc,國立高雄科技大學,會計資訊系,國立高雄科技大學 會計資訊系,61091349,*潔,備取,—,—,未分發或放棄,1,國立高雄科技大學會計資訊系(通過)
CAND_1152,114,nkust_acc,國立高雄科技大學,會計資訊系,國立高雄科技大學 會計資訊系,61091457,吳*淳,備取,—,—,未分發或放棄,4,國立高雄科技大學會計資訊系(通過); 國立虎尾科技大學工業管理系(通過); 國立臺中科技大學老人服務事業管理系(通過); 國立屏東大學應用日語學系(通過)
CAND_1153,114,nkust_acc,國立高雄科技大學,會計資訊系,國立高雄科技大學 會計資訊系,63090481,楊*遠,備取,國立臺中科技大學,國立臺中科技大學會計資訊系,其他學校錄取,2,"國立高雄科技大學會計資訊系(通過); 國立臺中科技大學會計資訊系(正取,分發)"
CAND_1154,114,nkust_acc,國立高雄科技大學,會計資訊系,國立高雄科技大學 會計資訊系,64090007,黄*婕,備取,國立高雄科技大學,國立高雄科技大學金融系,原校系/本校留任,2,"國立高雄科技大學會計資訊系(通過); 國立高雄科技大學金融系(正取,分發)"
CAND_1155,114,nkust_acc,國立高雄科技大學,會計資訊系,國立高雄科技大學 會計資訊系,64090012,林*如,備取,—,—,未分發或放棄,3,國立高雄科技大學會計資訊系(通過); 國立雲林科技大學會計系(備取); 國立臺中科技大學會計資訊系(通過)
CAND_1156,114,nkust_acc,國立高雄科技大學,會計資訊系,國立高雄科技大學 會計資訊系,64090056,陳*璇,備取,國立雲林科技大學,國立雲林科技大學會計系,其他學校錄取,4,"國立高雄科技大學會計資訊系(通過); 國立雲林科技大學會計系(正取,分發); 國立臺中科技大學會計資訊系(通過); 逢甲大學會計學系(通過)"
CAND_1157,114,nkust_acc,國立高雄科技大學,會計資訊系,國立高雄科技大學 會計資訊系,64090063,柯*愷,備取,—,—,未分發或放棄,5,國立高雄科技大學會計資訊系(通過); 國立高雄科技大學金融系(通過); 國立高雄科技大學財政稅務系(通過); 國立臺中科技大學會計資訊系(通過); 逢甲大學會計學系(通過)
CAND_1158,114,nkust_acc,國立高雄科技大學,會計資訊系,國立高雄科技大學 會計資訊系,64090087,*琳,備取,國立雲林科技大學,國立雲林科技大學工業工程與管理系,其他學校錄取,6,"國立高雄科技大學會計資訊系(通過); 國立雲林科技大學工業工程與管理系(正取,分發); 國立高雄科技大學風險管理與保險系(通過); 國立高雄科技大學金融資訊系(通過); 國立臺中科技大學保險金融管理系(正取); 逢甲大學土地管理學系(通過)"
CAND_1159,114,nkust_acc,國立高雄科技大學,會計資訊系,國立高雄科技大學 會計資訊系,64090120,温*雅,備取,國立臺中科技大學,國立臺中科技大學財務金融系,其他學校錄取,4,"國立高雄科技大學會計資訊系(通過); 國立高雄科技大學資訊管理系(通過); 國立臺北護理健康大學資訊管理系(通過); 國立臺中科技大學財務金融系(備取,分發)"
CAND_1160,114,nkust_acc,國立高雄科技大學,會計資訊系,國立高雄科技大學 會計資訊系,64090187,陳*均,備取,國立雲林科技大學,國立雲林科技大學會計系,其他學校錄取,6,"國立高雄科技大學會計資訊系(通過); 國立雲林科技大學財務金融系(備取); 國立雲林科技大學會計系(備取,分發); 國立高雄科技大學金融系(通過); 國立高雄科技大學金融資訊系(通過); 國立臺中科技大學財務金融系(通過)"
CAND_1161,114,nkust_acc,國立高雄科技大學,會計資訊系,國立高雄科技大學 會計資訊系,64090271,游*恩,備取,—,—,未分發或放棄,3,國立高雄科技大學會計資訊系(通過); 朝陽科技大學會計系(正取); 逢甲大學會計學系(通過)
CAND_1162,114,nkust_acc,國立高雄科技大學,會計資訊系,國立高雄科技大學 會計資訊系,64090414,黄*有,備取,國立臺中科技大學,國立臺中科技大學流通管理系,其他學校錄取,6,"國立高雄科技大學會計資訊系(通過); 國立屏東科技大學工業管理系(通過); 國立高雄科技大學風險管理與保險系(通過); 國立高雄科技大學智慧商務系(通過); 國立虎尾科技大學工業管理系(通過); 國立臺中科技大學流通管理系(正取,分發)"
CAND_1163,114,nkust_acc,國立高雄科技大學,會計資訊系,國立高雄科技大學 會計資訊系,64090459,謝*均,備取,國立雲林科技大學,國立雲林科技大學工業工程與管理系,其他學校錄取,6,"國立高雄科技大學會計資訊系(通過); 國立雲林科技大學工業工程與管理系(備取,分發); 國立雲林科技大學企業管理系(正取); 國立高雄科技大學工業工程與管理系(正取); 國立高雄科技大學金融系(備取); 中原大學會計學系(通過)"
CAND_1164,114,nkust_acc,國立高雄科技大學,會計資訊系,國立高雄科技大學 會計資訊系,64090466,林*日,備取,國立臺中科技大學,國立臺中科技大學會計資訊系,其他學校錄取,5,"國立高雄科技大學會計資訊系(通過); 國立高雄科技大學觀光管理系(通過); 國立臺中科技大學會計資訊系(備取,分發); 國立聯合大學經營管理學系(通過); 逢甲大學會計學系(通過)"
CAND_1165,114,nkust_acc,國立高雄科技大學,會計資訊系,國立高雄科技大學 會計資訊系,65090117,吳*妤,備取,國立臺中科技大學,國立臺中科技大學保險金融管理系,其他學校錄取,3,"國立高雄科技大學會計資訊系(通過); 國立臺北護理健康大學健康事業管理系(通過); 國立臺中科技大學保險金融管理系(正取,分發)"
CAND_1166,114,nkust_acc,國立高雄科技大學,會計資訊系,國立高雄科技大學 會計資訊系,65090140,*螢,備取,國立臺中科技大學,國立臺中科技大學保險金融管理系,其他學校錄取,5,"國立高雄科技大學會計資訊系(通過); 國立高雄科技大學行銷與流通管理系(通過); 國立高雄科技大學財政稅務系(備取); 國立臺中科技大學保險金融管理系(備取,分發); 逢甲大學財稅學系(通過)"
CAND_1167,114,nkust_acc,國立高雄科技大學,會計資訊系,國立高雄科技大學 會計資訊系,65090161,陳*,備取,靜宜大學,靜宜大學法律學系,其他學校錄取,3,"國立高雄科技大學會計資訊系(通過); 靜宜大學法律學系(正取,分發); 靜宜大學會計學系(通過)"
CAND_1168,114,nkust_acc,國立高雄科技大學,會計資訊系,國立高雄科技大學 會計資訊系,65090201,饒*桓,備取,—,—,未分發或放棄,1,國立高雄科技大學會計資訊系(通過)
CAND_1169,114,nkust_acc,國立高雄科技大學,會計資訊系,國立高雄科技大學 會計資訊系,65090253,陳*恩,備取,國立屏東科技大學,國立屏東科技大學植物醫學系,其他學校錄取,4,"國立高雄科技大學會計資訊系(通過); 國立屏東科技大學植物醫學系(正取,分發); 國立高雄科技大學文化創意產業系(通過); 國立臺中科技大學應用英語系(通過)"
CAND_1170,114,nkust_acc,國立高雄科技大學,會計資訊系,國立高雄科技大學 會計資訊系,67090016,蕭*,備取,—,—,未分發或放棄,2,國立高雄科技大學會計資訊系(通過); 國立高雄科技大學金融資訊系(通過)
CAND_1171,114,nkust_acc,國立高雄科技大學,會計資訊系,國立高雄科技大學 會計資訊系,67090246,維*育,備取,國立臺北商業大學,國立臺北商業大學財政稅務系(臺北校區),其他學校錄取,6,"國立高雄科技大學會計資訊系(通過); 國立雲林科技大學財務金融系(通過); 國立雲林科技大學會計系(正取); 國立高雄科技大學財政稅務系(通過); 國立臺中科技大學財政稅務系(正取); 國立臺北商業大學財政稅務系(臺北校區)(正取,分發)"
CAND_1172,114,nkust_acc,國立高雄科技大學,會計資訊系,國立高雄科技大學 會計資訊系,67090278,張*瑜,備取,國立雲林科技大學,國立雲林科技大學會計系,其他學校錄取,6,"國立高雄科技大學會計資訊系(通過); 國立雲林科技大學財務金融系(正取); 國立雲林科技大學會計系(正取,分發); 國立高雄科技大學財務管理系(通過); 國立臺中科技大學財務金融系(通過); 國立臺北商業大學會計資訊系(臺北校區)(正取)"
CAND_1173,114,nkust_acc,國立高雄科技大學,會計資訊系,國立高雄科技大學 會計資訊系,67090318,陳*璇,備取,—,—,未分發或放棄,3,國立高雄科技大學會計資訊系(通過); 國立雲林科技大學會計系(通過); 國立臺中科技大學財政稅務系(通過)
CAND_1174,114,nkust_acc,國立高雄科技大學,會計資訊系,國立高雄科技大學 會計資訊系,68090314,梁*庭,備取,—,—,未分發或放棄,2,國立高雄科技大學會計資訊系(通過); 國立虎尾科技大學工業管理系(通過)
CAND_1175,114,nkust_acc,國立高雄科技大學,會計資訊系,國立高雄科技大學 會計資訊系,68090334,郭*均,備取,國立高雄科技大學,國立高雄科技大學財政稅務系,原校系/本校留任,5,"國立高雄科技大學會計資訊系(通過); 國立高雄科技大學財政稅務系(備取,分發); 國立虎尾科技大學工業管理系(通過); 國立臺中科技大學保險金融管理系(通過); 國立臺北商業大學商業設計管理系(桃園校區)(通過)"
CAND_1176,114,nkust_acc,國立高雄科技大學,會計資訊系,國立高雄科技大學 會計資訊系,68090373,魏*,備取,—,—,未分發或放棄,5,國立高雄科技大學會計資訊系(通過); 國立高雄科技大學風險管理與保險系(通過); 國立虎尾科技大學工業管理系(通過); 國立虎尾科技大學企業管理系(通過); 國立臺中科技大學流通管理系(通過)
CAND_1177,114,nkust_acc,國立高雄科技大學,會計資訊系,國立高雄科技大學 會計資訊系,68090378,何*乘,備取,—,—,未分發或放棄,3,國立高雄科技大學會計資訊系(通過); 國立高雄科技大學金融系(通過); 國立臺中科技大學財務金融系(通過)
CAND_1178,114,nkust_acc,國立高雄科技大學,會計資訊系,國立高雄科技大學 會計資訊系,68090469,歐*妤,備取,—,—,未分發或放棄,3,國立高雄科技大學會計資訊系(通過); 國立虎尾科技大學工業管理系(通過); 國立臺中科技大學會計資訊系(通過)
CAND_1179,114,nkust_acc,國立高雄科技大學,會計資訊系,國立高雄科技大學 會計資訊系,68090486,陳*恩,備取,國立雲林科技大學,國立雲林科技大學會計系,其他學校錄取,5,"國立高雄科技大學會計資訊系(通過); 國立雲林科技大學工業工程與管理系(正取); 國立雲林科技大學會計系(正取,分發); 國立臺北科技大學經營管理系(通過); 國立高雄科技大學金融系(通過)"
CAND_1180,114,nkust_acc,國立高雄科技大學,會計資訊系,國立高雄科技大學 會計資訊系,68090557,顏*璇,備取,逢甲大學,逢甲大學工業工程與系統管理學系,其他學校錄取,3,"國立高雄科技大學會計資訊系(通過); 國立高雄科技大學財政稅務系(通過); 逢甲大學工業工程與系統管理學系(正取,分發)"
CAND_1181,114,nkust_acc,國立高雄科技大學,會計資訊系,國立高雄科技大學 會計資訊系,68560002,張*瑜,備取,—,—,未分發或放棄,3,國立高雄科技大學會計資訊系(通過); 國立高雄科技大學行銷與流通管理系(備取); 國立臺中科技大學會計資訊系(備取)
CAND_1182,114,nkust_acc,國立高雄科技大學,會計資訊系,國立高雄科技大學 會計資訊系,70090122,黄*唧,備取,—,—,未分發或放棄,4,國立高雄科技大學會計資訊系(通過); 國立臺中科技大學會計資訊系(通過); 國立屏東大學會計學系(通過); 國立屏東大學資訊管理學系(通過)
CAND_1183,114,nkust_acc,國立高雄科技大學,會計資訊系,國立高雄科技大學 會計資訊系,70090190,*婷,備取,—,—,未分發或放棄,1,國立高雄科技大學會計資訊系(通過)
CAND_1184,114,nkust_acc,國立高雄科技大學,會計資訊系,國立高雄科技大學 會計資訊系,70090378,吳*,備取,—,—,未分發或放棄,6,國立高雄科技大學會計資訊系(通過); 國立高雄科技大學金融系(通過); 國立虎尾科技大學財務金融系(通過); 國立臺中科技大學會計資訊系(通過); 國立屏東大學財務金融學系(通過); 國立屏東大學會計學系(通過)
CAND_1185,114,nkust_acc,國立高雄科技大學,會計資訊系,國立高雄科技大學 會計資訊系,70090561,吳*瑜,備取,—,—,未分發或放棄,2,國立高雄科技大學會計資訊系(通過); 國立高雄科技大學智慧商務系(通過)
CAND_1186,114,nkust_acc,國立高雄科技大學,會計資訊系,國立高雄科技大學 會計資訊系,70090637,陳*哲,備取,國立高雄科技大學,國立高雄科技大學金融系,原校系/本校留任,6,"國立高雄科技大學會計資訊系(通過); 國立高雄科技大學金融系(備取,分發); 國立高雄科技大學財政稅務系(正取); 國立虎尾科技大學財務金融系(通過); 國立臺中科技大學會計資訊系(通過); 國立臺北商業大學財政稅務系(臺北校區)(備取)"
CAND_1187,114,nkust_acc,國立高雄科技大學,會計資訊系,國立高雄科技大學 會計資訊系,70090670,李*住,備取,國立高雄科技大學,國立高雄科技大學財政稅務系,原校系/本校留任,2,"國立高雄科技大學會計資訊系(通過); 國立高雄科技大學財政稅務系(正取,分發)"
CAND_1188,114,nkust_acc,國立高雄科技大學,會計資訊系,國立高雄科技大學 會計資訊系,74090105,*玟,備取,國立臺北護理健康大學,國立臺北護理健康大學健康事業管理系,其他學校錄取,3,"國立高雄科技大學會計資訊系(通過); 國立臺北護理健康大學健康事業管理系(正取,分發); 國立臺中科技大學保險金融管理系(通過)"
CAND_1189,114,nkust_acc,國立高雄科技大學,會計資訊系,國立高雄科技大學 會計資訊系,75090063,郭*婷,備取,—,—,未分發或放棄,3,國立高雄科技大學會計資訊系(通過); 南臺科技大學財務金融系(正取); 國立屏東大學會計學系(備取)
CAND_1190,113,nkust_acc,國立高雄科技大學,會計資訊系,國立高雄科技大學 會計資訊系,68090342,黄*永,正取,—,—,未分發或放棄,3,國立高雄科技大學會計資訊系(正取); 國立高雄科技大學企業管理系(通過); 國立高雄科技大學智慧商務系(通過)
CAND_1191,113,nkust_acc,國立高雄科技大學,會計資訊系,國立高雄科技大學 會計資訊系,66090050,*晨,正取,國立臺中科技大學,國立臺中科技大學會計資訊系,其他學校錄取,4,"國立高雄科技大學會計資訊系(正取); 國立臺中科技大學會計資訊系(正取,分發); 國立臺北商業大學會計資訊系(臺北校區)(備取); 國立彰化師範大學財務金融技術學系(正取)"
CAND_1192,113,nkust_acc,國立高雄科技大學,會計資訊系,國立高雄科技大學 會計資訊系,70090349,趙*緰,正取,國立雲林科技大學,國立雲林科技大學會計系,其他學校錄取,2,"國立高雄科技大學會計資訊系(正取); 國立雲林科技大學會計系(正取,分發)"
CAND_1193,113,nkust_acc,國立高雄科技大學,會計資訊系,國立高雄科技大學 會計資訊系,61091471,楊*潔,正取,國立臺北商業大學,國立臺北商業大學會計資訊系(臺北校區),其他學校錄取,5,"國立高雄科技大學會計資訊系(正取); 國立雲林科技大學會計系(備取); 國立臺中科技大學會計資訊系(正取); 國立臺北商業大學會計資訊系(臺北校區)(備取,分發); 國立臺北商業大學財政稅務系(臺北校區)(正取)"
CAND_1194,113,nkust_acc,國立高雄科技大學,會計資訊系,國立高雄科技大學 會計資訊系,68090309,林*,正取,國立高雄科技大學,國立高雄科技大學會計資訊系,原校系/本校留任,3,"國立高雄科技大學會計資訊系(正取,分發); 國立雲林科技大學財務金融系(通過); 國立高雄科技大學金融資訊系(通過)"
CAND_1195,113,nkust_acc,國立高雄科技大學,會計資訊系,國立高雄科技大學 會計資訊系,71090245,*伶,正取,國立高雄科技大學,國立高雄科技大學財政稅務系,原校系/本校留任,3,"國立高雄科技大學會計資訊系(正取); 國立高雄科技大學財政稅務系(正取,分發); 國立臺中科技大學會計資訊系(通過)"
CAND_1196,113,nkust_acc,國立高雄科技大學,會計資訊系,國立高雄科技大學 會計資訊系,61090079,張*,正取,國立高雄科技大學,國立高雄科技大學會計資訊系,原校系/本校留任,4,"國立高雄科技大學會計資訊系(正取,分發); 國立虎尾科技大學資訊管理系(通過); 國立臺中科技大學會計資訊系(正取); 亞洲大學會計與資訊學系(正取)"
CAND_1197,113,nkust_acc,國立高雄科技大學,會計資訊系,國立高雄科技大學 會計資訊系,70091069,周*均,正取,國立高雄科技大學,國立高雄科技大學金融資訊系,原校系/本校留任,4,"國立高雄科技大學會計資訊系(正取); 國立高雄科技大學金融資訊系(正取,分發); 國立臺中科技大學會計資訊系(備取); 國立屏東大學財務金融學系(通過)"
CAND_1198,113,nkust_acc,國立高雄科技大學,會計資訊系,國立高雄科技大學 會計資訊系,60090042,彭*瑜,正取,國立高雄科技大學,國立高雄科技大學會計資訊系,原校系/本校留任,1,"國立高雄科技大學會計資訊系(正取,分發)"
CAND_1199,113,nkust_acc,國立高雄科技大學,會計資訊系,國立高雄科技大學 會計資訊系,67090012,林*伶,正取,國立高雄科技大學,國立高雄科技大學會計資訊系,原校系/本校留任,4,"國立高雄科技大學會計資訊系(正取,分發); 國立高雄科技大學資訊管理系(通過); 國立高雄科技大學智慧商務系(正取); 國立臺中科技大學會計資訊系(正取)"
CAND_1200,113,nkust_acc,國立高雄科技大學,會計資訊系,國立高雄科技大學 會計資訊系,70090579,邢*惠,正取,國立高雄科技大學,國立高雄科技大學會計資訊系,原校系/本校留任,3,"國立高雄科技大學會計資訊系(正取,分發); 國立高雄科技大學金融資訊系(通過); 國立臺中科技大學會計資訊系(通過)"
CAND_1201,113,nkust_acc,國立高雄科技大學,會計資訊系,國立高雄科技大學 會計資訊系,59090409,*婷,正取,國立雲林科技大學,國立雲林科技大學財務金融系,其他學校錄取,4,"國立高雄科技大學會計資訊系(正取); 國立雲林科技大學財務金融系(備取,分發); 國立高雄科技大學金融系(正取); 國立臺中科技大學會計資訊系(正取)"
CAND_1202,113,nkust_acc,國立高雄科技大學,會計資訊系,國立高雄科技大學 會計資訊系,70091037,陳*廷,正取,國立高雄科技大學,國立高雄科技大學財政稅務系,原校系/本校留任,4,"國立高雄科技大學會計資訊系(正取); 國立高雄科技大學金融系(通過); 國立高雄科技大學財政稅務系(正取,分發); 國立臺中科技大學財政稅務系(通過)"
CAND_1203,113,nkust_acc,國立高雄科技大學,會計資訊系,國立高雄科技大學 會計資訊系,67090175,維*,正取,國立雲林科技大學,國立雲林科技大學會計系,其他學校錄取,2,"國立高雄科技大學會計資訊系(正取); 國立雲林科技大學會計系(正取,分發)"
CAND_1204,113,nkust_acc,國立高雄科技大學,會計資訊系,國立高雄科技大學 會計資訊系,68090326,林*璇,正取,國立高雄科技大學,國立高雄科技大學會計資訊系,原校系/本校留任,2,"國立高雄科技大學會計資訊系(正取,分發); 國立臺中科技大學會計資訊系(正取)"
CAND_1205,113,nkust_acc,國立高雄科技大學,會計資訊系,國立高雄科技大學 會計資訊系,70091122,維*,正取,國立高雄科技大學,國立高雄科技大學會計資訊系,原校系/本校留任,2,"國立高雄科技大學會計資訊系(正取,分發); 國立高雄科技大學資訊管理系(備取)"
CAND_1206,113,nkust_acc,國立高雄科技大學,會計資訊系,國立高雄科技大學 會計資訊系,69090105,周*潔,正取,國立高雄科技大學,國立高雄科技大學會計資訊系,原校系/本校留任,2,"國立高雄科技大學會計資訊系(正取,分發); 國立高雄科技大學財政稅務系(備取)"
CAND_1207,113,nkust_acc,國立高雄科技大學,會計資訊系,國立高雄科技大學 會計資訊系,64090041,宋*楷,正取,國立雲林科技大學,國立雲林科技大學會計系,其他學校錄取,4,"國立高雄科技大學會計資訊系(正取); 國立雲林科技大學會計系(備取,分發); 國立臺中科技大學會計資訊系(正取); 國立臺北商業大學財政稅務系(臺北校區)(正取)"
CAND_1208,113,nkust_acc,國立高雄科技大學,會計資訊系,國立高雄科技大學 會計資訊系,70091085,郭*瑄,正取,國立高雄科技大學,國立高雄科技大學會計資訊系,原校系/本校留任,3,"國立高雄科技大學會計資訊系(正取,分發); 國立臺中科技大學財務金融系(通過); 國立屏東大學財務金融學系(通過)"
CAND_1209,113,nkust_acc,國立高雄科技大學,會計資訊系,國立高雄科技大學 會計資訊系,74090242,賴*壕,正取,國立高雄科技大學,國立高雄科技大學會計資訊系,原校系/本校留任,2,"國立高雄科技大學會計資訊系(正取,分發); 國立屏東大學會計學系(正取)"
CAND_1210,113,nkust_acc,國立高雄科技大學,會計資訊系,國立高雄科技大學 會計資訊系,64090312,郭*,正取,—,—,未分發或放棄,4,國立高雄科技大學會計資訊系(正取); 國立雲林科技大學資訊管理系(通過); 國立雲林科技大學會計系(備取); 國立臺中科技大學會計資訊系(正取)
CAND_1211,113,nkust_acc,國立高雄科技大學,會計資訊系,國立高雄科技大學 會計資訊系,55090051,郭*柔,正取,—,—,未分發或放棄,3,國立高雄科技大學會計資訊系(正取); 國立虎尾科技大學財務金融系(通過); 國立臺中科技大學會計資訊系(通過)
CAND_1212,113,nkust_acc,國立高雄科技大學,會計資訊系,國立高雄科技大學 會計資訊系,76090035,鄭*筠,正取,國立臺北商業大學,國立臺北商業大學財務金融系(臺北校區),其他學校錄取,6,"國立高雄科技大學會計資訊系(正取); 國立臺北科技大學經營管理系(正取); 國立高雄科技大學金融系(正取); 國立臺北商業大學會計資訊系(臺北校區)(備取); 國立臺北商業大學財務金融系(臺北校區)(正取,分發); 國立臺北商業大學財政稅務系(臺北校區)(正取)"
CAND_1213,113,nkust_acc,國立高雄科技大學,會計資訊系,國立高雄科技大學 會計資訊系,68090458,郭*豪,正取,國立高雄科技大學,國立高雄科技大學會計資訊系,原校系/本校留任,4,"國立高雄科技大學會計資訊系(正取,分發); 國立高雄科技大學金融系(備取); 國立高雄科技大學金融資訊系(正取); 國立臺中科技大學會計資訊系(正取)"
CAND_1214,113,nkust_acc,國立高雄科技大學,會計資訊系,國立高雄科技大學 會計資訊系,57090537,趙*,正取,國立臺中科技大學,國立臺中科技大學會計資訊系,其他學校錄取,2,"國立高雄科技大學會計資訊系(正取); 國立臺中科技大學會計資訊系(正取,分發)"
CAND_1215,113,nkust_acc,國立高雄科技大學,會計資訊系,國立高雄科技大學 會計資訊系,61090027,張*,正取,國立臺中科技大學,國立臺中科技大學會計資訊系,其他學校錄取,2,"國立高雄科技大學會計資訊系(正取); 國立臺中科技大學會計資訊系(備取,分發)"
CAND_1216,113,nkust_acc,國立高雄科技大學,會計資訊系,國立高雄科技大學 會計資訊系,52090007,林*瑀,正取,國立高雄科技大學,國立高雄科技大學會計資訊系,原校系/本校留任,3,"國立高雄科技大學會計資訊系(正取,分發); 國立高雄科技大學資訊管理系(通過); 國立臺中科技大學企業管理系(正取)"
CAND_1217,113,nkust_acc,國立高雄科技大學,會計資訊系,國立高雄科技大學 會計資訊系,70091029,吳*柔,正取,國立高雄科技大學,國立高雄科技大學金融資訊系,原校系/本校留任,4,"國立高雄科技大學會計資訊系(正取); 國立高雄科技大學金融資訊系(正取,分發); 國立臺中科技大學財務金融系(通過); 國立屏東大學會計學系(正取)"
CAND_1218,113,nkust_acc,國立高雄科技大學,會計資訊系,國立高雄科技大學 會計資訊系,70090018,曹*愷,正取,國立高雄科技大學,國立高雄科技大學會計資訊系,原校系/本校留任,3,"國立高雄科技大學會計資訊系(正取,分發); 國立高雄科技大學風險管理與保險系(正取); 國立臺中科技大學會計資訊系(正取)"
CAND_1219,113,nkust_acc,國立高雄科技大學,會計資訊系,國立高雄科技大學 會計資訊系,57090360,葉*謙,正取,國立高雄科技大學,國立高雄科技大學會計資訊系,原校系/本校留任,3,"國立高雄科技大學會計資訊系(正取,分發); 國立高雄科技大學資訊管理系(備取); 國立臺中科技大學會計資訊系(備取)"
CAND_1220,113,nkust_acc,國立高雄科技大學,會計資訊系,國立高雄科技大學 會計資訊系,61090989,李*翊,正取,國立雲林科技大學,國立雲林科技大學會計系,其他學校錄取,4,"國立高雄科技大學會計資訊系(正取); 國立雲林科技大學會計系(備取,分發); 國立高雄科技大學金融系(正取); 國立臺中科技大學會計資訊系(正取)"
CAND_1221,113,nkust_acc,國立高雄科技大學,會計資訊系,國立高雄科技大學 會計資訊系,71090374,蕭*昕,正取,國立高雄科技大學,國立高雄科技大學會計資訊系,原校系/本校留任,2,"國立高雄科技大學會計資訊系(正取,分發); 國立屏東大學會計學系(正取)"
CAND_1222,113,nkust_acc,國立高雄科技大學,會計資訊系,國立高雄科技大學 會計資訊系,64090023,陳*,正取,逢甲大學,逢甲大學會計學系,其他學校錄取,3,"國立高雄科技大學會計資訊系(正取); 朝陽科技大學會計系(正取); 逢甲大學會計學系(正取,分發)"
CAND_1223,113,nkust_acc,國立高雄科技大學,會計資訊系,國立高雄科技大學 會計資訊系,61090563,張*,正取,—,—,未分發或放棄,3,國立高雄科技大學會計資訊系(正取); 中原大學會計學系(備取); 靜宜大學會計學系(正取)
CAND_1224,113,nkust_acc,國立高雄科技大學,會計資訊系,國立高雄科技大學 會計資訊系,71090329,陳*伶,正取,國立高雄科技大學,國立高雄科技大學會計資訊系,原校系/本校留任,6,"國立高雄科技大學會計資訊系(正取,分發); 國立高雄科技大學金融系(正取); 國立高雄科技大學財政稅務系(正取); 國立臺中科技大學會計資訊系(正取); 國立屏東大學財務金融學系(通過); 國立屏東大學會計學系(正取)"
CAND_1225,113,nkust_acc,國立高雄科技大學,會計資訊系,國立高雄科技大學 會計資訊系,68090286,余*翎,正取,國立高雄科技大學,國立高雄科技大學會計資訊系,原校系/本校留任,2,"國立高雄科技大學會計資訊系(正取,分發); 國立高雄科技大學財政稅務系(通過)"
CAND_1226,113,nkust_acc,國立高雄科技大學,會計資訊系,國立高雄科技大學 會計資訊系,57091101,許*婕,正取,國立高雄科技大學,國立高雄科技大學會計資訊系,原校系/本校留任,1,"國立高雄科技大學會計資訊系(正取,分發)"
CAND_1227,113,nkust_acc,國立高雄科技大學,會計資訊系,國立高雄科技大學 會計資訊系,61091175,林*,正取,國立臺中科技大學,國立臺中科技大學財務金融系,其他學校錄取,3,"國立高雄科技大學會計資訊系(正取); 國立高雄科技大學金融系(備取); 國立臺中科技大學財務金融系(正取,分發)"
CAND_1228,113,nkust_acc,國立高雄科技大學,會計資訊系,國立高雄科技大學 會計資訊系,51090283,葉*逸,正取,國立臺北護理健康大學,國立臺北護理健康大學資訊管理系,其他學校錄取,3,"國立高雄科技大學會計資訊系(正取); 國立臺北護理健康大學資訊管理系(正取,分發); 國立臺中科技大學會計資訊系(備取)"
CAND_1229,113,nkust_acc,國立高雄科技大學,會計資訊系,國立高雄科技大學 會計資訊系,70090526,簡*,正取,國立高雄科技大學,國立高雄科技大學金融系,原校系/本校留任,2,"國立高雄科技大學會計資訊系(正取); 國立高雄科技大學金融系(備取,分發)"
CAND_1230,113,nkust_acc,國立高雄科技大學,會計資訊系,國立高雄科技大學 會計資訊系,64090377,*昀,正取,—,—,未分發或放棄,1,國立高雄科技大學會計資訊系(正取)
CAND_1231,113,nkust_acc,國立高雄科技大學,會計資訊系,國立高雄科技大學 會計資訊系,64090589,李*,正取,國立臺中科技大學,國立臺中科技大學會計資訊系,其他學校錄取,3,"國立高雄科技大學會計資訊系(正取); 國立臺中科技大學會計資訊系(正取,分發); 國立屏東大學會計學系(正取)"
CAND_1232,113,nkust_acc,國立高雄科技大學,會計資訊系,國立高雄科技大學 會計資訊系,57090678,陳*嬑,正取,國立高雄科技大學,國立高雄科技大學會計資訊系,原校系/本校留任,2,"國立高雄科技大學會計資訊系(正取,分發); 國立臺中科技大學會計資訊系(備取)"
CAND_1233,113,nkust_acc,國立高雄科技大學,會計資訊系,國立高雄科技大學 會計資訊系,60090178,陳*靜,正取,—,—,未分發或放棄,2,國立高雄科技大學會計資訊系(正取); 國立臺中科技大學會計資訊系(備取)
CAND_1234,113,nkust_acc,國立高雄科技大學,會計資訊系,國立高雄科技大學 會計資訊系,61090003,何*錚,正取,國立高雄科技大學,國立高雄科技大學金融資訊系,原校系/本校留任,5,"國立高雄科技大學會計資訊系(正取); 國立高雄科技大學金融資訊系(備取,分發); 國立虎尾科技大學企業管理系(通過); 國立虎尾科技大學財務金融系(通過); 國立臺中科技大學財務金融系(通過)"
CAND_1235,113,nkust_acc,國立高雄科技大學,會計資訊系,國立高雄科技大學 會計資訊系,65090107,徐*芳,正取,國立高雄科技大學,國立高雄科技大學財政稅務系,原校系/本校留任,5,"國立高雄科技大學會計資訊系(正取); 國立臺北科技大學經營管理系(通過); 國立高雄科技大學金融系(備取); 國立高雄科技大學財政稅務系(正取,分發); 國立臺中科技大學會計資訊系(通過)"
CAND_1236,113,nkust_acc,國立高雄科技大學,會計資訊系,國立高雄科技大學 會計資訊系,60090181,林*芩,正取,國立高雄科技大學,國立高雄科技大學會計資訊系,原校系/本校留任,2,"國立高雄科技大學會計資訊系(正取,分發); 國立臺中科技大學會計資訊系(正取)"
CAND_1237,113,nkust_acc,國立高雄科技大學,會計資訊系,國立高雄科技大學 會計資訊系,61091595,黄*歆,正取,國立臺中科技大學,國立臺中科技大學財政稅務系,其他學校錄取,3,"國立高雄科技大學會計資訊系(正取); 國立虎尾科技大學企業管理系(通過); 國立臺中科技大學財政稅務系(正取,分發)"
CAND_1238,113,nkust_acc,國立高雄科技大學,會計資訊系,國立高雄科技大學 會計資訊系,74090078,*霆,正取,中原大學,中原大學會計學系,其他學校錄取,3,"國立高雄科技大學會計資訊系(正取); 中原大學會計學系(正取,分發); 銘傳大學會計學系(台北校區)(正取)"
CAND_1239,113,nkust_acc,國立高雄科技大學,會計資訊系,國立高雄科技大學 會計資訊系,75090106,葵*庭,正取,—,—,未分發或放棄,1,國立高雄科技大學會計資訊系(正取)
CAND_1240,113,nkust_acc,國立高雄科技大學,會計資訊系,國立高雄科技大學 會計資訊系,61090879,葉*,正取,逢甲大學,逢甲大學會計學系,其他學校錄取,3,"國立高雄科技大學會計資訊系(正取); 國立高雄科技大學財政稅務系(正取); 逢甲大學會計學系(正取,分發)"
CAND_1241,113,nkust_acc,國立高雄科技大學,會計資訊系,國立高雄科技大學 會計資訊系,68090357,張*尹,正取,國立高雄科技大學,國立高雄科技大學會計資訊系,原校系/本校留任,3,"國立高雄科技大學會計資訊系(正取,分發); 國立雲林科技大學會計系(備取); 國立高雄科技大學財政稅務系(正取)"
CAND_1242,113,nkust_acc,國立高雄科技大學,會計資訊系,國立高雄科技大學 會計資訊系,65090137,謝*,正取,國立高雄科技大學,國立高雄科技大學會計資訊系,原校系/本校留任,1,"國立高雄科技大學會計資訊系(正取,分發)"
CAND_1243,113,nkust_acc,國立高雄科技大學,會計資訊系,國立高雄科技大學 會計資訊系,71090063,許*禎,正取,國立高雄科技大學,國立高雄科技大學會計資訊系,原校系/本校留任,3,"國立高雄科技大學會計資訊系(正取,分發); 國立屏東科技大學企業管理系(通過); 國立臺中科技大學財政稅務系(備取)"
CAND_1244,113,nkust_acc,國立高雄科技大學,會計資訊系,國立高雄科技大學 會計資訊系,57090170,陳*汝,正取,國立高雄科技大學,國立高雄科技大學會計資訊系,原校系/本校留任,1,"國立高雄科技大學會計資訊系(正取,分發)"
CAND_1245,113,nkust_acc,國立高雄科技大學,會計資訊系,國立高雄科技大學 會計資訊系,76090016,*心,正取,國立臺北商業大學,國立臺北商業大學財政稅務系(臺北校區),其他學校錄取,5,"國立高雄科技大學會計資訊系(正取); 國立雲林科技大學會計系(正取); 國立臺北商業大學會計資訊系(臺北校區)(備取); 國立臺北商業大學財政稅務系(臺北校區)(備取,分發); 國立彰化師範大學財務金融技術學系(備取)"
CAND_1246,113,nkust_acc,國立高雄科技大學,會計資訊系,國立高雄科技大學 會計資訊系,74090002,彭*慈,正取,國立高雄科技大學,國立高雄科技大學會計資訊系,原校系/本校留任,4,"國立高雄科技大學會計資訊系(正取,分發); 國立臺中科技大學會計資訊系(備取); 國立屏東大學會計學系(正取); 中原大學會計學系(通過)"
CAND_1247,113,nkust_acc,國立高雄科技大學,會計資訊系,國立高雄科技大學 會計資訊系,64090328,林*淇,備取,國立高雄科技大學,國立高雄科技大學會計資訊系,原校系/本校留任,1,"國立高雄科技大學會計資訊系(備取,分發)"
CAND_1248,113,nkust_acc,國立高雄科技大學,會計資訊系,國立高雄科技大學 會計資訊系,68090370,高*熙,備取,國立高雄科技大學,國立高雄科技大學會計資訊系,原校系/本校留任,1,"國立高雄科技大學會計資訊系(備取,分發)"
CAND_1249,113,nkust_acc,國立高雄科技大學,會計資訊系,國立高雄科技大學 會計資訊系,57090989,葉*庭,備取,國立高雄科技大學,國立高雄科技大學會計資訊系,原校系/本校留任,2,"國立高雄科技大學會計資訊系(備取,分發); 國立虎尾科技大學財務金融系(正取)"
CAND_1250,113,nkust_acc,國立高雄科技大學,會計資訊系,國立高雄科技大學 會計資訊系,61091360,陳*佑,備取,國立高雄科技大學,國立高雄科技大學會計資訊系,原校系/本校留任,2,"國立高雄科技大學會計資訊系(備取,分發); 國立臺中科技大學會計資訊系(正取)"
CAND_1251,113,nkust_acc,國立高雄科技大學,會計資訊系,國立高雄科技大學 會計資訊系,65090005,陳*靜,備取,國立高雄科技大學,國立高雄科技大學會計資訊系,原校系/本校留任,6,"國立高雄科技大學會計資訊系(備取,分發); 國立高雄科技大學資訊管理系(通過); 國立虎尾科技大學資訊管理系(通過); 國立臺中科技大學會計資訊系(備取); 致理科技大學會計資訊系(通過); 靜宜大學會計學系(通過)"
CAND_1252,113,nkust_acc,國立高雄科技大學,會計資訊系,國立高雄科技大學 會計資訊系,60090018,吳*殷,備取,國立高雄科技大學,國立高雄科技大學會計資訊系,原校系/本校留任,2,"國立高雄科技大學會計資訊系(備取,分發); 致理科技大學財務金融系(正取)"
CAND_1253,113,nkust_acc,國立高雄科技大學,會計資訊系,國立高雄科技大學 會計資訊系,64090413,謝*靜,備取,國立高雄科技大學,國立高雄科技大學會計資訊系,原校系/本校留任,2,"國立高雄科技大學會計資訊系(備取,分發); 國立屏東大學會計學系(正取)"
CAND_1254,113,nkust_acc,國立高雄科技大學,會計資訊系,國立高雄科技大學 會計資訊系,63090034,李*璇,備取,國立臺中科技大學,國立臺中科技大學應用中文系,其他學校錄取,3,"國立高雄科技大學會計資訊系(備取); 國立高雄科技大學企業管理系(正取); 國立臺中科技大學應用中文系(正取,分發)"
CAND_1255,113,nkust_acc,國立高雄科技大學,會計資訊系,國立高雄科技大學 會計資訊系,65090442,邱*翔,備取,國立臺中科技大學,國立臺中科技大學會計資訊系,其他學校錄取,3,"國立高雄科技大學會計資訊系(備取); 國立高雄科技大學財政稅務系(正取); 國立臺中科技大學會計資訊系(正取,分發)"
CAND_1256,113,nkust_acc,國立高雄科技大學,會計資訊系,國立高雄科技大學 會計資訊系,61091323,陳*,備取,國立高雄科技大學,國立高雄科技大學會計資訊系,原校系/本校留任,3,"國立高雄科技大學會計資訊系(備取,分發); 國立高雄科技大學金融系(備取); 國立臺中科技大學會計資訊系(備取)"
CAND_1257,113,nkust_acc,國立高雄科技大學,會計資訊系,國立高雄科技大學 會計資訊系,64090372,陳*宇,備取,國立高雄科技大學,國立高雄科技大學金融資訊系,原校系/本校留任,3,"國立高雄科技大學會計資訊系(備取); 國立高雄科技大學金融資訊系(備取,分發); 國立臺中科技大學會計資訊系(通過)"
CAND_1258,113,nkust_acc,國立高雄科技大學,會計資訊系,國立高雄科技大學 會計資訊系,70090341,林*,備取,國立高雄科技大學,國立高雄科技大學金融資訊系,原校系/本校留任,3,"國立高雄科技大學會計資訊系(備取); 國立高雄科技大學金融資訊系(備取,分發); 國立屏東大學財務金融學系(通過)"
CAND_1259,113,nkust_acc,國立高雄科技大學,會計資訊系,國立高雄科技大學 會計資訊系,55090129,*真,備取,國立高雄科技大學,國立高雄科技大學金融資訊系,原校系/本校留任,4,"國立高雄科技大學會計資訊系(備取); 國立高雄科技大學企業管理系(備取); 國立高雄科技大學金融資訊系(正取,分發); 國立臺中科技大學財務金融系(通過)"
CAND_1260,113,nkust_acc,國立高雄科技大學,會計資訊系,國立高雄科技大學 會計資訊系,61091090,*緁,備取,國立高雄科技大學,國立高雄科技大學會計資訊系,原校系/本校留任,1,"國立高雄科技大學會計資訊系(備取,分發)"
CAND_1261,113,nkust_acc,國立高雄科技大學,會計資訊系,國立高雄科技大學 會計資訊系,52090957,賴*婕,備取,銘傳大學,銘傳大學會計學系(台北校區),其他學校錄取,4,"國立高雄科技大學會計資訊系(備取); 朝陽科技大學財務金融系(通過); 銘傳大學會計學系(台北校區)(正取,分發); 實踐大學財務金融學系(臺北校區)(通過)"
CAND_1262,113,nkust_acc,國立高雄科技大學,會計資訊系,國立高雄科技大學 會計資訊系,73090341,*程,備取,國立高雄科技大學,國立高雄科技大學會計資訊系,原校系/本校留任,4,"國立高雄科技大學會計資訊系(備取,分發); 國立高雄科技大學財政稅務系(備取); 中原大學會計學系(備取); 逢甲大學會計學系(備取)"
CAND_1263,113,nkust_acc,國立高雄科技大學,會計資訊系,國立高雄科技大學 會計資訊系,55090325,陳*瑄,備取,國立高雄科技大學,國立高雄科技大學工業工程與管理系,原校系/本校留任,2,"國立高雄科技大學會計資訊系(備取); 國立高雄科技大學工業工程與管理系(正取,分發)"
CAND_1264,113,nkust_acc,國立高雄科技大學,會計資訊系,國立高雄科技大學 會計資訊系,61090975,張*禎,備取,國立高雄科技大學,國立高雄科技大學會計資訊系,原校系/本校留任,3,"國立高雄科技大學會計資訊系(備取,分發); 國立虎尾科技大學企業管理系(正取); 國立勤益科技大學企業管理系(正取)"
CAND_1265,113,nkust_acc,國立高雄科技大學,會計資訊系,國立高雄科技大學 會計資訊系,62090114,維*丞,備取,國立高雄科技大學,國立高雄科技大學會計資訊系,原校系/本校留任,1,"國立高雄科技大學會計資訊系(備取,分發)"
CAND_1266,113,nkust_acc,國立高雄科技大學,會計資訊系,國立高雄科技大學 會計資訊系,67090194,*宏,備取,國立高雄科技大學,國立高雄科技大學財政稅務系,原校系/本校留任,2,"國立高雄科技大學會計資訊系(備取); 國立高雄科技大學財政稅務系(備取,分發)"
CAND_1267,113,nkust_acc,國立高雄科技大學,會計資訊系,國立高雄科技大學 會計資訊系,70090282,陳*華,備取,國立高雄科技大學,國立高雄科技大學會計資訊系,原校系/本校留任,3,"國立高雄科技大學會計資訊系(備取,分發); 國立勤益科技大學企業管理系(通過); 國立屏東大學會計學系(正取)"
CAND_1268,113,nkust_acc,國立高雄科技大學,會計資訊系,國立高雄科技大學 會計資訊系,56090450,李*庭,備取,國立屏東大學,國立屏東大學會計學系,其他學校錄取,4,"國立高雄科技大學會計資訊系(備取); 致理科技大學會計資訊系(正取); 國立屏東大學會計學系(備取,分發); 靜宜大學會計學系(通過)"
CAND_1269,113,nkust_acc,國立高雄科技大學,會計資訊系,國立高雄科技大學 會計資訊系,70090510,徐*晨,備取,國立屏東大學,國立屏東大學會計學系,其他學校錄取,3,"國立高雄科技大學會計資訊系(備取); 國立屏東大學企業管理學系(正取); 國立屏東大學會計學系(正取,分發)"
CAND_1270,113,nkust_acc,國立高雄科技大學,會計資訊系,國立高雄科技大學 會計資訊系,70090258,李*真,備取,國立高雄科技大學,國立高雄科技大學會計資訊系,原校系/本校留任,1,"國立高雄科技大學會計資訊系(備取,分發)"
CAND_1271,113,nkust_acc,國立高雄科技大學,會計資訊系,國立高雄科技大學 會計資訊系,68090464,陳*婕,備取,—,—,未分發或放棄,3,國立高雄科技大學會計資訊系(備取); 國立屏東大學國際經營與貿易學系(正取); 國立屏東大學會計學系(正取)
CAND_1272,113,nkust_acc,國立高雄科技大學,會計資訊系,國立高雄科技大學 會計資訊系,61091492,林*,備取,國立高雄科技大學,國立高雄科技大學會計資訊系,原校系/本校留任,2,"國立高雄科技大學會計資訊系(備取,分發); 國立勤益科技大學工業工程與管理系(正取)"
CAND_1273,113,nkust_acc,國立高雄科技大學,會計資訊系,國立高雄科技大學 會計資訊系,70090625,林*宏,備取,國立高雄科技大學,國立高雄科技大學會計資訊系,原校系/本校留任,3,"國立高雄科技大學會計資訊系(備取,分發); 國立屏東科技大學企業管理系(正取); 國立屏東大學會計學系(備取)"
CAND_1274,113,nkust_acc,國立高雄科技大學,會計資訊系,國立高雄科技大學 會計資訊系,71090030,晁*均,備取,國立高雄科技大學,國立高雄科技大學會計資訊系,原校系/本校留任,2,"國立高雄科技大學會計資訊系(備取,分發); 國立屏東科技大學企業管理系(通過)"
CAND_1275,113,nkust_acc,國立高雄科技大學,會計資訊系,國立高雄科技大學 會計資訊系,57090013,張*,備取,國立高雄科技大學,國立高雄科技大學企業管理系,原校系/本校留任,4,"國立高雄科技大學會計資訊系(備取); 國立高雄科技大學企業管理系(備取,分發); 國立臺中科技大學企業管理系(備取); 靜宜大學法律學系(通過)"
CAND_1276,113,nkust_acc,國立高雄科技大學,會計資訊系,國立高雄科技大學 會計資訊系,59090148,陳*玥,備取,國立高雄科技大學,國立高雄科技大學會計資訊系,原校系/本校留任,2,"國立高雄科技大學會計資訊系(備取,分發); 國立高雄科技大學財政稅務系(正取)"
CAND_1277,113,nkust_acc,國立高雄科技大學,會計資訊系,國立高雄科技大學 會計資訊系,69090052,顏*,備取,國立高雄科技大學,國立高雄科技大學工業工程與管理系,原校系/本校留任,3,"國立高雄科技大學會計資訊系(備取); 國立高雄科技大學工業工程與管理系(備取,分發); 國立高雄科技大學智慧商務系(通過)"
CAND_1278,113,nkust_acc,國立高雄科技大學,會計資訊系,國立高雄科技大學 會計資訊系,64090335,沈*,備取,逢甲大學,逢甲大學財稅學系,其他學校錄取,6,"國立高雄科技大學會計資訊系(備取); 國立高雄科技大學財政稅務系(正取); 國立高雄科技大學智慧商務系(備取); 國立臺中科技大學會計資訊系(正取); 逢甲大學財稅學系(正取,分發); 逢甲大學會計學系(正取)"
CAND_1279,113,nkust_acc,國立高雄科技大學,會計資訊系,國立高雄科技大學 會計資訊系,68090069,許*媛,備取,國立高雄科技大學,國立高雄科技大學會計資訊系,原校系/本校留任,3,"國立高雄科技大學會計資訊系(備取,分發); 國立虎尾科技大學工業管理系(備取); 國立屏東大學會計學系(正取)"
CAND_1280,113,nkust_acc,國立高雄科技大學,會計資訊系,國立高雄科技大學 會計資訊系,68090129,鄧*彤,備取,國立高雄科技大學,國立高雄科技大學會計資訊系,原校系/本校留任,3,"國立高雄科技大學會計資訊系(備取,分發); 國立虎尾科技大學工業管理系(通過); 國立臺中科技大學財政稅務系(備取)"
CAND_1281,113,nkust_acc,國立高雄科技大學,會計資訊系,國立高雄科技大學 會計資訊系,68530023,*永,備取,國立高雄科技大學,國立高雄科技大學會計資訊系,原校系/本校留任,4,"國立高雄科技大學會計資訊系(備取,分發); 國立虎尾科技大學企業管理系(通過); 國立屏東大學企業管理學系(通過); 國立屏東大學會計學系(正取)"
CAND_1282,113,nkust_acc,國立高雄科技大學,會計資訊系,國立高雄科技大學 會計資訊系,57090834,—,備取,國立高雄科技大學,國立高雄科技大學會計資訊系,原校系/本校留任,3,"國立高雄科技大學會計資訊系(備取,分發); 明志科技大學經營管理系(正取); 致理科技大學會計資訊系(通過)"
CAND_1283,113,nkust_acc,國立高雄科技大學,會計資訊系,國立高雄科技大學 會計資訊系,68530019,林*妏,備取,國立高雄科技大學,國立高雄科技大學會計資訊系,原校系/本校留任,4,"國立高雄科技大學會計資訊系(備取,分發); 國立臺中科技大學會計資訊系(備取); 國立屏東大學財務金融學系(正取); 國立屏東大學會計學系(正取)"
CAND_1284,113,nkust_acc,國立高雄科技大學,會計資訊系,國立高雄科技大學 會計資訊系,68090250,葵*,備取,國立高雄科技大學,國立高雄科技大學會計資訊系,原校系/本校留任,3,"國立高雄科技大學會計資訊系(備取,分發); 國立屏東大學會計學系(備取); 國立屏東大學行銷與流通管理學系(備取)"
CAND_1285,113,nkust_acc,國立高雄科技大學,會計資訊系,國立高雄科技大學 會計資訊系,68090769,陳*璇,備取,國立臺北護理健康大學,國立臺北護理健康大學生死與健康心理諮商系,其他學校錄取,6,"國立高雄科技大學會計資訊系(備取); 國立高雄科技大學運籌管理系(通過); 國立高雄科技大學供應鏈管理系(正取); 國立臺北護理健康大學健康事業管理系(正取); 國立臺北護理健康大學生死與健康心理諮商系(備取,分發); 國立臺中科技大學老人服務事業管理系(通過)"
CAND_1286,113,nkust_acc,國立高雄科技大學,會計資訊系,國立高雄科技大學 會計資訊系,57090778,*瑜,備取,國立高雄科技大學,國立高雄科技大學會計資訊系,原校系/本校留任,4,"國立高雄科技大學會計資訊系(備取,分發); 國立臺中科技大學會計資訊系(通過); 龍華科技大學數位行銷暨跨境商務系(通過); 國立臺灣體育運動大學運動事業管理學系(通過)"
CAND_1287,113,nkust_acc,國立高雄科技大學,會計資訊系,國立高雄科技大學 會計資訊系,68530047,*瑄,備取,國立高雄科技大學,國立高雄科技大學智慧商務系,原校系/本校留任,3,"國立高雄科技大學會計資訊系(備取); 國立高雄科技大學智慧商務系(備取,分發); 國立勤益科技大學資訊管理系(正取)"
CAND_1288,113,nkust_acc,國立高雄科技大學,會計資訊系,國立高雄科技大學 會計資訊系,61091237,張*瑜,備取,國立高雄科技大學,國立高雄科技大學會計資訊系,原校系/本校留任,4,"國立高雄科技大學會計資訊系(備取,分發); 國立臺中科技大學財政稅務系(備取); 樹德科技大學金融管理系(正取); 逢甲大學財稅學系(備取)"
CAND_1289,113,nkust_acc,國立高雄科技大學,會計資訊系,國立高雄科技大學 會計資訊系,71090217,黄*晴,備取,國立高雄科技大學,國立高雄科技大學會計資訊系,原校系/本校留任,2,"國立高雄科技大學會計資訊系(備取,分發); 國立屏東科技大學企業管理系(正取)"
CAND_1290,113,nkust_acc,國立高雄科技大學,會計資訊系,國立高雄科技大學 會計資訊系,61090058,陳*郁,備取,國立高雄科技大學,國立高雄科技大學會計資訊系,原校系/本校留任,2,"國立高雄科技大學會計資訊系(備取,分發); 國立臺中科技大學財政稅務系(通過)"
CAND_1291,113,nkust_acc,國立高雄科技大學,會計資訊系,國立高雄科技大學 會計資訊系,61091609,葵*日,備取,國立高雄科技大學,國立高雄科技大學會計資訊系,原校系/本校留任,5,"國立高雄科技大學會計資訊系(備取,分發); 國立高雄科技大學智慧商務系(正取); 國立虎尾科技大學企業管理系(通過); 國立勤益科技大學資訊管理系(通過); 國立臺中科技大學財政稅務系(備取)"
CAND_1292,113,nkust_acc,國立高雄科技大學,會計資訊系,國立高雄科技大學 會計資訊系,64090157,徐*駖,備取,國立高雄科技大學,國立高雄科技大學會計資訊系,原校系/本校留任,2,"國立高雄科技大學會計資訊系(備取,分發); 國立臺中科技大學會計資訊系(備取)"
CAND_1293,113,nkust_acc,國立高雄科技大學,會計資訊系,國立高雄科技大學 會計資訊系,61090643,陳*瑄,備取,逢甲大學,逢甲大學會計學系,其他學校錄取,3,"國立高雄科技大學會計資訊系(備取); 國立臺中科技大學會計資訊系(備取); 逢甲大學會計學系(備取,分發)"
CAND_1294,113,nkust_acc,國立高雄科技大學,會計資訊系,國立高雄科技大學 會計資訊系,61091201,張*今,備取,國立屏東大學,國立屏東大學會計學系,其他學校錄取,2,"國立高雄科技大學會計資訊系(備取); 國立屏東大學會計學系(備取,分發)"
CAND_1295,113,nkust_acc,國立高雄科技大學,會計資訊系,國立高雄科技大學 會計資訊系,61090669,*雅,備取,逢甲大學,逢甲大學會計學系,其他學校錄取,3,"國立高雄科技大學會計資訊系(備取); 中原大學會計學系(備取); 逢甲大學會計學系(備取,分發)"
CAND_1296,113,nkust_acc,國立高雄科技大學,會計資訊系,國立高雄科技大學 會計資訊系,68090102,黄*貿,備取,—,—,未分發或放棄,2,國立高雄科技大學會計資訊系(備取); 國立臺中科技大學財政稅務系(備取)
CAND_1297,113,nkust_acc,國立高雄科技大學,會計資訊系,國立高雄科技大學 會計資訊系,64090155,趙*筑,備取,國立高雄科技大學,國立高雄科技大學智慧商務系,原校系/本校留任,2,"國立高雄科技大學會計資訊系(備取); 國立高雄科技大學智慧商務系(備取,分發)"
CAND_1298,113,nkust_acc,國立高雄科技大學,會計資訊系,國立高雄科技大學 會計資訊系,61090741,黄*,備取,國立臺中科技大學,國立臺中科技大學財政稅務系,其他學校錄取,3,"國立高雄科技大學會計資訊系(備取); 國立雲林科技大學會計系(備取); 國立臺中科技大學財政稅務系(正取,分發)"
CAND_1299,113,nkust_acc,國立高雄科技大學,會計資訊系,國立高雄科技大學 會計資訊系,64090364,尤*翔,備取,國立高雄科技大學,國立高雄科技大學會計資訊系,原校系/本校留任,5,"國立高雄科技大學會計資訊系(備取,分發); 國立雲林科技大學工業工程與管理系(備取); 國立高雄科技大學智慧商務系(備取); 國立虎尾科技大學資訊管理系(通過); 國立臺中科技大學保險金融管理系(通過)"
CAND_1300,113,nkust_acc,國立高雄科技大學,會計資訊系,國立高雄科技大學 會計資訊系,65090145,陳*彤,備取,—,—,未分發或放棄,2,國立高雄科技大學會計資訊系(備取); 國立屏東科技大學企業管理系(通過)
CAND_1301,113,nkust_acc,國立高雄科技大學,會計資訊系,國立高雄科技大學 會計資訊系,68090345,楊*,備取,—,—,未分發或放棄,1,國立高雄科技大學會計資訊系(備取)
CAND_1302,113,nkust_acc,國立高雄科技大學,會計資訊系,國立高雄科技大學 會計資訊系,51090279,林*,備取,國立臺北商業大學,國立臺北商業大學財政稅務系(臺北校區),其他學校錄取,6,"國立高雄科技大學會計資訊系(通過); 國立雲林科技大學財務金融系(通過); 國立雲林科技大學會計系(通過); 國立高雄科技大學金融資訊系(通過); 國立臺中科技大學財務金融系(通過); 國立臺北商業大學財政稅務系(臺北校區)(備取,分發)"
CAND_1303,113,nkust_acc,國立高雄科技大學,會計資訊系,國立高雄科技大學 會計資訊系,52090833,賴*彤,備取,國立臺中科技大學,國立臺中科技大學會計資訊系,其他學校錄取,3,"國立高雄科技大學會計資訊系(通過); 國立高雄科技大學財政稅務系(通過); 國立臺中科技大學會計資訊系(正取,分發)"
CAND_1304,113,nkust_acc,國立高雄科技大學,會計資訊系,國立高雄科技大學 會計資訊系,54090049,*筑,備取,—,—,未分發或放棄,2,國立高雄科技大學會計資訊系(通過); 國立臺灣體育運動大學運動事業管理學系(通過)
CAND_1305,113,nkust_acc,國立高雄科技大學,會計資訊系,國立高雄科技大學 會計資訊系,54090146,陳*盈,備取,國立勤益科技大學,國立勤益科技大學企業管理系,其他學校錄取,5,"國立高雄科技大學會計資訊系(通過); 國立高雄科技大學企業管理系(正取); 國立虎尾科技大學企業管理系(通過); 國立勤益科技大學企業管理系(正取,分發); 國立臺中科技大學企業管理系(通過)"
CAND_1306,113,nkust_acc,國立高雄科技大學,會計資訊系,國立高雄科技大學 會計資訊系,55090203,黄*紘,備取,—,—,未分發或放棄,3,國立高雄科技大學會計資訊系(通過); 國立雲林科技大學會計系(正取); 國立高雄科技大學金融資訊系(通過)
CAND_1307,113,nkust_acc,國立高雄科技大學,會計資訊系,國立高雄科技大學 會計資訊系,55090339,吳*,備取,國立臺北商業大學,國立臺北商業大學國際商務系(臺北校區),其他學校錄取,3,"國立高雄科技大學會計資訊系(通過); 國立臺中科技大學國際貿易與經營系(正取); 國立臺北商業大學國際商務系(臺北校區)(備取,分發)"
CAND_1308,113,nkust_acc,國立高雄科技大學,會計資訊系,國立高雄科技大學 會計資訊系,56090465,*諾,備取,國立臺中科技大學,國立臺中科技大學會計資訊系,其他學校錄取,3,"國立高雄科技大學會計資訊系(通過); 國立臺中科技大學會計資訊系(備取,分發); 國立屏東大學會計學系(正取)"
CAND_1309,113,nkust_acc,國立高雄科技大學,會計資訊系,國立高雄科技大學 會計資訊系,57090633,黎*君,備取,逢甲大學,逢甲大學會計學系,其他學校錄取,5,"國立高雄科技大學會計資訊系(通過); 國立高雄科技大學國際企業系(通過); 國立臺中科技大學國際貿易與經營系(通過); 中原大學會計學系(備取); 逢甲大學會計學系(備取,分發)"
CAND_1310,113,nkust_acc,國立高雄科技大學,會計資訊系,國立高雄科技大學 會計資訊系,57090682,*妤,備取,中原大學,中原大學會計學系,其他學校錄取,3,"國立高雄科技大學會計資訊系(通過); 國立臺中科技大學會計資訊系(通過); 中原大學會計學系(正取,分發)"
CAND_1311,113,nkust_acc,國立高雄科技大學,會計資訊系,國立高雄科技大學 會計資訊系,57090875,彭*虹,備取,國立臺中科技大學,國立臺中科技大學會計資訊系,其他學校錄取,4,"國立高雄科技大學會計資訊系(通過); 國立高雄科技大學財政稅務系(通過); 國立臺中科技大學會計資訊系(正取,分發); 中原大學會計學系(正取)"
CAND_1312,113,nkust_acc,國立高雄科技大學,會計資訊系,國立高雄科技大學 會計資訊系,57090895,盧*華,備取,—,—,未分發或放棄,3,國立高雄科技大學會計資訊系(通過); 國立虎尾科技大學財務金融系(通過); 中原大學會計學系(通過)
CAND_1313,113,nkust_acc,國立高雄科技大學,會計資訊系,國立高雄科技大學 會計資訊系,58090189,*降,備取,國立臺中科技大學,國立臺中科技大學財政稅務系,其他學校錄取,4,"國立高雄科技大學會計資訊系(通過); 國立虎尾科技大學工業管理系(通過); 國立勤益科技大學資訊管理系(通過); 國立臺中科技大學財政稅務系(正取,分發)"
CAND_1314,113,nkust_acc,國立高雄科技大學,會計資訊系,國立高雄科技大學 會計資訊系,59090058,黄*恩,備取,—,—,未分發或放棄,2,國立高雄科技大學會計資訊系(通過); 國立屏東科技大學企業管理系(通過)
CAND_1315,113,nkust_acc,國立高雄科技大學,會計資訊系,國立高雄科技大學 會計資訊系,59090138,林*,備取,—,—,未分發或放棄,3,國立高雄科技大學會計資訊系(通過); 國立雲林科技大學會計系(備取); 國立臺中科技大學會計資訊系(通過)
CAND_1316,113,nkust_acc,國立高雄科技大學,會計資訊系,國立高雄科技大學 會計資訊系,60090061,黄*樂,備取,—,—,未分發或放棄,1,國立高雄科技大學會計資訊系(通過)
CAND_1317,113,nkust_acc,國立高雄科技大學,會計資訊系,國立高雄科技大學 會計資訊系,60090107,*婷,備取,—,—,未分發或放棄,5,國立高雄科技大學會計資訊系(通過); 國立雲林科技大學會計系(通過); 國立高雄科技大學金融系(通過); 國立高雄科技大學金融資訊系(通過); 國立臺中科技大學會計資訊系(通過)
CAND_1318,113,nkust_acc,國立高雄科技大學,會計資訊系,國立高雄科技大學 會計資訊系,61090408,許*軒,備取,國立臺中科技大學,國立臺中科技大學財務金融系,其他學校錄取,5,"國立高雄科技大學會計資訊系(通過); 國立雲林科技大學會計系(通過); 國立高雄科技大學金融系(正取); 國立高雄科技大學金融資訊系(通過); 國立臺中科技大學財務金融系(正取,分發)"
CAND_1319,113,nkust_acc,國立高雄科技大學,會計資訊系,國立高雄科技大學 會計資訊系,61090440,陳*綸,備取,國立高雄科技大學,國立高雄科技大學金融資訊系,原校系/本校留任,3,"國立高雄科技大學會計資訊系(通過); 國立高雄科技大學金融資訊系(備取,分發); 國立臺中科技大學財務金融系(備取)"
CAND_1320,113,nkust_acc,國立高雄科技大學,會計資訊系,國立高雄科技大學 會計資訊系,61090509,張*永,備取,—,—,未分發或放棄,2,國立高雄科技大學會計資訊系(通過); 國立高雄科技大學智慧商務系(通過)
CAND_1321,113,nkust_acc,國立高雄科技大學,會計資訊系,國立高雄科技大學 會計資訊系,61090528,黄*,備取,—,—,未分發或放棄,1,國立高雄科技大學會計資訊系(通過)
CAND_1322,113,nkust_acc,國立高雄科技大學,會計資訊系,國立高雄科技大學 會計資訊系,61090673,*姍,備取,逢甲大學,逢甲大學會計學系,其他學校錄取,3,"國立高雄科技大學會計資訊系(通過); 國立臺中科技大學會計資訊系(通過); 逢甲大學會計學系(正取,分發)"
CAND_1323,113,nkust_acc,國立高雄科技大學,會計資訊系,國立高雄科技大學 會計資訊系,61090853,陳*臻,備取,國立雲林科技大學,國立雲林科技大學會計系,其他學校錄取,4,"國立高雄科技大學會計資訊系(通過); 國立雲林科技大學會計系(正取,分發); 國立高雄科技大學金融系(備取); 國立臺北商業大學會計資訊系(臺北校區)(備取)"
CAND_1324,113,nkust_acc,國立高雄科技大學,會計資訊系,國立高雄科技大學 會計資訊系,61091098,許*伊,備取,—,—,未分發或放棄,2,國立高雄科技大學會計資訊系(通過); 國立勤益科技大學企業管理系(通過)
CAND_1325,113,nkust_acc,國立高雄科技大學,會計資訊系,國立高雄科技大學 會計資訊系,61091106,吳*,備取,國立臺中科技大學,國立臺中科技大學會計資訊系,其他學校錄取,3,"國立高雄科技大學會計資訊系(通過); 國立勤益科技大學工業工程與管理系(通過); 國立臺中科技大學會計資訊系(正取,分發)"
CAND_1326,113,nkust_acc,國立高雄科技大學,會計資訊系,國立高雄科技大學 會計資訊系,61091246,姚*勛,備取,國立臺中科技大學,國立臺中科技大學會計資訊系,其他學校錄取,3,"國立高雄科技大學會計資訊系(通過); 國立勤益科技大學流通管理系(正取); 國立臺中科技大學會計資訊系(正取,分發)"
CAND_1327,113,nkust_acc,國立高雄科技大學,會計資訊系,國立高雄科技大學 會計資訊系,62090145,葵*陞,備取,—,—,未分發或放棄,4,國立高雄科技大學會計資訊系(通過); 嶺東科技大學會計資訊系(通過); 銘傳大學會計學系(台北校區)(通過); 逢甲大學會計學系(正取)
CAND_1328,113,nkust_acc,國立高雄科技大學,會計資訊系,國立高雄科技大學 會計資訊系,64090020,李*哈,備取,國立臺中科技大學,國立臺中科技大學財務金融系,其他學校錄取,3,"國立高雄科技大學會計資訊系(通過); 國立高雄科技大學金融資訊系(通過); 國立臺中科技大學財務金融系(正取,分發)"
CAND_1329,113,nkust_acc,國立高雄科技大學,會計資訊系,國立高雄科技大學 會計資訊系,64090113,張*榛,備取,國立臺中科技大學,國立臺中科技大學會計資訊系,其他學校錄取,6,"國立高雄科技大學會計資訊系(通過); 國立雲林科技大學會計系(備取); 國立高雄科技大學金融資訊系(通過); 國立虎尾科技大學財務金融系(通過); 國立勤益科技大學企業管理系(通過); 國立臺中科技大學會計資訊系(正取,分發)"
CAND_1330,113,nkust_acc,國立高雄科技大學,會計資訊系,國立高雄科技大學 會計資訊系,64090171,周*迪,備取,—,—,未分發或放棄,3,國立高雄科技大學會計資訊系(通過); 國立高雄科技大學金融資訊系(通過); 國立臺中科技大學財務金融系(通過)
CAND_1331,113,nkust_acc,國立高雄科技大學,會計資訊系,國立高雄科技大學 會計資訊系,64090259,陳*葵,備取,—,—,未分發或放棄,4,國立高雄科技大學會計資訊系(通過); 國立雲林科技大學財務金融系(通過); 國立雲林科技大學會計系(通過); 國立臺北商業大學會計資訊系(臺北校區)(通過)
CAND_1332,113,nkust_acc,國立高雄科技大學,會計資訊系,國立高雄科技大學 會計資訊系,64090299,鄭*鈞,備取,國立臺中科技大學,國立臺中科技大學財政稅務系,其他學校錄取,2,"國立高雄科技大學會計資訊系(通過); 國立臺中科技大學財政稅務系(正取,分發)"
CAND_1333,113,nkust_acc,國立高雄科技大學,會計資訊系,國立高雄科技大學 會計資訊系,64090359,許*𡤃,備取,國立高雄科技大學,國立高雄科技大學金融系,原校系/本校留任,4,"國立高雄科技大學會計資訊系(通過); 國立高雄科技大學金融系(備取,分發); 國立高雄科技大學財政稅務系(通過); 國立臺中科技大學會計資訊系(通過)"
CAND_1334,113,nkust_acc,國立高雄科技大學,會計資訊系,國立高雄科技大學 會計資訊系,64090360,賴*洳,備取,國立雲林科技大學,國立雲林科技大學財務金融系,其他學校錄取,6,"國立高雄科技大學會計資訊系(通過); 國立雲林科技大學財務金融系(備取,分發); 國立高雄科技大學資訊管理系(通過); 國立高雄科技大學金融資訊系(正取); 國立臺中科技大學財務金融系(通過); 國立臺北商業大學財政稅務系(臺北校區)(備取)"
CAND_1335,113,nkust_acc,國立高雄科技大學,會計資訊系,國立高雄科技大學 會計資訊系,64090531,黄*崇,備取,國立臺中科技大學,國立臺中科技大學會計資訊系,其他學校錄取,4,"國立高雄科技大學會計資訊系(通過); 國立高雄科技大學人力資源發展系(通過); 國立虎尾科技大學企業管理系(通過); 國立臺中科技大學會計資訊系(備取,分發)"
CAND_1336,113,nkust_acc,國立高雄科技大學,會計資訊系,國立高雄科技大學 會計資訊系,64090539,林*妤,備取,國立雲林科技大學,國立雲林科技大學會計系,其他學校錄取,5,"國立高雄科技大學會計資訊系(通過); 國立雲林科技大學會計系(正取,分發); 國立高雄科技大學金融系(通過); 國立高雄科技大學財政稅務系(通過); 國立臺中科技大學會計資訊系(通過)"
CAND_1337,113,nkust_acc,國立高雄科技大學,會計資訊系,國立高雄科技大學 會計資訊系,64090575,許*,備取,國立雲林科技大學,國立雲林科技大學會計系,其他學校錄取,5,"國立高雄科技大學會計資訊系(通過); 國立雲林科技大學會計系(正取,分發); 國立高雄科技大學財務管理系(通過); 國立高雄科技大學財政稅務系(通過); 國立臺中科技大學會計資訊系(通過)"
CAND_1338,113,nkust_acc,國立高雄科技大學,會計資訊系,國立高雄科技大學 會計資訊系,65090001,邱*芬,備取,國立臺中科技大學,國立臺中科技大學財務金融系,其他學校錄取,3,"國立高雄科技大學會計資訊系(通過); 國立高雄科技大學金融資訊系(通過); 國立臺中科技大學財務金融系(備取,分發)"
CAND_1339,113,nkust_acc,國立高雄科技大學,會計資訊系,國立高雄科技大學 會計資訊系,65090013,*臻,備取,國立臺中科技大學,國立臺中科技大學財政稅務系,其他學校錄取,4,"國立高雄科技大學會計資訊系(通過); 國立高雄科技大學金融資訊系(通過); 國立高雄科技大學財政稅務系(正取); 國立臺中科技大學財政稅務系(正取,分發)"
CAND_1340,113,nkust_acc,國立高雄科技大學,會計資訊系,國立高雄科技大學 會計資訊系,65090189,李*蓉,備取,國立臺中科技大學,國立臺中科技大學會計資訊系,其他學校錄取,2,"國立高雄科技大學會計資訊系(通過); 國立臺中科技大學會計資訊系(正取,分發)"
CAND_1341,113,nkust_acc,國立高雄科技大學,會計資訊系,國立高雄科技大學 會計資訊系,65090209,*臻,備取,國立臺中科技大學,國立臺中科技大學會計資訊系,其他學校錄取,3,"國立高雄科技大學會計資訊系(通過); 國立雲林科技大學會計系(備取); 國立臺中科技大學會計資訊系(正取,分發)"
CAND_1342,113,nkust_acc,國立高雄科技大學,會計資訊系,國立高雄科技大學 會計資訊系,65090302,黄*婷,備取,國立勤益科技大學,國立勤益科技大學企業管理系,其他學校錄取,5,"國立高雄科技大學會計資訊系(通過); 國立屏東科技大學企業管理系(通過); 國立虎尾科技大學工業管理系(正取); 國立虎尾科技大學企業管理系(通過); 國立勤益科技大學企業管理系(正取,分發)"
CAND_1343,113,nkust_acc,國立高雄科技大學,會計資訊系,國立高雄科技大學 會計資訊系,67090282,陳*倫,備取,國立雲林科技大學,國立雲林科技大學會計系,其他學校錄取,4,"國立高雄科技大學會計資訊系(通過); 國立雲林科技大學會計系(正取,分發); 國立高雄科技大學財政稅務系(通過); 國立臺中科技大學會計資訊系(正取)"
CAND_1344,113,nkust_acc,國立高雄科技大學,會計資訊系,國立高雄科技大學 會計資訊系,67090334,簡*豪,備取,—,—,未分發或放棄,4,國立高雄科技大學會計資訊系(通過); 國立高雄科技大學財政稅務系(通過); 國立臺中科技大學財政稅務系(通過); 國立屏東大學會計學系(通過)
CAND_1345,113,nkust_acc,國立高雄科技大學,會計資訊系,國立高雄科技大學 會計資訊系,67090335,吳*真,備取,國立雲林科技大學,國立雲林科技大學會計系,其他學校錄取,5,"國立高雄科技大學會計資訊系(通過); 國立雲林科技大學會計系(正取,分發); 國立高雄科技大學金融系(正取); 國立高雄科技大學金融資訊系(通過); 國立臺中科技大學財務金融系(通過)"
CAND_1346,113,nkust_acc,國立高雄科技大學,會計資訊系,國立高雄科技大學 會計資訊系,67090435,邱*,備取,—,—,未分發或放棄,2,國立高雄科技大學會計資訊系(通過); 國立臺中科技大學會計資訊系(通過)
CAND_1347,113,nkust_acc,國立高雄科技大學,會計資訊系,國立高雄科技大學 會計資訊系,68090021,葵*蓓,備取,—,—,未分發或放棄,2,國立高雄科技大學會計資訊系(通過); 國立高雄科技大學金融資訊系(通過)
CAND_1348,113,nkust_acc,國立高雄科技大學,會計資訊系,國立高雄科技大學 會計資訊系,68090057,方*永,備取,—,—,未分發或放棄,2,國立高雄科技大學會計資訊系(通過); 國立臺中科技大學財政稅務系(通過)
CAND_1349,113,nkust_acc,國立高雄科技大學,會計資訊系,國立高雄科技大學 會計資訊系,68090125,陳*瑜,備取,國立臺北商業大學,國立臺北商業大學會計資訊系(臺北校區),其他學校錄取,5,"國立高雄科技大學會計資訊系(通過); 國立雲林科技大學財務金融系(通過); 國立雲林科技大學會計系(正取); 國立臺北商業大學會計資訊系(臺北校區)(備取,分發); 國立臺北商業大學財政稅務系(臺北校區)(通過)"
CAND_1350,113,nkust_acc,國立高雄科技大學,會計資訊系,國立高雄科技大學 會計資訊系,68090197,*翔,備取,國立臺中科技大學,國立臺中科技大學會計資訊系,其他學校錄取,2,"國立高雄科技大學會計資訊系(通過); 國立臺中科技大學會計資訊系(備取,分發)"
CAND_1351,113,nkust_acc,國立高雄科技大學,會計資訊系,國立高雄科技大學 會計資訊系,68090373,余*駿,備取,—,—,未分發或放棄,3,國立高雄科技大學會計資訊系(通過); 國立高雄科技大學金融系(備取); 中原大學會計學系(通過)
CAND_1352,113,nkust_acc,國立高雄科技大學,會計資訊系,國立高雄科技大學 會計資訊系,68530050,任*,備取,國立高雄科技大學,國立高雄科技大學金融系,原校系/本校留任,3,"國立高雄科技大學會計資訊系(通過); 國立高雄科技大學金融系(備取,分發); 國立屏東大學會計學系(通過)"
CAND_1353,113,nkust_acc,國立高雄科技大學,會計資訊系,國立高雄科技大學 會計資訊系,69090065,馮*慈,備取,—,—,未分發或放棄,3,國立高雄科技大學會計資訊系(通過); 國立高雄科技大學商務資訊應用系(正取); 國立臺中科技大學會計資訊系(備取)
CAND_1354,113,nkust_acc,國立高雄科技大學,會計資訊系,國立高雄科技大學 會計資訊系,70090194,宋*恩,備取,國立雲林科技大學,國立雲林科技大學會計系,其他學校錄取,3,"國立高雄科技大學會計資訊系(通過); 國立雲林科技大學會計系(備取,分發); 國立高雄科技大學金融系(通過)"
CAND_1355,113,nkust_acc,國立高雄科技大學,會計資訊系,國立高雄科技大學 會計資訊系,70090746,林*,備取,—,—,未分發或放棄,2,國立高雄科技大學會計資訊系(通過); 國立高雄科技大學金融資訊系(通過)
CAND_1356,113,nkust_acc,國立高雄科技大學,會計資訊系,國立高雄科技大學 會計資訊系,71090034,葵*慈,備取,—,—,未分發或放棄,2,國立高雄科技大學會計資訊系(通過); 國立臺中科技大學會計資訊系(備取)
CAND_1357,113,nkust_acc,國立高雄科技大學,會計資訊系,國立高雄科技大學 會計資訊系,71090090,李*瑜,備取,—,—,未分發或放棄,3,國立高雄科技大學會計資訊系(通過); 國立雲林科技大學企業管理系(通過); 國立雲林科技大學會計系(備取)
CAND_1358,113,nkust_acc,國立高雄科技大學,會計資訊系,國立高雄科技大學 會計資訊系,74090110,吳*,備取,國立臺北商業大學,國立臺北商業大學會計資訊系(臺北校區),其他學校錄取,5,"國立高雄科技大學會計資訊系(通過); 國立臺中科技大學會計資訊系(正取); 國立臺北商業大學會計資訊系(臺北校區)(備取,分發); 中原大學會計學系(通過); 逢甲大學會計學系(正取)"
CAND_1359,113,nkust_acc,國立高雄科技大學,會計資訊系,國立高雄科技大學 會計資訊系,76090017,歐*含,備取,國立高雄科技大學,國立高雄科技大學航運管理系,原校系/本校留任,6,"國立高雄科技大學會計資訊系(通過); 國立高雄科技大學財務管理系(通過); 國立高雄科技大學航運管理系(正取,分發); 國立澎湖科技大學行銷與物流管理系(正取); 樹德科技大學流通管理系(通過); 樹德科技大學企業管理系(正取)"
CAND_1360,113,nkust_acc,國立高雄科技大學,會計資訊系,國立高雄科技大學 會計資訊系,76090021,葵*小,備取,—,—,未分發或放棄,3,國立高雄科技大學會計資訊系(通過); 國立高雄科技大學財務管理系(通過); 國立高雄科技大學航運管理系(通過)
CAND_1361,113,cycu_acc,中原大學,會計學系,中原大學 會計學系,1115,—,正取,中原大學,中原大學 會計學系,原校系/本校留任,4,"中原大學 會計學系(正取,分發); 淡江大學 會計學系(正取); 淡江大學 資訊管理學系(正取); 輔仁大學 統計資訊學系(通過)"
CAND_1362,113,cycu_acc,中原大學,會計學系,中原大學 會計學系,1116,郭*華,正取,中原大學,中原大學 會計學系,原校系/本校留任,3,"中原大學 會計學系(正取,分發); 東吳大學 會計學系(備取); 輔仁大學 會計學系(備取)"
CAND_1363,113,cycu_acc,中原大學,會計學系,中原大學 會計學系,1135,*心,正取,東吳大學,東吳大學 會計學系,其他學校錄取,6,"中原大學 會計學系(正取); 東吳大學 經濟學系(正取); 東吳大學 會計學系(正取,分發); 東海大學 會計學系(正取); 淡江大學 會計學系(正取); 輔仁大學 會計學系(正取)"
CAND_1364,113,cycu_acc,中原大學,會計學系,中原大學 會計學系,1112,周*柔,正取,輔仁大學,輔仁大學 會計學系,其他學校錄取,6,"中原大學 會計學系(正取); 東吳大學 經濟學系(正取); 東海大學 經濟學系(正取); 輔仁大學 會計學系(備取,分發); 輔仁大學 經濟學系(正取); 銘傳大學 財務金融學系(臺北校區)(備取)"
CAND_1365,113,cycu_acc,中原大學,會計學系,中原大學 會計學系,1135,邱*珊,正取,輔仁大學,輔仁大學 會計學系,其他學校錄取,5,"中原大學 會計學系(正取); 東吳大學 企業管理學系(正取); 輔仁大學 企業管理學系(正取); 輔仁大學 會計學系(正取,分發); 銘傳大學 會計學系會計審計組(臺北校區)(正取)"
CAND_1366,113,cycu_acc,中原大學,會計學系,中原大學 會計學系,1125,林*,正取,輔仁大學,輔仁大學 會計學系,其他學校錄取,5,"中原大學 會計學系(正取); 逢甲大學 會計學系(正取); 輔仁大學 會計學系(正取,分發); 國立彰化師範大學 會計學系(通過); 國立東華大學 會計學系(正取)"
CAND_1367,113,cycu_acc,中原大學,會計學系,中原大學 會計學系,1113,—,正取,中原大學,中原大學 會計學系,原校系/本校留任,2,"中原大學 會計學系(正取,分發); 中原大學 財務金融學系(正取)"
CAND_1368,113,cycu_acc,中原大學,會計學系,中原大學 會計學系,1111,李*瑜,正取,中原大學,中原大學 會計學系,原校系/本校留任,5,"中原大學 會計學系(正取,分發); 東吳大學 會計學系(備取); 中原大學 財務金融學系(通過); 淡江大學 會計學系(通過); 輔仁大學 會計學系(備取)"
CAND_1369,113,cycu_acc,中原大學,會計學系,中原大學 會計學系,1104,*緯,正取,東吳大學,東吳大學 會計學系,其他學校錄取,4,"中原大學 會計學系(正取); 東吳大學 會計學系(正取,分發); 中原大學 財務金融學系(正取); 輔仁大學 會計學系(備取)"
CAND_1370,113,cycu_acc,中原大學,會計學系,中原大學 會計學系,1106,陳*伶,正取,國立臺灣海洋大學,國立臺灣海洋大學 航運管理學系,其他學校錄取,5,"中原大學 會計學系(正取); 東吳大學 會計學系(備取); 淡江大學 財務金融學系(正取); 國立臺灣海洋大學 航運管理學系(正取,分發); 國立高雄大學 亞太工商管理學系企業管理組(正取)"
CAND_1371,113,cycu_acc,中原大學,會計學系,中原大學 會計學系,1125,余*蓉,正取,淡江大學,淡江大學 會計學系,其他學校錄取,5,"中原大學 會計學系(正取); 東海大學 會計學系(正取); 淡江大學 會計學系(備取,分發); 逢甲大學 財稅學系(正取); 元智大學 管理學院學士班(主修：會計)(正取)"
CAND_1372,113,cycu_acc,中原大學,會計學系,中原大學 會計學系,1132,江*丞,正取,東海大學,東海大學 會計學系,其他學校錄取,4,"中原大學 會計學系(正取); 東海大學 會計學系(正取,分發); 逢甲大學 會計學系(正取); 中山醫學大學 營養學系(B組)(通過)"
CAND_1373,113,cycu_acc,中原大學,會計學系,中原大學 會計學系,1114,*婷,正取,中原大學,中原大學 資訊管理學系,原校系/本校留任,5,"中原大學 會計學系(正取); 中原大學 資訊管理學系(正取,分發); 中原大學 財務金融學系(正取); 東海大學 經濟學系(通過); 逢甲大學 財務金融學系(備取)"
CAND_1374,113,cycu_acc,中原大學,會計學系,中原大學 會計學系,1105,林*妤,正取,輔仁大學,輔仁大學 社會學系,其他學校錄取,5,"中原大學 會計學系(正取); 東吳大學 日本語文學系(正取); 中原大學 財務金融學系(正取); 東海大學 財務金融學系(正取); 輔仁大學 社會學系(正取,分發)"
CAND_1375,113,cycu_acc,中原大學,會計學系,中原大學 會計學系,1125,林*臻,正取,東海大學,東海大學 會計學系,其他學校錄取,5,"中原大學 會計學系(正取); 中原大學 企業管理學系服務業管理組(正取); 中原大學 資訊管理學系(備取); 東海大學 會計學系(正取,分發); 東海大學 統計學系(決策管理組)(正取)"
CAND_1376,113,cycu_acc,中原大學,會計學系,中原大學 會計學系,1123,維*婕,正取,逢甲大學,逢甲大學 會計學系,其他學校錄取,3,"中原大學 會計學系(正取); 東海大學 會計學系(正取); 逢甲大學 會計學系(正取,分發)"
CAND_1377,113,cycu_acc,中原大學,會計學系,中原大學 會計學系,1121,—,正取,東吳大學,東吳大學 會計學系,其他學校錄取,5,"中原大學 會計學系(正取); 東吳大學 會計學系(正取,分發); 中原大學 企業管理學系工商管理組(通過); 淡江大學 經濟學系(正取); 淡江大學 會計學系(正取)"
CAND_1378,113,cycu_acc,中原大學,會計學系,中原大學 會計學系,113,李*庭,正取,中原大學,中原大學 會計學系,原校系/本校留任,4,"中原大學 會計學系(正取,分發); 中原大學 財務金融學系(正取); 國立東華大學 應用數學系統計科學組(正取); 國立高雄科技大學會計資訊系(備取)"
CAND_1379,113,cycu_acc,中原大學,會計學系,中原大學 會計學系,1105,—,正取,淡江大學,淡江大學 財務金融學系,其他學校錄取,5,"中原大學 會計學系(正取); 東吳大學 財務工程與精算數學系(備取); 淡江大學 財務金融學系(備取,分發); 淡江大學 會計學系(通過); 銘傳大學 財務金融學系(臺北校區)(通過)"
CAND_1380,113,cycu_acc,中原大學,會計學系,中原大學 會計學系,1113,*軒,正取,中原大學,中原大學 會計學系,原校系/本校留任,4,"中原大學 會計學系(正取,分發); 逢甲大學 財稅學系(正取); 國立東華大學 經濟學系(正取); 國立屏東大學 不動產經營學系(備取)"
CAND_1381,113,cycu_acc,中原大學,會計學系,中原大學 會計學系,1101,—,正取,中原大學,中原大學 會計學系,原校系/本校留任,4,"中原大學 會計學系(正取,分發); 國立彰化師範大學 運動學系(競技運動與表演藝術組)(通過); 國立東華大學 體育與運動科學系(通過); 銘傳大學 會計學系稅務規劃組(臺北校區)(備取)"
CAND_1382,113,cycu_acc,中原大學,會計學系,中原大學 會計學系,1107,黎*慈,正取,淡江大學,淡江大學 會計學系,其他學校錄取,4,"中原大學 會計學系(正取); 中原大學 財務金融學系(正取); 東海大學 會計學系(正取); 淡江大學 會計學系(正取,分發)"
CAND_1383,113,cycu_acc,中原大學,會計學系,中原大學 會計學系,1117,—,正取,中原大學,中原大學 會計學系,原校系/本校留任,2,"中原大學 會計學系(正取,分發); 東海大學 電機工程學系(通過)"
CAND_1384,113,cycu_acc,中原大學,會計學系,中原大學 會計學系,1114,—,正取,淡江大學,淡江大學 會計學系,其他學校錄取,5,"中原大學 會計學系(正取); 東海大學 會計學系(通過); 淡江大學 會計學系(正取,分發); 淡江大學 公共行政學系(通過); 國立金門大學 企業管理學系(通過)"
CAND_1385,113,cycu_acc,中原大學,會計學系,中原大學 會計學系,1106,蘇*瑾,正取,輔仁大學,輔仁大學 資訊管理學系,其他學校錄取,5,"中原大學 會計學系(正取); 東吳大學 會計學系(備取); 中原大學 財務金融學系(通過); 淡江大學 會計學系(正取); 輔仁大學 資訊管理學系(正取,分發)"
CAND_1386,113,cycu_acc,中原大學,會計學系,中原大學 會計學系,1125,陳*,正取,中原大學,中原大學 會計學系,原校系/本校留任,4,"中原大學 會計學系(正取,分發); 淡江大學 會計學系(正取); 長庚大學 醫務管理學系(正取); 國立東華大學 會計學系(正取)"
CAND_1387,113,cycu_acc,中原大學,會計學系,中原大學 會計學系,1101,楊*羽,正取,中原大學,中原大學 會計學系,原校系/本校留任,3,"中原大學 會計學系(正取,分發); 東海大學 會計學系(正取); 淡江大學 財務金融學系(正取)"
CAND_1388,113,cycu_acc,中原大學,會計學系,中原大學 會計學系,1106,—,正取,中原大學,中原大學 會計學系,原校系/本校留任,4,"中原大學 會計學系(正取,分發); 東吳大學 經濟學系(通過); 東吳大學 資料科學系(通過); 實踐大學 風險管理與保險學系(臺北校區)(通過)"
CAND_1389,113,cycu_acc,中原大學,會計學系,中原大學 會計學系,1101,—,正取,淡江大學,淡江大學 會計學系,其他學校錄取,6,"中原大學 會計學系(正取); 東海大學 會計學系(通過); 淡江大學 會計學系(正取,分發); 逢甲大學 會計學系(通過); 元智大學 管理學院學士班(主修：會計)(通過); 銘傳大學 會計學系會計審計組(臺北校區)(通過)"
CAND_1390,113,cycu_acc,中原大學,會計學系,中原大學 會計學系,1118,徐*,正取,中原大學,中原大學 財務金融學系,原校系/本校留任,3,"中原大學 會計學系(正取); 中原大學 財務金融學系(正取,分發); 輔仁大學 統計資訊學系(正取)"
CAND_1391,113,cycu_acc,中原大學,會計學系,中原大學 會計學系,111,郭*姍,正取,中原大學,中原大學 會計學系,原校系/本校留任,5,"中原大學 會計學系(正取,分發); 中原大學 財務金融學系(正取); 東海大學 會計學系(正取); 淡江大學 財務金融學系(正取); 淡江大學 會計學系(正取)"
CAND_1392,113,cycu_acc,中原大學,會計學系,中原大學 會計學系,1124,孫*淇,正取,東海大學,東海大學 會計學系,其他學校錄取,4,"中原大學 會計學系(正取); 東海大學 會計學系(正取,分發); 逢甲大學 經濟學系(正取); 國立屏東大學 會計學系(備取)"
CAND_1393,113,cycu_acc,中原大學,會計學系,中原大學 會計學系,1108,張*,正取,中原大學,中原大學 會計學系,原校系/本校留任,5,"中原大學 會計學系(正取,分發); 中原大學 企業管理學系工商管理組(正取); 中原大學 財務金融學系(通過); 國立東華大學 會計學系(正取); 國立東華大學 財務金融學系(通過)"
CAND_1394,113,cycu_acc,中原大學,會計學系,中原大學 會計學系,1103,黄*恩,正取,中原大學,中原大學 會計學系,原校系/本校留任,3,"中原大學 會計學系(正取,分發); 中原大學 地景建築學系(正取); 世新大學 財務金融學系(備取)"
CAND_1395,113,cycu_acc,中原大學,會計學系,中原大學 會計學系,1117,*琪,正取,中原大學,中原大學 會計學系,原校系/本校留任,2,"中原大學 會計學系(正取,分發); 東海大學 中國文學系(正取)"
CAND_1396,113,cycu_acc,中原大學,會計學系,中原大學 會計學系,1113,張*筑,正取,中原大學,中原大學 會計學系,原校系/本校留任,3,"中原大學 會計學系(正取,分發); 東海大學 會計學系(正取); 逢甲大學 會計學系(通過)"
CAND_1397,113,cycu_acc,中原大學,會計學系,中原大學 會計學系,1109,*婷,正取,中原大學,中原大學 財經法律學系財貿法組,原校系/本校留任,4,"中原大學 會計學系(正取); 中原大學 財經法律學系財貿法組(正取,分發); 逢甲大學 會計學系(正取); 逢甲大學 國際經營與貿易學系(正取)"
CAND_1398,113,cycu_acc,中原大學,會計學系,中原大學 會計學系,1121,—,正取,中原大學,中原大學 會計學系,原校系/本校留任,2,"中原大學 會計學系(正取,分發); 中原大學 企業管理學系工商管理組(備取)"
CAND_1399,113,cycu_acc,中原大學,會計學系,中原大學 會計學系,1103,徐*,正取,國立暨南國際大學,國立暨南國際大學 財務金融學系,其他學校錄取,5,"中原大學 會計學系(正取); 淡江大學 經濟學系(正取); 國立東華大學 經濟學系(正取); 世新大學 財務金融學系(正取); 國立暨南國際大學 財務金融學系(備取,分發)"
CAND_1400,113,cycu_acc,中原大學,會計學系,中原大學 會計學系,1102,—,正取,淡江大學,淡江大學 經濟學系,其他學校錄取,3,"中原大學 會計學系(正取); 中原大學 心理學系(備取); 淡江大學 經濟學系(正取,分發)"
CAND_1401,113,cycu_acc,中原大學,會計學系,中原大學 會計學系,1104,—,正取,中原大學,中原大學 會計學系,原校系/本校留任,3,"中原大學 會計學系(正取,分發); 淡江大學 財務金融學系(備取); 淡江大學 會計學系(正取)"
CAND_1402,113,cycu_acc,中原大學,會計學系,中原大學 會計學系,1139,*偉,正取,國立暨南國際大學,國立暨南國際大學 財務金融學系,其他學校錄取,4,"中原大學 會計學系(正取); 逢甲大學 財務金融學系(備取); 國立屏東大學 會計學系(正取); 國立暨南國際大學 財務金融學系(備取,分發)"
CAND_1403,113,cycu_acc,中原大學,會計學系,中原大學 會計學系,1119,吳*住,正取,中原大學,中原大學 會計學系,原校系/本校留任,4,"中原大學 會計學系(正取,分發); 東海大學 會計學系(備取); 淡江大學 會計學系(通過); 元智大學 管理學院學士班(主修：會計)(正取)"
CAND_1404,113,cycu_acc,中原大學,會計學系,中原大學 會計學系,111,吳*恩,正取,逢甲大學,逢甲大學 會計學系,其他學校錄取,5,"中原大學 會計學系(正取); 東海大學 會計學系(正取); 淡江大學 會計學系(備取); 逢甲大學 會計學系(正取,分發); 逢甲大學 財稅學系(通過)"
CAND_1405,113,cycu_acc,中原大學,會計學系,中原大學 會計學系,1115,蕭*諠,正取,中原大學,中原大學 會計學系,原校系/本校留任,4,"中原大學 會計學系(正取,分發); 逢甲大學 會計學系(正取); 國立高雄大學 亞太工商管理學系工業管理組(備取); 國立臺中科技大學智慧生產工程系(通過)"
CAND_1406,113,cycu_acc,中原大學,會計學系,中原大學 會計學系,1126,—,正取,東吳大學,東吳大學 會計學系,其他學校錄取,3,"中原大學 會計學系(正取); 東吳大學 會計學系(備取,分發); 東海大學 會計學系(通過)"
CAND_1407,113,cycu_acc,中原大學,會計學系,中原大學 會計學系,1117,*旋,正取,中原大學,中原大學 會計學系,原校系/本校留任,4,"中原大學 會計學系(正取,分發); 東海大學 企業管理學系(正取); 淡江大學 企業管理學系(正取); 逢甲大學 國際經營與貿易學系(正取)"
CAND_1408,113,cycu_acc,中原大學,會計學系,中原大學 會計學系,1119,謝*欣,正取,中原大學,中原大學 會計學系,原校系/本校留任,5,"中原大學 會計學系(正取,分發); 中原大學 財務金融學系(正取); 東海大學 會計學系(正取); 國立東華大學 特殊教育學系(備取); 國立高雄科技大學會計資訊系(備取)"
CAND_1409,113,cycu_acc,中原大學,會計學系,中原大學 會計學系,1114,—,正取,中原大學,中原大學 會計學系,原校系/本校留任,3,"中原大學 會計學系(正取,分發); 元智大學 管理學院學士班(主修：財務金融)(備取); 亞洲大學 財務金融學系金融科技組(正取)"
CAND_1410,113,cycu_acc,中原大學,會計學系,中原大學 會計學系,1104,—,正取,中原大學,中原大學 會計學系,原校系/本校留任,3,"中原大學 會計學系(正取,分發); 淡江大學 會計學系(正取); 元智大學 管理學院學士班(主修：會計)(正取)"
CAND_1411,113,cycu_acc,中原大學,會計學系,中原大學 會計學系,1126,李*𣶏,正取,逢甲大學,逢甲大學 運輸與物流學系,其他學校錄取,4,"中原大學 會計學系(正取); 逢甲大學 運輸與物流學系(正取,分發); 逢甲大學 土地管理學系(正取); 國立屏東大學 會計學系(正取)"
CAND_1412,113,cycu_acc,中原大學,會計學系,中原大學 會計學系,1106,黄*華,正取,淡江大學,淡江大學 會計學系,其他學校錄取,6,"中原大學 會計學系(正取); 東海大學 法律學系(備取); 淡江大學 會計學系(正取,分發); 中國文化大學 法律學系(正取); 銘傳大學 法律學系(臺北校區)(正取); 實踐大學 會計學系會計審計組(臺北校區)(備取)"
CAND_1413,113,cycu_acc,中原大學,會計學系,中原大學 會計學系,1114,—,正取,輔仁大學,輔仁大學 會計學系,其他學校錄取,5,"中原大學 會計學系(正取); 東吳大學 會計學系(備取); 淡江大學 財務金融學系(正取); 輔仁大學 會計學系(備取,分發); 國立聯合大學 財務金融學系(通過)"
CAND_1414,113,cycu_acc,中原大學,會計學系,中原大學 會計學系,1108,林*程,正取,中原大學,中原大學 會計學系,原校系/本校留任,4,"中原大學 會計學系(正取,分發); 淡江大學 會計學系(正取); 世新大學 財務金融學系(正取); 世新大學 行政管理學系(通過)"
CAND_1415,113,cycu_acc,中原大學,會計學系,中原大學 會計學系,111,—,正取,中原大學,中原大學 會計學系,原校系/本校留任,4,"中原大學 會計學系(正取,分發); 東海大學 統計學系(巨量資料管理組)(通過); 淡江大學 會計學系(備取); 元智大學 管理學院學士班(主修：會計)(正取)"
CAND_1416,113,cycu_acc,中原大學,會計學系,中原大學 會計學系,1114,梁*,正取,中原大學,中原大學 會計學系,原校系/本校留任,4,"中原大學 會計學系(正取,分發); 逢甲大學 會計學系(正取); 元智大學 工業工程與管理學系(備取); 國立聯合大學 經營管理學系(正取)"
CAND_1417,113,cycu_acc,中原大學,會計學系,中原大學 會計學系,1113,*禮,正取,東吳大學,東吳大學 會計學系,其他學校錄取,5,"中原大學 會計學系(正取); 東吳大學 會計學系(正取,分發); 逢甲大學 財務金融學系(正取); 輔仁大學 會計學系(正取); 國立嘉義大學 財務金融學系(備取)"
CAND_1418,113,cycu_acc,中原大學,會計學系,中原大學 會計學系,1124,謝*,正取,國立暨南國際大學,國立暨南國際大學 經濟學系,其他學校錄取,6,"中原大學 會計學系(正取); 東海大學 財務金融學系(正取); 東海大學 經濟學系(正取); 國立暨南國際大學 經濟學系(正取,分發); 朝陽科技大學企業管理系(通過); 健行科技大學財務金融系金融管理組(通過)"
CAND_1419,113,cycu_acc,中原大學,會計學系,中原大學 會計學系,1118,—,正取,中原大學,中原大學 會計學系,原校系/本校留任,3,"中原大學 會計學系(正取,分發); 淡江大學 會計學系(正取); 銘傳大學 會計學系會計審計組(臺北校區)(正取)"
CAND_1420,113,cycu_acc,中原大學,會計學系,中原大學 會計學系,1106,—,正取,中原大學,中原大學 財務金融學系,原校系/本校留任,3,"中原大學 會計學系(正取); 中原大學 財務金融學系(正取,分發); 元智大學 管理學院學士班(主修：財務金融)(正取)"
CAND_1421,113,cycu_acc,中原大學,會計學系,中原大學 會計學系,1103,李*靚,正取,國立東華大學,國立東華大學 管理學院會計與資訊管理國際學士班會計資訊與電腦稽核組,其他學校錄取,5,"中原大學 會計學系(正取); 淡江大學 會計學系(正取); 國立東華大學 會計學系(正取); 國立東華大學 管理學院會計與資訊管理國際學士班會計資訊與電腦稽核組(正取,分發); 國立屏東科技大學財務金融國際學士學位學程(備取)"
CAND_1422,113,cycu_acc,中原大學,會計學系,中原大學 會計學系,1109,—,正取,中原大學,中原大學 會計學系,原校系/本校留任,3,"中原大學 會計學系(正取,分發); 淡江大學 會計學系(正取); 逢甲大學 財稅學系(通過)"
CAND_1423,113,cycu_acc,中原大學,會計學系,中原大學 會計學系,1121,—,正取,東海大學,東海大學 會計學系,其他學校錄取,6,"中原大學 會計學系(正取); 東海大學 會計學系(正取,分發); 東海大學 社會工作學系(正取); 逢甲大學 國際經營與貿易學系(備取); 逢甲大學 合作經濟暨社會事業經營學系(通過); 逢甲大學 土地管理學系(正取)"
CAND_1424,113,cycu_acc,中原大學,會計學系,中原大學 會計學系,1114,—,正取,中原大學,中原大學 會計學系,原校系/本校留任,4,"中原大學 會計學系(正取,分發); 淡江大學 財務金融學系(正取); 淡江大學 會計學系(備取); 銘傳大學 會計學系稅務規劃組(臺北校區)(備取)"
CAND_1425,113,cycu_acc,中原大學,會計學系,中原大學 會計學系,1117,趙*棻,正取,中原大學,中原大學 會計學系,原校系/本校留任,4,"中原大學 會計學系(正取,分發); 東海大學 經濟學系(正取); 逢甲大學 經濟學系(正取); 元智大學 管理學院學士班(主修：財務金融)(正取)"
CAND_1426,113,cycu_acc,中原大學,會計學系,中原大學 會計學系,1115,沈*君,正取,中原大學,中原大學 會計學系,原校系/本校留任,7,"中原大學 會計學系(正取,分發); 東吳大學 會計學系(備取); 東海大學 會計學系(正取); 輔仁大學 會計學系(備取); 國立嘉義大學 數位學習設計與管理學系(備取); 國立雲林科技大學國際管理學士學位學程(通過); 國立臺北商業大學數位多媒體設計系(桃園校區)(通過)"
CAND_1427,113,cycu_acc,中原大學,會計學系,中原大學 會計學系,1129,楊*鈞,正取,中原大學,中原大學 會計學系,原校系/本校留任,4,"中原大學 會計學系(正取,分發); 東海大學 會計學系(備取); 淡江大學 會計學系(通過); 逢甲大學 會計學系(備取)"
CAND_1428,113,cycu_acc,中原大學,會計學系,中原大學 會計學系,113,—,正取,中原大學,中原大學 會計學系,原校系/本校留任,4,"中原大學 會計學系(正取,分發); 中原大學 國際經營與貿易學系(通過); 逢甲大學 會計學系(通過); 元智大學 管理學院學士班(主修：會計)(正取)"
CAND_1429,113,cycu_acc,中原大學,會計學系,中原大學 會計學系,1105,*甄,正取,淡江大學,淡江大學 會計學系,其他學校錄取,5,"中原大學 會計學系(正取); 淡江大學 財務金融學系(備取); 淡江大學 會計學系(正取,分發); 國立高雄科技大學供應鏈管理系(備取); 致理科技大學財務金融系(備取)"
CAND_1430,113,cycu_acc,中原大學,會計學系,中原大學 會計學系,1106,—,正取,中原大學,中原大學 會計學系,原校系/本校留任,2,"中原大學 會計學系(正取,分發); 中原大學 企業管理學系高科技業管理組(備取)"
CAND_1431,113,cycu_acc,中原大學,會計學系,中原大學 會計學系,1117,—,正取,中原大學,中原大學 會計學系,原校系/本校留任,2,"中原大學 會計學系(正取,分發); 東吳大學 財務工程與精算數學系(備取)"
CAND_1432,113,cycu_acc,中原大學,會計學系,中原大學 會計學系,1119,鄭*,正取,中原大學,中原大學 會計學系,原校系/本校留任,4,"中原大學 會計學系(正取,分發); 淡江大學 會計學系(正取); 逢甲大學 會計學系(正取); 銘傳大學 會計學系會計審計組(臺北校區)(備取)"
CAND_1433,113,cycu_acc,中原大學,會計學系,中原大學 會計學系,1108,徐*,正取,中原大學,中原大學 會計學系,原校系/本校留任,4,"中原大學 會計學系(正取,分發); 東吳大學 經濟學系(正取); 中原大學 中原大學與美國天普大學商學管理雙學士學位學程(備取); 逢甲大學 財務金融學系(備取)"
CAND_1434,113,cycu_acc,中原大學,會計學系,中原大學 會計學系,1116,—,正取,中原大學,中原大學 特殊教育學系,原校系/本校留任,5,"中原大學 會計學系(正取); 中原大學 特殊教育學系(正取,分發); 元智大學 管理學院學士班(主修：會計)(正取); 元智大學 社會暨政策科學學系(正取); 銘傳大學 犯罪防治學系(桃園校區)(通過)"
CAND_1435,113,cycu_acc,中原大學,會計學系,中原大學 會計學系,1115,黄*婷,正取,中原大學,中原大學 會計學系,原校系/本校留任,4,"中原大學 會計學系(正取,分發); 中原大學 財務金融學系(備取); 淡江大學 會計學系(正取); 逢甲大學 會計學系(正取)"
CAND_1436,113,cycu_acc,中原大學,會計學系,中原大學 會計學系,1136,陳*,正取,逢甲大學,逢甲大學 土地管理學系,其他學校錄取,3,"中原大學 會計學系(正取); 中原大學 企業管理學系高科技業管理組(正取); 逢甲大學 土地管理學系(正取,分發)"
CAND_1437,113,cycu_acc,中原大學,會計學系,中原大學 會計學系,1112,張*昕,正取,中原大學,中原大學 會計學系,原校系/本校留任,6,"中原大學 會計學系(正取,分發); 淡江大學 會計學系(正取); 中國文化大學 會計學系(通過); 元智大學 管理學院學士班(主修：會計)(正取); 銘傳大學 會計學系會計審計組(臺北校區)(正取); 實踐大學 會計學系會計審計組(臺北校區)(備取)"
CAND_1438,113,cycu_acc,中原大學,會計學系,中原大學 會計學系,111,*侖,正取,逢甲大學,逢甲大學 會計學系,其他學校錄取,5,"中原大學 會計學系(正取); 中原大學 財務金融學系(正取); 東海大學 會計學系(正取); 淡江大學 會計學系(正取); 逢甲大學 會計學系(正取,分發)"
CAND_1439,113,cycu_acc,中原大學,會計學系,中原大學 會計學系,1117,李*盈,正取,東海大學,東海大學 會計學系,其他學校錄取,5,"中原大學 會計學系(正取); 東海大學 會計學系(正取,分發); 淡江大學 會計學系(正取); 逢甲大學 會計學系(正取); 元智大學 管理學院學士班(主修：會計)(通過)"
CAND_1440,113,cycu_acc,中原大學,會計學系,中原大學 會計學系,1122,尤*琪,正取,東海大學,東海大學 會計學系,其他學校錄取,5,"中原大學 會計學系(正取); 東海大學 會計學系(正取,分發); 逢甲大學 會計學系(正取); 靜宜大學 會計學系(通過); 國立屏東大學 會計學系(備取)"
CAND_1441,113,cycu_acc,中原大學,會計學系,中原大學 會計學系,1114,—,正取,中原大學,中原大學 會計學系,原校系/本校留任,4,"中原大學 會計學系(正取,分發); 淡江大學 運輸管理學系(通過); 元智大學 管理學院學士班(主修：數位行銷與人力資源)(備取); 銘傳大學 財務金融學系(臺北校區)(通過)"
CAND_1442,113,cycu_acc,中原大學,會計學系,中原大學 會計學系,1101,—,備取,中原大學,中原大學 會計學系,原校系/本校留任,2,"中原大學 會計學系(備取,分發); 長庚大學 工商管理學系(工商創業組)(備取)"
CAND_1443,113,cycu_acc,中原大學,會計學系,中原大學 會計學系,1109,—,備取,中原大學,中原大學 會計學系,原校系/本校留任,1,"中原大學 會計學系(備取,分發)"
CAND_1444,113,cycu_acc,中原大學,會計學系,中原大學 會計學系,1111,—,備取,中原大學,中原大學 會計學系,原校系/本校留任,2,"中原大學 會計學系(備取,分發); 元智大學 管理學院學士班(主修：財務金融)(備取)"
CAND_1445,113,cycu_acc,中原大學,會計學系,中原大學 會計學系,1101,辜*,備取,中原大學,中原大學 化學工程學系綠能製程組,原校系/本校留任,6,"中原大學 會計學系(備取); 中原大學 化學工程學系綠能製程組(備取,分發); 淡江大學 經濟學系(通過); 淡江大學 航空太空工程學系(備取); 國立宜蘭大學 土木工程學系(備取); 國立宜蘭大學 化學工程與材料工程學系(備取)"
CAND_1446,113,cycu_acc,中原大學,會計學系,中原大學 會計學系,1123,葵*,備取,逢甲大學,逢甲大學 財稅學系,其他學校錄取,5,"中原大學 會計學系(備取); 逢甲大學 財稅學系(正取,分發); 逢甲大學 經濟學系(正取); 銘傳大學 犯罪防治學系(桃園校區)(備取); 亞洲大學 會計與資訊學系(備取)"
CAND_1447,113,cycu_acc,中原大學,會計學系,中原大學 會計學系,1105,陳*,備取,淡江大學,淡江大學 經濟學系,其他學校錄取,4,"中原大學 會計學系(備取); 淡江大學 經濟學系(正取,分發); 銘傳大學 企業管理學系數位經營組(臺北校區)(備取); 世新大學 財務金融學系(正取)"
CAND_1448,113,cycu_acc,中原大學,會計學系,中原大學 會計學系,1103,張*祐,備取,中原大學,中原大學 企業管理學系服務業管理組,原校系/本校留任,5,"中原大學 會計學系(備取); 中原大學 企業管理學系服務業管理組(備取,分發); 東海大學 會計學系(正取); 逢甲大學 經濟學系(正取); 元智大學 管理學院學士班(主修：財務金融)(通過)"
CAND_1449,113,cycu_acc,中原大學,會計學系,中原大學 會計學系,1112,—,備取,中原大學,中原大學 企業管理學系高科技業管理組,原校系/本校留任,5,"中原大學 會計學系(備取); 中原大學 企業管理學系高科技業管理組(備取,分發); 元智大學 管理學院學士班(主修：國際企業管理)(備取); 元智大學 管理學院學士班(主修：會計)(正取); 銘傳大學 資訊管理學系巨量資料管理組(桃園校區)(通過)"
CAND_1450,113,cycu_acc,中原大學,會計學系,中原大學 會計學系,1123,陳*惠,備取,中原大學,中原大學 會計學系,原校系/本校留任,3,"中原大學 會計學系(備取,分發); 逢甲大學 會計學系(正取); 銘傳大學 會計學系會計審計組(臺北校區)(備取)"
CAND_1451,113,cycu_acc,中原大學,會計學系,中原大學 會計學系,1109,賴*,備取,東吳大學,東吳大學 化學系,其他學校錄取,7,"中原大學 會計學系(備取); 東吳大學 化學系(正取,分發); 輔仁大學 呼吸治療學系(備取); 元智大學 化學工程與材料科學學系(備取); 國立高雄科技大學能源與冷凍空調工程系(通過); 國立高雄科技大學財政稅務系(備取); 長庚科技大學護理系(林口校區)(正取)"
CAND_1452,113,cycu_acc,中原大學,會計學系,中原大學 會計學系,1116,—,備取,中原大學,中原大學 會計學系,原校系/本校留任,3,"中原大學 會計學系(備取,分發); 中原大學 工業與系統工程學系工程組(備取); 長庚大學 數位金融科技學系(乙組)(通過)"
CAND_1453,113,cycu_acc,中原大學,會計學系,中原大學 會計學系,1113,*彤,備取,中原大學,中原大學 會計學系,原校系/本校留任,8,"中原大學 會計學系(備取,分發); 東海大學 會計學系(通過); 淡江大學 會計學系(備取); 元智大學 管理學院學士班(主修：會計)(通過); 銘傳大學 會計學系會計審計組(臺北校區)(通過); 嶺東科技大學會計資訊系(通過); 德明財經科技大學會計資訊系(通過); 致理科技大學會計資訊系(通過)"
CAND_1454,113,cycu_acc,中原大學,會計學系,中原大學 會計學系,1113,—,備取,中原大學,中原大學 會計學系,原校系/本校留任,2,"中原大學 會計學系(備取,分發); 淡江大學 電機工程學系電機與系統組(備取)"
CAND_1455,113,cycu_acc,中原大學,會計學系,中原大學 會計學系,1134,—,備取,中原大學,中原大學 會計學系,原校系/本校留任,1,"中原大學 會計學系(備取,分發)"
CAND_1456,113,cycu_acc,中原大學,會計學系,中原大學 會計學系,1112,謝*筠,備取,中原大學,中原大學 會計學系,原校系/本校留任,3,"中原大學 會計學系(備取,分發); 淡江大學 會計學系(備取); 輔仁大學 統計資訊學系(正取)"
CAND_1457,113,cycu_acc,中原大學,會計學系,中原大學 會計學系,1103,—,備取,中原大學,中原大學 會計學系,原校系/本校留任,4,"中原大學 會計學系(備取,分發); 東吳大學 財務工程與精算數學系(正取); 中原大學 財務金融學系(備取); 淡江大學 財務金融學系(備取)"
CAND_1458,113,cycu_acc,中原大學,會計學系,中原大學 會計學系,1105,賴*軒,備取,東海大學,東海大學 會計學系,其他學校錄取,2,"中原大學 會計學系(備取); 東海大學 會計學系(正取,分發)"
CAND_1459,113,cycu_acc,中原大學,會計學系,中原大學 會計學系,1101,—,備取,中原大學,中原大學 會計學系,原校系/本校留任,5,"中原大學 會計學系(備取,分發); 銘傳大學 會計學系會計審計組(臺北校區)(備取); 銘傳大學 會計學系稅務規劃組(臺北校區)(正取); 銘傳大學 財務金融學系(臺北校區)(正取); 銘傳大學 金融學系(桃園校區)(通過)"
CAND_1460,113,cycu_acc,中原大學,會計學系,中原大學 會計學系,〇****OTT,—,備取,中原大學,中原大學 會計學系,原校系/本校留任,3,"中原大學 會計學系(備取,分發); 元智大學 管理學院學士班(主修：會計)(通過); 銘傳大學 會計學系會計審計組(臺北校區)(通過)"
CAND_1461,113,cycu_acc,中原大學,會計學系,中原大學 會計學系,1119,—,備取,中原大學,中原大學 財務金融學系,原校系/本校留任,3,"中原大學 會計學系(備取); 東吳大學 財務工程與精算數學系(備取); 中原大學 財務金融學系(備取,分發)"
CAND_1462,113,cycu_acc,中原大學,會計學系,中原大學 會計學系,1102,*恩,備取,中原大學,中原大學 會計學系,原校系/本校留任,4,"中原大學 會計學系(備取,分發); 元智大學 管理學院學士班(主修：財務金融)(正取); 銘傳大學 財務金融學系(臺北校區)(備取); 實踐大學 財務金融學系(臺北校區)(備取)"
CAND_1463,113,cycu_acc,中原大學,會計學系,中原大學 會計學系,1134,陳*聆,備取,淡江大學,淡江大學 會計學系,其他學校錄取,5,"中原大學 會計學系(備取); 淡江大學 會計學系(正取,分發); 逢甲大學 財稅學系(正取); 逢甲大學 都市計畫與空間資訊學系(正取); 逢甲大學 運輸與物流學系(通過)"
CAND_1464,113,cycu_acc,中原大學,會計學系,中原大學 會計學系,1114,吳*銘,備取,中原大學,中原大學 會計學系,原校系/本校留任,4,"中原大學 會計學系(備取,分發); 淡江大學 財務金融學系(通過); 淡江大學 會計學系(備取); 逢甲大學 會計學系(正取)"
CAND_1465,113,cycu_acc,中原大學,會計學系,中原大學 會計學系,111,*廉,備取,東海大學,東海大學 會計學系,其他學校錄取,3,"中原大學 會計學系(備取); 東海大學 會計學系(正取,分發); 逢甲大學 會計學系(正取)"
CAND_1466,113,cycu_acc,中原大學,會計學系,中原大學 會計學系,1123,*珮,備取,中原大學,中原大學 財務金融學系,原校系/本校留任,4,"中原大學 會計學系(備取); 中原大學 財務金融學系(正取,分發); 淡江大學 會計學系(正取); 逢甲大學 會計學系(備取)"
CAND_1467,113,cycu_acc,中原大學,會計學系,中原大學 會計學系,1114,李*,備取,中原大學,中原大學 會計學系,原校系/本校留任,2,"中原大學 會計學系(備取,分發); 逢甲大學 財務工程與精算學士學位學程(正取)"
CAND_1468,113,cycu_acc,中原大學,會計學系,中原大學 會計學系,1118,—,備取,淡江大學,淡江大學 會計學系,其他學校錄取,2,"中原大學 會計學系(備取); 淡江大學 會計學系(備取,分發)"
CAND_1469,113,cycu_acc,中原大學,會計學系,中原大學 會計學系,〇****OTT,—,備取,中原大學,中原大學 會計學系,原校系/本校留任,3,"中原大學 會計學系(備取,分發); 東吳大學 財務工程與精算數學系(備取); 中原大學 財務金融學系(正取)"
CAND_1470,113,cycu_acc,中原大學,會計學系,中原大學 會計學系,1106,—,備取,中原大學,中原大學 會計學系,原校系/本校留任,4,"中原大學 會計學系(備取,分發); 東海大學 行政管理暨政策學系(通過); 中國文化大學 行政管理學系(通過); 銘傳大學 會計學系會計審計組(臺北校區)(通過)"
CAND_1471,113,cycu_acc,中原大學,會計學系,中原大學 會計學系,1104,陳*曜,備取,中原大學,中原大學 會計學系,原校系/本校留任,4,"中原大學 會計學系(備取,分發); 國立東華大學 經濟學系(正取); 國立屏東大學 會計學系(備取); 元智大學 管理學院學士班(主修：國際企業管理)(通過)"
CAND_1472,113,cycu_acc,中原大學,會計學系,中原大學 會計學系,1102,—,備取,中原大學,中原大學 會計學系,原校系/本校留任,1,"中原大學 會計學系(備取,分發)"
CAND_1473,113,cycu_acc,中原大學,會計學系,中原大學 會計學系,1104,—,備取,淡江大學,淡江大學 經濟學系,其他學校錄取,3,"中原大學 會計學系(備取); 淡江大學 經濟學系(正取,分發); 中國文化大學 心理輔導學系(通過)"
CAND_1474,113,cycu_acc,中原大學,會計學系,中原大學 會計學系,1105,—,備取,中原大學,中原大學 會計學系,原校系/本校留任,4,"中原大學 會計學系(備取,分發); 中原大學 應用數學系(備取); 中原大學 電機資訊學院智慧運算與大數據學士班(備取); 元智大學 資訊工程學系(備取)"
CAND_1475,113,cycu_acc,中原大學,會計學系,中原大學 會計學系,1105,—,備取,中原大學,中原大學 會計學系,原校系/本校留任,3,"中原大學 會計學系(備取,分發); 東吳大學 會計學系(備取); 淡江大學 會計學系(通過)"
CAND_1476,113,cycu_acc,中原大學,會計學系,中原大學 會計學系,1106,*玲,備取,中原大學,中原大學 會計學系,原校系/本校留任,2,"中原大學 會計學系(備取,分發); 國立東華大學 經濟學系(正取)"
CAND_1477,113,cycu_acc,中原大學,會計學系,中原大學 會計學系,1105,郭*彤,備取,中原大學,中原大學 會計學系,原校系/本校留任,4,"中原大學 會計學系(備取,分發); 淡江大學 會計學系(備取); 銘傳大學 會計學系稅務規劃組(臺北校區)(通過); 致理科技大學會計資訊系(備取)"
CAND_1478,113,cycu_acc,中原大學,會計學系,中原大學 會計學系,1116,—,備取,中原大學,中原大學 會計學系,原校系/本校留任,3,"中原大學 會計學系(備取,分發); 元智大學 管理學院學士班(主修：會計)(備取); 國立聯合大學 財務金融學系(通過)"
CAND_1479,113,cycu_acc,中原大學,會計學系,中原大學 會計學系,1109,吳*,備取,東海大學,東海大學 資訊管理學系,其他學校錄取,5,"中原大學 會計學系(備取); 東吳大學 資訊管理學系(備取); 東海大學 資訊管理學系(備取,分發); 國立臺北教育大學 體育學系(通過); 元智大學 管理學院學士班(主修：財務金融)(正取)"
CAND_1480,113,cycu_acc,中原大學,會計學系,中原大學 會計學系,111,許*,備取,中原大學,中原大學 會計學系,原校系/本校留任,4,"中原大學 會計學系(備取,分發); 東海大學 統計學系(決策管理組)(備取); 淡江大學 會計學系(備取); 逢甲大學 統計學系大數據分析與市場決策組(正取)"
CAND_1481,113,cycu_acc,中原大學,會計學系,中原大學 會計學系,1115,楊*,備取,中原大學,中原大學 會計學系,原校系/本校留任,5,"中原大學 會計學系(備取,分發); 中原大學 財務金融學系(正取); 東海大學 會計學系(通過); 東海大學 財務金融學系(正取); 國立暨南國際大學 經濟學系(正取)"
CAND_1482,113,cycu_acc,中原大學,會計學系,中原大學 會計學系,1116,*允,備取,中原大學,中原大學 會計學系,原校系/本校留任,5,"中原大學 會計學系(備取,分發); 東吳大學 財務工程與精算數學系(正取); 國立中央大學 客家語文暨社會科學學系客家社會及政策組(通過); 龍華科技大學資訊網路工程系(通過); 德明財經科技大學財政稅務系(通過)"
CAND_1483,113,cycu_acc,中原大學,會計學系,中原大學 會計學系,1114,陳*,備取,中原大學,中原大學 會計學系,原校系/本校留任,4,"中原大學 會計學系(備取,分發); 東海大學 統計學系(決策管理組)(備取); 東海大學 經濟學系(正取); 逢甲大學 經濟學系(正取)"
CAND_1484,113,cycu_acc,中原大學,會計學系,中原大學 會計學系,1118,—,備取,中原大學,中原大學 會計學系,原校系/本校留任,4,"中原大學 會計學系(備取,分發); 淡江大學 會計學系(通過); 元智大學 管理學院學士班(主修：財務金融)(通過); 元智大學 管理學院學士班(主修：會計)(正取)"
CAND_1485,113,cycu_acc,中原大學,會計學系,中原大學 會計學系,1112,—,備取,中原大學,中原大學 會計學系,原校系/本校留任,2,"中原大學 會計學系(備取,分發); 淡江大學 會計學系(備取)"
CAND_1486,113,cycu_acc,中原大學,會計學系,中原大學 會計學系,1131,蘇*澔,備取,東海大學,東海大學 資訊管理學系,其他學校錄取,5,"中原大學 會計學系(備取); 東海大學 資訊管理學系(備取,分發); 逢甲大學 國際經營與貿易學系(備取); 逢甲大學 經濟學系(正取); 國立東華大學 經濟學系(通過)"
CAND_1487,113,cycu_acc,中原大學,會計學系,中原大學 會計學系,1111,陳*小,備取,中原大學,中原大學 會計學系,原校系/本校留任,6,"中原大學 會計學系(備取,分發); 國立臺南大學 數位學習科技學系(資安組)(通過); 銘傳大學 資訊工程學系(桃園校區)(通過); 國立高雄科技大學航運技術系(通過); 國立虎尾科技大學自動化工程系(通過); 國立臺北護理健康大學護理系(備取)"
CAND_1488,113,cycu_acc,中原大學,會計學系,中原大學 會計學系,1118,*雅,備取,中原大學,中原大學 會計學系,原校系/本校留任,3,"中原大學 會計學系(備取,分發); 逢甲大學 經濟學系(正取); 元智大學 管理學院學士班(主修：財務金融)(備取)"
CAND_1489,113,cycu_acc,中原大學,會計學系,中原大學 會計學系,1112,蕭*庭,備取,淡江大學,淡江大學 經濟學系,其他學校錄取,11,"中原大學 會計學系(備取); 東海大學 經濟學系(正取); 淡江大學 經濟學系(正取,分發); 逢甲大學 經濟學系(正取); 銘傳大學 財務金融學系(臺北校區)(備取); 朝陽科技大學資訊管理系資訊管理組(備取); 明新科技大學財務金融系智慧理財組(通過); 明志科技大學數位行銷設計學士學位學程(通過); 中國科技大學財務金融系(臺北校區)(通過); 德明財經科技大學財政稅務系(正取); 致理科技大學會計資訊系(備取)"
CAND_1490,113,cycu_acc,中原大學,會計學系,中原大學 會計學系,1126,陳*昕,備取,逢甲大學,逢甲大學 運輸與物流學系,其他學校錄取,5,"中原大學 會計學系(備取); 東吳大學 社會工作學系(備取); 逢甲大學 會計學系(備取); 逢甲大學 運輸與物流學系(正取,分發); 元智大學 管理學院學士班(主修：財務金融)(備取)"
CAND_1491,113,cycu_acc,中原大學,會計學系,中原大學 會計學系,1105,—,備取,中原大學,中原大學 會計學系,原校系/本校留任,3,"中原大學 會計學系(備取,分發); 銘傳大學 財務金融學系(臺北校區)(備取); 銘傳大學 風險管理與保險學系保險金融行銷組(臺北校區)(正取)"
CAND_1492,113,cycu_acc,中原大學,會計學系,中原大學 會計學系,1125,葵*圻,備取,國立臺中教育大學,國立臺中教育大學 臺灣語文學系,其他學校錄取,5,"中原大學 會計學系(備取); 東海大學 會計學系(正取); 逢甲大學 會計學系(備取); 逢甲大學 財稅學系(正取); 國立臺中教育大學 臺灣語文學系(正取,分發)"
CAND_1493,113,cycu_acc,中原大學,會計學系,中原大學 會計學系,1117,陳*女,備取,中原大學,中原大學 會計學系,原校系/本校留任,3,"中原大學 會計學系(備取,分發); 東海大學 經濟學系(備取); 淡江大學 會計學系(備取)"
CAND_1494,113,cycu_acc,中原大學,會計學系,中原大學 會計學系,〇****OTT,—,備取,中原大學,中原大學 會計學系,原校系/本校留任,1,"中原大學 會計學系(備取,分發)"
CAND_1495,113,cycu_acc,中原大學,會計學系,中原大學 會計學系,1112,張*昂,備取,中原大學,中原大學 會計學系,原校系/本校留任,7,"中原大學 會計學系(備取,分發); 逢甲大學 財稅學系(備取); 國立金門大學 護理學系(B組)(備取); 弘光科技大學護理系(備取); 元培醫事科技大學護理系(通過); 長庚科技大學護理系(林口校區)(備取); 慈濟科技大學護理系(通過)"
CAND_1496,113,cycu_acc,中原大學,會計學系,中原大學 會計學系,〇****OTT,吳*軒,備取,國立臺灣海洋大學,國立臺灣海洋大學 河海工程學系,其他學校錄取,8,"中原大學 會計學系(備取); 中原大學 物理學系光電與材料科學組(正取); 國立臺灣海洋大學 河海工程學系(備取,分發); 銘傳大學 企業管理學系數位經營組(臺北校區)(正取); 實踐大學 會計學系永續會計組(臺北校區)(備取); 國立雲林科技大學環境與安全衛生工程系(備取); 國立虎尾科技大學自動化工程系(通過); 國立勤益科技大學冷凍空調與能源系(正取)"
CAND_1497,113,cycu_acc,中原大學,會計學系,中原大學 會計學系,1117,何*蓉,備取,輔仁大學,輔仁大學 數學系應用數學組,其他學校錄取,3,"中原大學 會計學系(備取); 東海大學 資訊管理學系(備取); 輔仁大學 數學系應用數學組(備取,分發)"
CAND_1498,113,cycu_acc,中原大學,會計學系,中原大學 會計學系,111,梁*,備取,中原大學,中原大學 會計學系,原校系/本校留任,3,"中原大學 會計學系(備取,分發); 國立臺北護理健康大學護理系(通過); 長庚科技大學護理系(林口校區)(通過)"
CAND_1499,113,cycu_acc,中原大學,會計學系,中原大學 會計學系,1128,郭*伶,備取,逢甲大學,逢甲大學 財稅學系,其他學校錄取,4,"中原大學 會計學系(備取); 東海大學 會計學系(備取); 逢甲大學 環境工程與科學學系(備取); 逢甲大學 財稅學系(正取,分發)"
CAND_1500,113,cycu_acc,中原大學,會計學系,中原大學 會計學系,1121,*永,備取,東海大學,東海大學 法律學系,其他學校錄取,4,"中原大學 會計學系(備取); 東吳大學 會計學系(備取); 中原大學 財經法律學系財貿法組(備取); 東海大學 法律學系(正取,分發)"
CAND_1501,113,cycu_acc,中原大學,會計學系,中原大學 會計學系,1125,*媛,備取,淡江大學,淡江大學 財務金融學系全球財務管理全英語學士班,其他學校錄取,6,"中原大學 會計學系(備取); 淡江大學 財務金融學系全球財務管理全英語學士班(備取,分發); 淡江大學 經濟學系(正取); 逢甲大學 經濟學系(備取); 逢甲大學 風險管理與保險學系(正取); 文藻外語大學法國語文系(正取)"
CAND_1502,113,cycu_acc,中原大學,會計學系,中原大學 會計學系,1102,—,備取,淡江大學,淡江大學 會計學系,其他學校錄取,3,"中原大學 會計學系(備取); 淡江大學 會計學系(正取,分發); 銘傳大學 會計學系會計審計組(臺北校區)(通過)"
CAND_1503,113,cycu_acc,中原大學,會計學系,中原大學 會計學系,1115,—,備取,中原大學,中原大學 會計學系,原校系/本校留任,6,"中原大學 會計學系(備取,分發); 中原大學 財務金融學系(備取); 長庚大學 數位金融科技學系(甲組)(正取); 元智大學 管理學院學士班(主修：財務金融)(正取); 元智大學 資訊管理學系(備取); 銘傳大學 資訊工程學系(桃園校區)(通過)"
CAND_1504,113,cycu_acc,中原大學,會計學系,中原大學 會計學系,1127,郭*全,備取,東海大學,東海大學 會計學系,其他學校錄取,4,"中原大學 會計學系(備取); 東海大學 會計學系(正取,分發); 淡江大學 會計學系(正取); 逢甲大學 澳洲昆士蘭大學商學雙學士學位學程(通過)"
CAND_1505,113,cycu_acc,中原大學,會計學系,中原大學 會計學系,1102,*佑,備取,東海大學,東海大學 會計學系,其他學校錄取,3,"中原大學 會計學系(備取); 東海大學 會計學系(備取,分發); 淡江大學 會計學系(備取)"
CAND_1506,113,cycu_acc,中原大學,會計學系,中原大學 會計學系,1108,姜*璟,備取,中原大學,中原大學 會計學系,原校系/本校留任,3,"中原大學 會計學系(備取,分發); 東海大學 會計學系(備取); 元智大學 管理學院學士班(主修：會計)(正取)"
CAND_1507,113,cycu_acc,中原大學,會計學系,中原大學 會計學系,1129,黄*翎,備取,中原大學,中原大學 會計學系,原校系/本校留任,6,"中原大學 會計學系(備取,分發); 東海大學 經濟學系(備取); 世新大學 經濟學系(通過); 實踐大學 金融管理學系金融商品組(高雄校區)(通過); 亞洲大學 會計與資訊學系(正取); 亞洲大學 財務金融學系金融科技組(通過)"
CAND_1508,113,cycu_acc,中原大學,會計學系,中原大學 會計學系,1106,—,備取,淡江大學,淡江大學 會計學系,其他學校錄取,3,"中原大學 會計學系(備取); 淡江大學 會計學系(正取,分發); 元智大學 管理學院學士班(主修：會計)(通過)"
CAND_1509,113,cycu_acc,中原大學,會計學系,中原大學 會計學系,〇****OTT,—,備取,中原大學,中原大學 會計學系,原校系/本校留任,4,"中原大學 會計學系(備取,分發); 中原大學 企業管理學系高科技業管理組(正取); 淡江大學 會計學系(正取); 銘傳大學 會計學系會計審計組(臺北校區)(備取)"
CAND_1510,113,cycu_acc,中原大學,會計學系,中原大學 會計學系,1114,—,備取,中原大學,中原大學 會計學系,原校系/本校留任,2,"中原大學 會計學系(備取,分發); 靜宜大學 會計學系(通過)"
CAND_1511,113,cycu_acc,中原大學,會計學系,中原大學 會計學系,1117,—,備取,逢甲大學,逢甲大學 會計學系,其他學校錄取,4,"中原大學 會計學系(備取); 東吳大學 財務工程與精算數學系(正取); 淡江大學 會計學系(正取); 逢甲大學 會計學系(備取,分發)"
CAND_1512,113,cycu_acc,中原大學,會計學系,中原大學 會計學系,1111,葵*昇,備取,東海大學,東海大學 會計學系,其他學校錄取,4,"中原大學 會計學系(備取); 東海大學 中國文學系(備取); 東海大學 會計學系(備取,分發); 逢甲大學 經濟學系(正取)"
CAND_1513,113,cycu_acc,中原大學,會計學系,中原大學 會計學系,1105,—,備取,淡江大學,淡江大學 會計學系,其他學校錄取,5,"中原大學 會計學系(備取); 淡江大學 財務金融學系全球財務管理全英語學士班(備取); 淡江大學 會計學系(備取,分發); 臺北市立大學 休閒運動管理學系(通過); 銘傳大學 會計學系會計審計組(臺北校區)(通過)"
CAND_1514,113,cycu_acc,中原大學,會計學系,中原大學 會計學系,1104,—,備取,中原大學,中原大學 企業管理學系高科技業管理組,原校系/本校留任,4,"中原大學 會計學系(備取); 東吳大學 資料科學系(備取); 中原大學 企業管理學系高科技業管理組(正取,分發); 國立彰化師範大學 運動學系(運動健康組)(通過)"
CAND_1515,113,cycu_acc,中原大學,會計學系,中原大學 會計學系,1113,*鈞,備取,逢甲大學,逢甲大學 財稅學系,其他學校錄取,6,"中原大學 會計學系(備取); 逢甲大學 財稅學系(正取,分發); 逢甲大學 風險管理與保險學系(備取); 中山醫學大學 公共衛生學系(B組)(備取); 元智大學 管理學院學士班(主修：財務金融)(備取); 銘傳大學 會計學系稅務規劃組(臺北校區)(正取)"
CAND_1516,113,cycu_acc,中原大學,會計學系,中原大學 會計學系,1111,吳*丞,備取,中原大學,中原大學 財務金融學系,原校系/本校留任,5,"中原大學 會計學系(備取); 中原大學 企業管理學系工商管理組(備取); 中原大學 財務金融學系(備取,分發); 東海大學 企業管理學系(備取); 東海大學 會計學系(備取)"
CAND_1517,113,cycu_acc,中原大學,會計學系,中原大學 會計學系,1129,周*毅,備取,逢甲大學,逢甲大學 經濟學系,其他學校錄取,4,"中原大學 會計學系(備取); 逢甲大學 財稅學系(備取); 逢甲大學 經濟學系(備取,分發); 亞洲大學 會計與資訊學系(備取)"
CAND_1518,113,cycu_acc,中原大學,會計學系,中原大學 會計學系,1123,周*綺,備取,國立聯合大學,國立聯合大學 財務金融學系,其他學校錄取,4,"中原大學 會計學系(備取); 逢甲大學 風險管理與保險學系(通過); 長榮大學 會計資訊學系會計應用組(正取); 國立聯合大學 財務金融學系(正取,分發)"
CAND_1519,113,cycu_acc,中原大學,會計學系,中原大學 會計學系,1128,楊*翔,備取,東海大學,東海大學 經濟學系,其他學校錄取,7,"中原大學 會計學系(備取); 東海大學 經濟學系(正取,分發); 逢甲大學 經濟學系(備取); 銘傳大學 財務金融學系(臺北校區)(備取); 世新大學 經濟學系(通過); 景文科技大學理財與稅務規劃系(通過); 德明財經科技大學會計資訊系(通過)"
CAND_1520,113,cycu_acc,中原大學,會計學系,中原大學 會計學系,1113,賴*昭,備取,國立聯合大學,國立聯合大學 化學工程學系,其他學校錄取,8,"中原大學 會計學系(備取); 淡江大學 資訊管理學系(備取); 逢甲大學 工業工程與系統管理學系B組(備取); 靜宜大學 資訊工程學系(備取); 國立聯合大學 化學工程學系(備取,分發); 國立虎尾科技大學自動化工程系(通過); 嘉南藥理大學醫務管理系(備取); 明新科技大學資訊工程系(通過)"
CAND_1521,113,cycu_acc,中原大學,會計學系,中原大學 會計學系,1104,林*庭,備取,—,—,未分發或放棄,2,中原大學 會計學系(備取); 實踐大學 會計學系永續會計組(臺北校區)(備取)
CAND_1522,113,cycu_acc,中原大學,會計學系,中原大學 會計學系,1108,—,備取,—,—,未分發或放棄,1,中原大學 會計學系(備取)
CAND_1523,113,cycu_acc,中原大學,會計學系,中原大學 會計學系,1106,張*,備取,銘傳大學,銘傳大學 財務金融學系(臺北校區),其他學校錄取,7,"中原大學 會計學系(備取); 逢甲大學 風險管理與保險學系(正取); 銘傳大學 財務金融學系(臺北校區)(備取,分發); 實踐大學 財務金融學系(臺北校區)(備取); 實踐大學 風險管理與保險學系(臺北校區)(備取); 國立聯合大學 財務金融學系(備取); 長庚科技大學護理系(林口校區)(備取)"
CAND_1524,113,cycu_acc,中原大學,會計學系,中原大學 會計學系,1106,—,備取,中原大學,中原大學 財務金融學系,原校系/本校留任,4,"中原大學 會計學系(備取); 中原大學 財務金融學系(備取,分發); 淡江大學 經濟學系(通過); 淡江大學 會計學系(通過)"
CAND_1525,113,cycu_acc,中原大學,會計學系,中原大學 會計學系,1106,—,備取,淡江大學,淡江大學 會計學系,其他學校錄取,3,"中原大學 會計學系(備取); 淡江大學 會計學系(備取,分發); 實踐大學 會計學系會計審計組(臺北校區)(通過)"
CAND_1526,113,cycu_acc,中原大學,會計學系,中原大學 會計學系,1103,*珊,備取,逢甲大學,逢甲大學 統計學系大數據分析與市場決策組,其他學校錄取,3,"中原大學 會計學系(備取); 東海大學 統計學系(決策管理組)(備取); 逢甲大學 統計學系大數據分析與市場決策組(備取,分發)"
CAND_1527,113,cycu_acc,中原大學,會計學系,中原大學 會計學系,1118,陳*堯,備取,國立東華大學,國立東華大學 經濟學系,其他學校錄取,3,"中原大學 會計學系(備取); 東吳大學 財務工程與精算數學系(備取); 國立東華大學 經濟學系(正取,分發)"
CAND_1528,113,cycu_acc,中原大學,會計學系,中原大學 會計學系,1109,陳*,備取,逢甲大學,逢甲大學 統計學系大數據分析與市場決策組,其他學校錄取,4,"中原大學 會計學系(備取); 東海大學 經濟學系(通過); 逢甲大學 統計學系大數據分析與市場決策組(備取,分發); 靜宜大學 資料科學暨大數據分析與應用學系(通過)"
CAND_1529,113,cycu_acc,中原大學,會計學系,中原大學 會計學系,1104,陳*元,備取,實踐大學,實踐大學 風險管理與保險學系(臺北校區),其他學校錄取,4,"中原大學 會計學系(備取); 逢甲大學 財稅學系(備取); 銘傳大學 會計學系會計審計組(臺北校區)(備取); 實踐大學 風險管理與保險學系(臺北校區)(備取,分發)"
CAND_1530,113,cycu_acc,中原大學,會計學系,中原大學 會計學系,1111,—,備取,銘傳大學,銘傳大學 諮商臨床與工商心理學系(桃園校區),其他學校錄取,3,"中原大學 會計學系(備取); 義守大學 大眾傳播學系(正取); 銘傳大學 諮商臨床與工商心理學系(桃園校區)(通過,分發)"
CAND_1531,113,cycu_acc,中原大學,會計學系,中原大學 會計學系,1108,買*諺,備取,淡江大學,淡江大學 運輸管理學系,其他學校錄取,5,"中原大學 會計學系(備取); 淡江大學 運輸管理學系(備取,分發); 淡江大學 航空太空工程學系(備取); 中國文化大學 資訊管理學系(人工智慧組)(正取); 銘傳大學 資訊工程學系(桃園校區)(備取)"
CAND_1532,113,cycu_acc,中原大學,會計學系,中原大學 會計學系,〇****OTT,葵*陞,備取,東海大學,東海大學 經濟學系,其他學校錄取,4,"中原大學 會計學系(備取); 東吳大學 資料科學系(備取); 東海大學 經濟學系(備取,分發); 世新大學 經濟學系(備取)"
CAND_1533,113,cycu_acc,中原大學,會計學系,中原大學 會計學系,1119,許*源,備取,—,—,未分發或放棄,3,中原大學 會計學系(備取); 銘傳大學 財務金融學系(臺北校區)(通過); 健行科技大學財務金融系投資理財組(通過)
CAND_1534,113,cycu_acc,中原大學,會計學系,中原大學 會計學系,1106,—,備取,東吳大學,東吳大學 財務工程與精算數學系,其他學校錄取,2,"中原大學 會計學系(備取); 東吳大學 財務工程與精算數學系(備取,分發)"
CAND_1535,113,cycu_acc,中原大學,會計學系,中原大學 會計學系,1109,—,備取,東吳大學,東吳大學 資料科學系,其他學校錄取,3,"中原大學 會計學系(通過); 東吳大學 資料科學系(正取,分發); 長庚大學 數位金融科技學系(乙組)(通過)"
CAND_1536,113,cycu_acc,中原大學,會計學系,中原大學 會計學系,1102,—,備取,—,—,未分發或放棄,4,中原大學 會計學系(通過); 逢甲大學 經濟學系(通過); 逢甲大學 運輸與物流學系(通過); 國立聯合大學 財務金融學系(通過)
CAND_1537,113,cycu_acc,中原大學,會計學系,中原大學 會計學系,1101,—,備取,—,—,未分發或放棄,3,中原大學 會計學系(通過); 淡江大學 會計學系(通過); 逢甲大學 會計學系(通過)
CAND_1538,113,cycu_acc,中原大學,會計學系,中原大學 會計學系,1106,—,備取,東吳大學,東吳大學 會計學系,其他學校錄取,4,"中原大學 會計學系(通過); 東吳大學 會計學系(備取,分發); 國立東華大學 會計學系(通過); 銘傳大學 會計學系會計審計組(臺北校區)(通過)"
CAND_1539,113,cycu_acc,中原大學,會計學系,中原大學 會計學系,1102,—,備取,—,—,未分發或放棄,5,中原大學 會計學系(通過); 中原大學 財務金融學系(通過); 淡江大學 會計學系(通過); 銘傳大學 法律學系(臺北校區)(通過); 銘傳大學 財金法律學系(臺北校區)(通過)
CAND_1540,113,cycu_acc,中原大學,會計學系,中原大學 會計學系,1104,*婷,備取,東吳大學,東吳大學 財務工程與精算數學系,其他學校錄取,6,"中原大學 會計學系(通過); 東吳大學 會計學系(通過); 東吳大學 財務工程與精算數學系(正取,分發); 中原大學 心理學系(通過); 中原大學 財務金融學系(通過); 國立臺北護理健康大學生死與健康心理諮商系(通過)"
CAND_1541,113,cycu_acc,中原大學,會計學系,中原大學 會計學系,1106,—,備取,—,—,未分發或放棄,1,中原大學 會計學系(通過)
CAND_1542,113,cycu_acc,中原大學,會計學系,中原大學 會計學系,1102,—,備取,—,—,未分發或放棄,1,中原大學 會計學系(通過)
CAND_1543,113,cycu_acc,中原大學,會計學系,中原大學 會計學系,1101,—,備取,—,—,未分發或放棄,3,中原大學 會計學系(通過); 淡江大學 經濟學系(通過); 淡江大學 會計學系(通過)
CAND_1544,113,cycu_acc,中原大學,會計學系,中原大學 會計學系,1107,—,備取,—,—,未分發或放棄,4,中原大學 會計學系(通過); 東海大學 會計學系(通過); 淡江大學 會計學系(通過); 銘傳大學 會計學系稅務規劃組(臺北校區)(通過)
CAND_1545,113,cycu_acc,中原大學,會計學系,中原大學 會計學系,1105,—,備取,—,—,未分發或放棄,1,中原大學 會計學系(通過)
CAND_1546,113,cycu_acc,中原大學,會計學系,中原大學 會計學系,1101,周*惇,備取,—,—,未分發或放棄,5,中原大學 會計學系(通過); 淡江大學 人工智慧學系(通過); 義守大學 生物醫學工程學系(通過); 國立高雄科技大學環境與安全衛生工程系(通過); 國立勤益科技大學智慧自動化工程系(通過)
CAND_1547,113,cycu_acc,中原大學,會計學系,中原大學 會計學系,1102,—,備取,東吳大學,東吳大學 財務工程與精算數學系,其他學校錄取,2,"中原大學 會計學系(通過); 東吳大學 財務工程與精算數學系(正取,分發)"
CAND_1548,113,cycu_acc,中原大學,會計學系,中原大學 會計學系,1103,—,正取,淡江大學,淡江大學 會計學系,其他學校錄取,3,"中原大學 會計學系(通過); 淡江大學 會計學系(正取,分發); 逢甲大學 會計學系(通過)"
CAND_1549,113,cycu_acc,中原大學,會計學系,中原大學 會計學系,〇****OTT,—,備取,—,—,未分發或放棄,2,中原大學 會計學系(通過); 銘傳大學 會計學系會計審計組(臺北校區)(通過)
CAND_1550,113,cycu_acc,中原大學,會計學系,中原大學 會計學系,1105,—,備取,—,—,未分發或放棄,5,中原大學 會計學系(通過); 淡江大學 教育與未來設計學系(通過); 淡江大學 統計學系(通過); 銘傳大學 企業管理學系數位經營組(臺北校區)(通過); 銘傳大學 會計學系稅務規劃組(臺北校區)(通過)
CAND_1551,113,cycu_acc,中原大學,會計學系,中原大學 會計學系,1104,—,備取,東吳大學,東吳大學 社會工作學系,其他學校錄取,3,"中原大學 會計學系(通過); 東吳大學 社會工作學系(正取,分發); 淡江大學 企業管理學系(正取)"
CAND_1552,113,cycu_acc,中原大學,會計學系,中原大學 會計學系,1102,—,備取,—,—,未分發或放棄,2,中原大學 會計學系(通過); 銘傳大學 財務金融學系(臺北校區)(通過)
CAND_1553,113,cycu_acc,中原大學,會計學系,中原大學 會計學系,1106,—,備取,—,—,未分發或放棄,1,中原大學 會計學系(通過)
CAND_1554,113,cycu_acc,中原大學,會計學系,中原大學 會計學系,1104,*恩,備取,實踐大學,實踐大學 法律學系(臺北校區),其他學校錄取,4,"中原大學 會計學系(通過); 中國文化大學 法律學系(正取); 靜宜大學 法律學系(備取); 實踐大學 法律學系(臺北校區)(正取,分發)"
CAND_1555,113,cycu_acc,中原大學,會計學系,中原大學 會計學系,〇****OTT,—,備取,—,—,未分發或放棄,1,中原大學 會計學系(通過)
CAND_1556,113,cycu_acc,中原大學,會計學系,中原大學 會計學系,1106,—,備取,—,—,未分發或放棄,1,中原大學 會計學系(通過)
CAND_1557,113,cycu_acc,中原大學,會計學系,中原大學 會計學系,1106,—,正取,淡江大學,淡江大學 會計學系,其他學校錄取,3,"中原大學 會計學系(通過); 東海大學 會計學系(通過); 淡江大學 會計學系(正取,分發)"
CAND_1558,113,cycu_acc,中原大學,會計學系,中原大學 會計學系,1103,—,備取,—,—,未分發或放棄,2,中原大學 會計學系(通過); 東海大學 統計學系(巨量資料管理組)(通過)
CAND_1559,113,cycu_acc,中原大學,會計學系,中原大學 會計學系,1104,—,備取,—,—,未分發或放棄,5,中原大學 會計學系(通過); 淡江大學 國際企業學系國際商學全英語組(通過); 逢甲大學 國際經營與貿易學系(通過); 輔仁大學 餐旅管理學系(通過); 長庚大學 工商管理學系(數智商務組)(通過)
CAND_1560,113,cycu_acc,中原大學,會計學系,中原大學 會計學系,〇****OTT,—,備取,—,—,未分發或放棄,2,中原大學 會計學系(通過); 國立宜蘭大學 應用經濟與管理學系(通過)
CAND_1561,113,cycu_acc,中原大學,會計學系,中原大學 會計學系,1101,—,備取,—,—,未分發或放棄,1,中原大學 會計學系(通過)
CAND_1562,113,cycu_acc,中原大學,會計學系,中原大學 會計學系,1104,—,備取,—,—,未分發或放棄,6,中原大學 會計學系(通過); 中原大學 國際經營與貿易學系(通過); 淡江大學 風險管理與保險學系(通過); 輔仁大學 企業管理學系(通過); 輔仁大學 統計資訊學系(通過); 銘傳大學 金融學系(桃園校區)(通過)
CAND_1563,113,cycu_acc,中原大學,會計學系,中原大學 會計學系,1102,邱*詒,正取,國立中正大學,國立中正大學 會計與資訊科技學系,其他學校錄取,5,"中原大學 會計學系(通過); 東吳大學 會計學系(正取); 輔仁大學 會計學系(正取); 國立彰化師範大學 會計學系(正取); 國立中正大學 會計與資訊科技學系(正取,分發)"
CAND_1564,113,cycu_acc,中原大學,會計學系,中原大學 會計學系,〇****OTT,—,正取,東吳大學,東吳大學 會計學系,其他學校錄取,4,"中原大學 會計學系(通過); 東吳大學 會計學系(備取,分發); 淡江大學 財務金融學系(通過); 淡江大學 會計學系(正取)"
CAND_1565,113,cycu_acc,中原大學,會計學系,中原大學 會計學系,1103,—,備取,—,—,未分發或放棄,1,中原大學 會計學系(通過)
CAND_1566,113,cycu_acc,中原大學,會計學系,中原大學 會計學系,1101,—,備取,淡江大學,淡江大學 經濟學系,其他學校錄取,5,"中原大學 會計學系(通過); 淡江大學 經濟學系(正取,分發); 逢甲大學 會計學系(通過); 銘傳大學 會計學系會計審計組(臺北校區)(通過); 銘傳大學 財務金融學系(臺北校區)(通過)"
CAND_1567,113,cycu_acc,中原大學,會計學系,中原大學 會計學系,1107,—,備取,—,—,未分發或放棄,2,中原大學 會計學系(通過); 淡江大學 會計學系(通過)
CAND_1568,113,cycu_acc,中原大學,會計學系,中原大學 會計學系,1102,—,備取,東吳大學,東吳大學 會計學系,其他學校錄取,4,"中原大學 會計學系(通過); 東吳大學 會計學系(備取,分發); 淡江大學 會計學系(通過); 國立東華大學 會計學系(通過)"
CAND_1569,113,cycu_acc,中原大學,會計學系,中原大學 會計學系,1109,李*,備取,東吳大學,東吳大學 財務工程與精算數學系,其他學校錄取,5,"中原大學 會計學系(通過); 東吳大學 財務工程與精算數學系(正取,分發); 淡江大學 財務金融學系(通過); 淡江大學 會計學系(備取); 逢甲大學 財務工程與精算學士學位學程(正取)"
CAND_1570,113,cycu_acc,中原大學,會計學系,中原大學 會計學系,〇****OTT,—,備取,銘傳大學,銘傳大學 財務金融學系(臺北校區),其他學校錄取,3,"中原大學 會計學系(通過); 東海大學 會計學系(通過); 銘傳大學 財務金融學系(臺北校區)(正取,分發)"
CAND_1571,113,cycu_acc,中原大學,會計學系,中原大學 會計學系,1106,陳*心,備取,輔仁大學,輔仁大學 會計學系,其他學校錄取,5,"中原大學 會計學系(通過); 東吳大學 經濟學系(正取); 東吳大學 會計學系(備取); 輔仁大學 企業管理學系(備取); 輔仁大學 會計學系(備取,分發)"
CAND_1572,113,cycu_acc,中原大學,會計學系,中原大學 會計學系,111,—,備取,—,—,未分發或放棄,4,中原大學 會計學系(通過); 中原大學 財務金融學系(通過); 淡江大學 統計學系(通過); 輔仁大學 數學系應用數學組(通過)
CAND_1573,113,cycu_acc,中原大學,會計學系,中原大學 會計學系,1115,—,備取,—,—,未分發或放棄,2,中原大學 會計學系(通過); 輔仁大學 會計學系(通過)
CAND_1574,113,cycu_acc,中原大學,會計學系,中原大學 會計學系,1116,—,備取,—,—,未分發或放棄,3,中原大學 會計學系(通過); 淡江大學 會計學系(通過); 元智大學 管理學院學士班(主修：財務金融)(通過)
CAND_1575,113,cycu_acc,中原大學,會計學系,中原大學 會計學系,1117,賴*珊,正取,逢甲大學,逢甲大學 財稅學系,其他學校錄取,4,"中原大學 會計學系(通過); 淡江大學 會計學系(正取); 逢甲大學 會計學系(備取); 逢甲大學 財稅學系(正取,分發)"
CAND_1576,113,cycu_acc,中原大學,會計學系,中原大學 會計學系,1111,陳*廷,正取,國立暨南國際大學,國立暨南國際大學 財務金融學系,其他學校錄取,5,"中原大學 會計學系(通過); 國立東華大學 經濟學系(正取); 國立屏東大學 會計學系(正取); 國立暨南國際大學 財務金融學系(備取,分發); 國立聯合大學 財務金融學系(通過)"
CAND_1577,113,cycu_acc,中原大學,會計學系,中原大學 會計學系,1114,—,備取,—,—,未分發或放棄,4,中原大學 會計學系(通過); 中原大學 中原大學與美國天普大學商學管理雙學士學位學程(通過); 輔仁大學 企業管理學系(通過); 輔仁大學 金融與國際企業學系(通過)
CAND_1578,113,cycu_acc,中原大學,會計學系,中原大學 會計學系,1113,—,備取,東吳大學,東吳大學 經濟學系,其他學校錄取,3,"中原大學 會計學系(通過); 東吳大學 經濟學系(備取,分發); 中原大學 財務金融學系(備取)"
CAND_1579,113,cycu_acc,中原大學,會計學系,中原大學 會計學系,1111,—,備取,—,—,未分發或放棄,3,中原大學 會計學系(通過); 淡江大學 經濟學系(通過); 淡江大學 會計學系(通過)
CAND_1580,113,cycu_acc,中原大學,會計學系,中原大學 會計學系,1113,—,正取,東吳大學,東吳大學 資料科學系,其他學校錄取,4,"中原大學 會計學系(通過); 東吳大學 資料科學系(正取,分發); 淡江大學 會計學系(正取); 淡江大學 統計學系(正取)"
CAND_1581,113,cycu_acc,中原大學,會計學系,中原大學 會計學系,1115,—,備取,元智大學,元智大學 電機工程學系(乙組),其他學校錄取,5,"中原大學 會計學系(通過); 中原大學 環境工程學系(通過); 淡江大學 電機工程學系電機通訊組(正取); 淡江大學 航空太空工程學系(備取); 元智大學 電機工程學系(乙組)(備取,分發)"
CAND_1582,113,cycu_acc,中原大學,會計學系,中原大學 會計學系,1113,—,備取,—,—,未分發或放棄,2,中原大學 會計學系(通過); 中原大學 財務金融學系(通過)
CAND_1583,113,cycu_acc,中原大學,會計學系,中原大學 會計學系,1115,—,備取,—,—,未分發或放棄,3,中原大學 會計學系(通過); 東吳大學 財務工程與精算數學系(通過); 淡江大學 會計學系(通過)
CAND_1584,113,cycu_acc,中原大學,會計學系,中原大學 會計學系,1119,周*茹,備取,國立中央大學,國立中央大學 客家語文暨社會科學學系客家社會及政策組,其他學校錄取,5,"中原大學 會計學系(通過); 東海大學 日本語言文化學系(通過); 國立中央大學 客家語文暨社會科學學系客家社會及政策組(備取,分發); 國立中正大學 勞工關係學系(正取); 國立宜蘭大學 應用經濟與管理學系(正取)"
CAND_1585,113,cycu_acc,中原大學,會計學系,中原大學 會計學系,1115,*女,備取,逢甲大學,逢甲大學 財稅學系,其他學校錄取,3,"中原大學 會計學系(通過); 東海大學 會計學系(通過); 逢甲大學 財稅學系(備取,分發)"
CAND_1586,113,cycu_acc,中原大學,會計學系,中原大學 會計學系,1119,張*紜,備取,逢甲大學,逢甲大學 運輸與物流學系,其他學校錄取,5,"中原大學 會計學系(通過); 東海大學 會計學系(通過); 淡江大學 運輸管理學系(通過); 逢甲大學 運輸與物流學系(備取,分發); 逢甲大學 土地管理學系(正取)"
CAND_1587,113,cycu_acc,中原大學,會計學系,中原大學 會計學系,1113,郭*彣,備取,—,—,未分發或放棄,4,中原大學 會計學系(通過); 淡江大學 財務金融學系(正取); 逢甲大學 財務金融學系(正取); 國立雲林科技大學創意生活設計系(通過)
CAND_1588,113,cycu_acc,中原大學,會計學系,中原大學 會計學系,111,葵*達,正取,東海大學,東海大學 會計學系,其他學校錄取,4,"中原大學 會計學系(通過); 東吳大學 會計學系(備取); 東海大學 會計學系(正取,分發); 東海大學 財務金融學系(正取)"
CAND_1589,113,cycu_acc,中原大學,會計學系,中原大學 會計學系,1116,方*軒,正取,東吳大學,東吳大學 會計學系,其他學校錄取,6,"中原大學 會計學系(通過); 東吳大學 會計學系(正取,分發); 淡江大學 會計學系(通過); 輔仁大學 會計學系(正取); 國立彰化師範大學 會計學系(通過); 國立中正大學 會計與資訊科技學系(通過)"
CAND_1590,113,cycu_acc,中原大學,會計學系,中原大學 會計學系,1128,黄*碩,正取,東海大學,東海大學 會計學系,其他學校錄取,6,"中原大學 會計學系(通過); 中原大學 財務金融學系(通過); 東海大學 會計學系(正取,分發); 淡江大學 財務金融學系(備取); 淡江大學 會計學系(備取); 逢甲大學 會計學系(備取)"
CAND_1591,113,cycu_acc,中原大學,會計學系,中原大學 會計學系,1128,—,備取,—,—,未分發或放棄,4,中原大學 會計學系(通過); 東海大學 會計學系(通過); 逢甲大學 財稅學系(通過); 長榮大學 應用日語學系語文翻譯組(通過)
CAND_1592,113,cycu_acc,中原大學,會計學系,中原大學 會計學系,1126,林*女,備取,銘傳大學,銘傳大學 犯罪防治學系(桃園校區),其他學校錄取,5,"中原大學 會計學系(通過); 逢甲大學 會計學系(備取); 靜宜大學 法律學系(通過); 銘傳大學 犯罪防治學系(桃園校區)(備取,分發); 國立暨南國際大學 東南亞學系(通過)"
CAND_1593,113,cycu_acc,中原大學,會計學系,中原大學 會計學系,1124,—,備取,—,—,未分發或放棄,3,中原大學 會計學系(通過); 淡江大學 會計學系(通過); 中國文化大學 法律學系(通過)
CAND_1594,113,cycu_acc,中原大學,會計學系,中原大學 會計學系,1123,魏*,正取,逢甲大學,逢甲大學 通訊工程學系,其他學校錄取,6,"中原大學 會計學系(通過); 中原大學 工業與系統工程學系管理組(備取); 中原大學 電子工程學系(備取); 逢甲大學 工業工程與系統管理學系B組(正取); 逢甲大學 會計學系(正取); 逢甲大學 通訊工程學系(備取,分發)"
CAND_1595,113,cycu_acc,中原大學,會計學系,中原大學 會計學系,1129,—,備取,—,—,未分發或放棄,3,中原大學 會計學系(通過); 淡江大學 經濟學系(通過); 逢甲大學 國際經營與貿易學系(通過)
CAND_1596,113,cycu_acc,中原大學,會計學系,中原大學 會計學系,1126,—,備取,—,—,未分發或放棄,1,中原大學 會計學系(通過)
CAND_1597,113,cycu_acc,中原大學,會計學系,中原大學 會計學系,1123,—,備取,—,—,未分發或放棄,2,中原大學 會計學系(通過); 淡江大學 會計學系(通過)
CAND_1598,113,cycu_acc,中原大學,會計學系,中原大學 會計學系,1126,葵*湋,備取,—,—,未分發或放棄,3,中原大學 會計學系(通過); 逢甲大學 工業工程與系統管理學系A組(通過); 國立屏東科技大學財務金融國際學士學位學程(通過)
CAND_1599,113,cycu_acc,中原大學,會計學系,中原大學 會計學系,1124,姜*慈,正取,東海大學,東海大學 會計學系,其他學校錄取,6,"中原大學 會計學系(通過); 東海大學 會計學系(正取,分發); 逢甲大學 會計學系(通過); 靜宜大學 會計學系(通過); 國立屏東大學 會計學系(正取); 元智大學 管理學院學士班(主修：會計)(通過)"
CAND_1600,113,cycu_acc,中原大學,會計學系,中原大學 會計學系,1123,—,備取,—,—,未分發或放棄,2,中原大學 會計學系(通過); 逢甲大學 會計學系(通過)
CAND_1601,113,cycu_acc,中原大學,會計學系,中原大學 會計學系,1121,黄*,備取,中國文化大學,中國文化大學 韓國語文學系,其他學校錄取,5,"中原大學 會計學系(通過); 淡江大學 經濟學系(通過); 淡江大學 會計學系(備取); 逢甲大學 會計學系(備取); 中國文化大學 韓國語文學系(備取,分發)"
CAND_1602,113,cycu_acc,中原大學,會計學系,中原大學 會計學系,112,張*軒,備取,國立金門大學,國立金門大學 企業管理學系,其他學校錄取,4,"中原大學 會計學系(通過); 淡江大學 會計學系(通過); 逢甲大學 財稅學系(通過); 國立金門大學 企業管理學系(正取,分發)"
CAND_1603,113,cycu_acc,中原大學,會計學系,中原大學 會計學系,1128,—,備取,—,—,未分發或放棄,3,中原大學 會計學系(通過); 東吳大學 社會學系(通過); 輔仁大學 歷史學系(通過)
CAND_1604,113,cycu_acc,中原大學,會計學系,中原大學 會計學系,1136,—,備取,—,—,未分發或放棄,2,中原大學 會計學系(通過); 淡江大學 教育科技學系(通過)
CAND_1605,113,cycu_acc,中原大學,會計學系,中原大學 會計學系,113,—,備取,—,—,未分發或放棄,1,中原大學 會計學系(通過)
CAND_1606,113,cycu_acc,中原大學,會計學系,中原大學 會計學系,1132,—,備取,淡江大學,淡江大學 財務金融學系,其他學校錄取,5,"中原大學 會計學系(通過); 東吳大學 經濟學系(正取); 中原大學 財務金融學系(正取); 淡江大學 財務金融學系(正取,分發); 元智大學 管理學院學士班(主修：財務金融)(正取)"
CAND_1607,113,cycu_acc,中原大學,會計學系,中原大學 會計學系,1135,—,備取,淡江大學,淡江大學 會計學系,其他學校錄取,6,"中原大學 會計學系(通過); 東海大學 會計學系(通過); 淡江大學 經濟學系(備取); 淡江大學 會計學系(備取,分發); 元智大學 管理學院學士班(主修：財務金融)(通過); 元智大學 管理學院學士班(主修：會計)(通過)"
CAND_1608,113,cycu_acc,中原大學,會計學系,中原大學 會計學系,1136,—,備取,東吳大學,東吳大學 會計學系,其他學校錄取,6,"中原大學 會計學系(通過); 東吳大學 會計學系(備取,分發); 東吳大學 資訊管理學系(正取); 輔仁大學 會計學系(通過); 輔仁大學 資訊管理學系(通過); 輔仁大學 統計資訊學系(通過)"
CAND_1609,113,cycu_acc,中原大學,會計學系,中原大學 會計學系,1134,—,備取,—,—,未分發或放棄,5,中原大學 會計學系(通過); 淡江大學 統計學系(通過); 逢甲大學 統計學系商業大數據組(通過); 逢甲大學 財務金融學系(通過); 元智大學 資訊管理學系(通過)
CAND_1610,114,cycu_acc,中原大學,會計學系,中原大學 會計學系,1136,李*,正取,國立彰化師範大學,國立彰化師範大學 會計學系,其他學校錄取,5,"中原大學 會計學系(正取); 中原大學 企業管理學系工商管理組(正取); 國立彰化師範大學 企業管理學系(備取); 國立彰化師範大學 會計學系(備取,分發); 國立高雄大學 亞太工商管理學系企業管理組(通過)"
CAND_1611,114,cycu_acc,中原大學,會計學系,中原大學 會計學系,1108,張*庭,正取,東吳大學,東吳大學 會計學系,其他學校錄取,3,"中原大學 會計學系(正取); 東吳大學 會計學系(正取,分發); 輔仁大學 會計學系(備取)"
CAND_1612,114,cycu_acc,中原大學,會計學系,中原大學 會計學系,1125,林*哈,正取,逢甲大學,逢甲大學 會計學系,其他學校錄取,3,"中原大學 會計學系(正取); 東海大學 財務金融學系(備取); 逢甲大學 會計學系(正取,分發)"
CAND_1613,114,cycu_acc,中原大學,會計學系,中原大學 會計學系,1127,林*紜,正取,逢甲大學,逢甲大學 會計學系,其他學校錄取,5,"中原大學 會計學系(正取); 東吳大學 會計學系(備取); 東海大學 會計學系(正取); 逢甲大學 會計學系(正取,分發); 國立屏東大學 會計學系(正取)"
CAND_1614,114,cycu_acc,中原大學,會計學系,中原大學 會計學系,1117,—,正取,東吳大學,東吳大學 財務工程與精算數學系,其他學校錄取,3,"中原大學 會計學系(正取); 東吳大學 財務工程與精算數學系(正取,分發); 淡江大學 財務金融學系(正取)"
CAND_1615,114,cycu_acc,中原大學,會計學系,中原大學 會計學系,113,—,正取,—,—,未分發或放棄,1,中原大學 會計學系(正取)
CAND_1616,114,cycu_acc,中原大學,會計學系,中原大學 會計學系,111,郭*伶,正取,中原大學,中原大學 會計學系,原校系/本校留任,4,"中原大學 會計學系(正取,分發); 東海大學 會計學系(正取); 淡江大學 會計學系(正取); 逢甲大學 會計學系(正取)"
CAND_1617,114,cycu_acc,中原大學,會計學系,中原大學 會計學系,1115,彭*郡,正取,輔仁大學,輔仁大學 會計學系,其他學校錄取,4,"中原大學 會計學系(正取); 中原大學 企業管理學系服務業管理組(正取); 國立中央大學 企業管理學系(通過); 輔仁大學 會計學系(正取,分發)"
CAND_1618,114,cycu_acc,中原大學,會計學系,中原大學 會計學系,1116,陳*芮,正取,東吳大學,東吳大學 會計學系,其他學校錄取,6,"中原大學 會計學系(正取); 東吳大學 會計學系(正取,分發); 中原大學 財務金融學系(正取); 輔仁大學 會計學系(正取); 國立高雄科技大學會計資訊系(通過); 國立臺北護理健康大學護理系(通過)"
CAND_1619,114,cycu_acc,中原大學,會計學系,中原大學 會計學系,〇****OTT,陳*,正取,輔仁大學,輔仁大學 日本語文學系,其他學校錄取,5,"中原大學 會計學系(正取); 東吳大學 英文學系(通過); 東吳大學 日本語文學系(正取); 中原大學 財務金融學系(正取); 輔仁大學 日本語文學系(正取,分發)"
CAND_1620,114,cycu_acc,中原大學,會計學系,中原大學 會計學系,1113,許*,正取,國立中興大學,國立中興大學 歷史學系,其他學校錄取,6,"中原大學 會計學系(正取); 國立中興大學 歷史學系(備取,分發); 淡江大學 資訊傳播學系(正取); 逢甲大學 會計學系(正取); 輔仁大學 新聞傳播學系(正取); 國立中正大學 歷史學系(備取)"
CAND_1621,114,cycu_acc,中原大學,會計學系,中原大學 會計學系,1112,—,正取,東吳大學,東吳大學 會計學系,其他學校錄取,4,"中原大學 會計學系(正取); 東吳大學 會計學系(正取,分發); 東海大學 會計學系(正取); 淡江大學 會計學系(正取)"
CAND_1622,114,cycu_acc,中原大學,會計學系,中原大學 會計學系,1137,柯*德,正取,東海大學,東海大學 會計學系,其他學校錄取,4,"中原大學 會計學系(正取); 東海大學 會計學系(正取,分發); 逢甲大學 會計學系(正取); 輔仁大學 財經法律學系(備取)"
CAND_1623,114,cycu_acc,中原大學,會計學系,中原大學 會計學系,1115,彭*心,正取,中原大學,中原大學 會計學系,原校系/本校留任,6,"中原大學 會計學系(正取,分發); 中原大學 財經法律學系科技法組(通過); 東海大學 會計學系(正取); 逢甲大學 會計學系(正取); 國立東華大學 會計學系(通過); 國立聯合大學 財務金融學系(通過)"
CAND_1624,114,cycu_acc,中原大學,會計學系,中原大學 會計學系,1115,謝*永,正取,東吳大學,東吳大學 會計學系,其他學校錄取,4,"中原大學 會計學系(正取); 東吳大學 會計學系(正取,分發); 中原大學 財經法律學系科技法組(正取); 輔仁大學 會計學系(備取)"
CAND_1625,114,cycu_acc,中原大學,會計學系,中原大學 會計學系,1115,—,正取,中原大學,中原大學 會計學系,原校系/本校留任,3,"中原大學 會計學系(正取,分發); 中原大學 財務金融學系(正取); 國立嘉義大學 科技管理學系(通過)"
CAND_1626,114,cycu_acc,中原大學,會計學系,中原大學 會計學系,1119,賴*媛,正取,國立彰化師範大學,國立彰化師範大學 會計學系,其他學校錄取,6,"中原大學 會計學系(正取); 中原大學 財務金融學系(正取); 國立彰化師範大學 會計學系(備取,分發); 國立屏東科技大學財務金融國際學士學位學程(通過); 國立高雄科技大學金融系(備取); 國立臺中科技大學智慧生產工程系(通過)"
CAND_1627,114,cycu_acc,中原大學,會計學系,中原大學 會計學系,1103,—,正取,中原大學,中原大學 會計學系,原校系/本校留任,3,"中原大學 會計學系(正取,分發); 淡江大學 財務金融學系(正取); 淡江大學 會計學系(正取)"
CAND_1628,114,cycu_acc,中原大學,會計學系,中原大學 會計學系,1111,吳*妮,正取,中原大學,中原大學 會計學系,原校系/本校留任,4,"中原大學 會計學系(正取,分發); 東海大學 會計學系(正取); 淡江大學 會計學系(正取); 逢甲大學 會計學系(正取)"
CAND_1629,114,cycu_acc,中原大學,會計學系,中原大學 會計學系,1106,蘇*衡,正取,東吳大學,東吳大學 會計學系,其他學校錄取,4,"中原大學 會計學系(正取); 東吳大學 會計學系(正取,分發); 東吳大學 企業管理學系(正取); 輔仁大學 金融與國際企業學系(正取)"
CAND_1630,114,cycu_acc,中原大學,會計學系,中原大學 會計學系,1115,—,正取,中原大學,中原大學 會計學系,原校系/本校留任,6,"中原大學 會計學系(正取,分發); 中原大學 企業管理學系工商管理組(正取); 中原大學 國際經營與貿易學系(備取); 元智大學 管理學院學士班(主修：財務金融)(正取); 元智大學 管理學院學士班(主修：國際企業管理)(正取); 元智大學 管理學院學士班(主修：會計)(正取)"
CAND_1631,114,cycu_acc,中原大學,會計學系,中原大學 會計學系,1115,—,正取,中原大學,中原大學 會計學系,原校系/本校留任,5,"中原大學 會計學系(正取,分發); 東吳大學 經濟學系(通過); 中原大學 財務金融學系(正取); 淡江大學 會計學系(正取); 逢甲大學 會計學系(通過)"
CAND_1632,114,cycu_acc,中原大學,會計學系,中原大學 會計學系,1109,黄*凌,正取,東海大學,東海大學 會計學系,其他學校錄取,5,"中原大學 會計學系(正取); 東海大學 會計學系(正取,分發); 淡江大學 會計學系(通過); 國立東華大學 會計學系(正取); 銘傳大學 會計學系會計審計組(臺北校區)(正取)"
CAND_1633,114,cycu_acc,中原大學,會計學系,中原大學 會計學系,113,李*倩,正取,逢甲大學,逢甲大學 會計學系,其他學校錄取,3,"中原大學 會計學系(正取); 東海大學 財務金融學系(正取); 逢甲大學 會計學系(正取,分發)"
CAND_1634,114,cycu_acc,中原大學,會計學系,中原大學 會計學系,111,*宇,正取,中原大學,中原大學 財務金融學系,原校系/本校留任,5,"中原大學 會計學系(正取); 中原大學 財務金融學系(正取,分發); 輔仁大學 經濟學系(正取); 元智大學 管理學院學士班(主修：財務金融)(通過); 銘傳大學 企業管理學系企業管理組(臺北校區)(通過)"
CAND_1635,114,cycu_acc,中原大學,會計學系,中原大學 會計學系,1105,張*女,正取,東吳大學,東吳大學 財務工程與精算數學系,其他學校錄取,3,"中原大學 會計學系(正取); 東吳大學 財務工程與精算數學系(備取,分發); 輔仁大學 企業管理學系(備取)"
CAND_1636,114,cycu_acc,中原大學,會計學系,中原大學 會計學系,1102,江*,正取,中原大學,中原大學 會計學系,原校系/本校留任,6,"中原大學 會計學系(正取,分發); 中原大學 財務金融學系(正取); 逢甲大學 財務金融學系(備取); 國立屏東大學 財務金融學系(正取); 國立屏東大學 會計學系(正取); 國立高雄科技大學金融系(正取)"
CAND_1637,114,cycu_acc,中原大學,會計學系,中原大學 會計學系,1103,*茨,正取,逢甲大學,逢甲大學 都市計畫與空間資訊學系,其他學校錄取,3,"中原大學 會計學系(正取); 逢甲大學 會計學系(正取); 逢甲大學 都市計畫與空間資訊學系(正取,分發)"
CAND_1638,114,cycu_acc,中原大學,會計學系,中原大學 會計學系,1118,孫*,正取,中原大學,中原大學 會計學系,原校系/本校留任,3,"中原大學 會計學系(正取,分發); 逢甲大學 會計學系(正取); 逢甲大學 土地管理學系(備取)"
CAND_1639,114,cycu_acc,中原大學,會計學系,中原大學 會計學系,1112,—,正取,中原大學,中原大學 會計學系,原校系/本校留任,3,"中原大學 會計學系(正取,分發); 東海大學 會計學系(正取); 淡江大學 會計學系(正取)"
CAND_1640,114,cycu_acc,中原大學,會計學系,中原大學 會計學系,1115,*希,正取,中原大學,中原大學 會計學系,原校系/本校留任,4,"中原大學 會計學系(正取,分發); 逢甲大學 會計學系(正取); 長庚大學 資訊管理學系(備取); 國立勤益科技大學智慧自動化工程系(正取)"
CAND_1641,114,cycu_acc,中原大學,會計學系,中原大學 會計學系,1114,—,正取,中原大學,中原大學 會計學系,原校系/本校留任,1,"中原大學 會計學系(正取,分發)"
CAND_1642,114,cycu_acc,中原大學,會計學系,中原大學 會計學系,1118,陳*竹,正取,逢甲大學,逢甲大學 財務金融學系,其他學校錄取,4,"中原大學 會計學系(正取); 中原大學 財務金融學系(正取); 逢甲大學 經濟學系(正取); 逢甲大學 財務金融學系(備取,分發)"
CAND_1643,114,cycu_acc,中原大學,會計學系,中原大學 會計學系,111,—,正取,中原大學,中原大學 會計學系,原校系/本校留任,5,"中原大學 會計學系(正取,分發); 中原大學 企業管理學系服務業管理組(正取); 淡江大學 會計學系(正取); 元智大學 管理學院學士班(主修：國際企業管理)(通過); 元智大學 管理學院學士班(主修：會計)(正取)"
CAND_1644,114,cycu_acc,中原大學,會計學系,中原大學 會計學系,1122,黄*,正取,東海大學,東海大學 會計學系,其他學校錄取,7,"中原大學 會計學系(正取); 中原大學 財務金融學系(正取); 東海大學 會計學系(正取,分發); 淡江大學 會計學系(正取); 逢甲大學 建築專業學院學士班(正取); 國立高雄科技大學會計資訊系(備取); 朝陽科技大學建築系建築組(正取)"
CAND_1645,114,cycu_acc,中原大學,會計學系,中原大學 會計學系,1118,—,正取,中原大學,中原大學 會計學系,原校系/本校留任,4,"中原大學 會計學系(正取,分發); 淡江大學 財務金融學系(備取); 淡江大學 會計學系(備取); 逢甲大學 會計學系(通過)"
CAND_1646,114,cycu_acc,中原大學,會計學系,中原大學 會計學系,1112,盧*,正取,中原大學,中原大學 會計學系,原校系/本校留任,5,"中原大學 會計學系(正取,分發); 逢甲大學 會計學系(備取); 長庚大學 醫務管理學系(通過); 元智大學 管理學院學士班(主修：會計)(正取); 銘傳大學 會計學系會計審計組(臺北校區)(備取)"
CAND_1647,114,cycu_acc,中原大學,會計學系,中原大學 會計學系,〇****OTT,吳*臻,正取,國立東華大學,國立東華大學 經濟學系,其他學校錄取,7,"中原大學 會計學系(正取); 淡江大學 會計學系(正取); 逢甲大學 會計學系(正取); 逢甲大學 國際經營與貿易學系(正取); 國立東華大學 經濟學系(正取,分發); 國立暨南國際大學 經濟學系(備取); 國立高雄科技大學金融系(備取)"
CAND_1648,114,cycu_acc,中原大學,會計學系,中原大學 會計學系,1111,—,正取,淡江大學,淡江大學 會計學系,其他學校錄取,4,"中原大學 會計學系(正取); 淡江大學 會計學系(正取,分發); 淡江大學 運輸管理學系(通過); 國立中山大學 社會學系(通過)"
CAND_1649,114,cycu_acc,中原大學,會計學系,中原大學 會計學系,1101,*如,正取,輔仁大學,輔仁大學 會計學系,其他學校錄取,5,"中原大學 會計學系(正取); 淡江大學 會計學系(正取); 輔仁大學 會計學系(備取,分發); 國立臺北護理健康大學護理系(通過); 長庚科技大學護理系(林口校區)(通過)"
CAND_1650,114,cycu_acc,中原大學,會計學系,中原大學 會計學系,1115,*婷,正取,中原大學,中原大學 會計學系,原校系/本校留任,5,"中原大學 會計學系(正取,分發); 東吳大學 中國文學系(備取); 東海大學 會計學系(通過); 輔仁大學 中國文學系(備取); 元智大學 管理學院學士班(主修：會計)(通過)"
CAND_1651,114,cycu_acc,中原大學,會計學系,中原大學 會計學系,1118,孫*盈,正取,淡江大學,淡江大學 會計學系,其他學校錄取,5,"中原大學 會計學系(正取); 東吳大學 資訊管理學系(通過); 東海大學 會計學系(通過); 淡江大學 會計學系(備取,分發); 逢甲大學 會計學系(正取)"
CAND_1652,114,cycu_acc,中原大學,會計學系,中原大學 會計學系,1127,—,正取,中原大學,中原大學 會計學系,原校系/本校留任,3,"中原大學 會計學系(正取,分發); 淡江大學 會計學系(通過); 國立東華大學 會計學系(通過)"
CAND_1653,114,cycu_acc,中原大學,會計學系,中原大學 會計學系,1103,—,正取,中原大學,中原大學 會計學系,原校系/本校留任,1,"中原大學 會計學系(正取,分發)"
CAND_1654,114,cycu_acc,中原大學,會計學系,中原大學 會計學系,1116,—,正取,中原大學,中原大學 會計學系,原校系/本校留任,2,"中原大學 會計學系(正取,分發); 元智大學 應用外語學系(通過)"
CAND_1655,114,cycu_acc,中原大學,會計學系,中原大學 會計學系,1113,葵*,正取,中原大學,中原大學 會計學系,原校系/本校留任,4,"中原大學 會計學系(正取,分發); 東海大學 財務金融學系(正取); 逢甲大學 會計學系(正取); 逢甲大學 財務金融學系(正取)"
CAND_1656,114,cycu_acc,中原大學,會計學系,中原大學 會計學系,1108,—,正取,中原大學,中原大學 會計學系,原校系/本校留任,2,"中原大學 會計學系(正取,分發); 東吳大學 會計學系(備取)"
CAND_1657,114,cycu_acc,中原大學,會計學系,中原大學 會計學系,1103,葵*,正取,中原大學,中原大學 會計學系,原校系/本校留任,3,"中原大學 會計學系(正取,分發); 中原大學 企業管理學系工商管理組(備取); 逢甲大學 會計學系(備取)"
CAND_1658,114,cycu_acc,中原大學,會計學系,中原大學 會計學系,1128,—,正取,國立臺灣海洋大學,國立臺灣海洋大學 運輸科學系A組,其他學校錄取,5,"中原大學 會計學系(正取); 逢甲大學 會計學系(通過); 國立臺灣海洋大學 運輸科學系A組(備取,分發); 國立東華大學 會計學系(正取); 國立東華大學 財務金融學系(備取)"
CAND_1659,114,cycu_acc,中原大學,會計學系,中原大學 會計學系,1126,—,正取,中原大學,中原大學 會計學系,原校系/本校留任,2,"中原大學 會計學系(正取,分發); 世新大學 公共關係暨廣告學系(通過)"
CAND_1660,114,cycu_acc,中原大學,會計學系,中原大學 會計學系,1105,—,正取,中原大學,中原大學 會計學系,原校系/本校留任,4,"中原大學 會計學系(正取,分發); 東吳大學 企業管理學系(備取); 淡江大學 財務金融學系全球財務管理全英語學士班(備取); 淡江大學 會計學系(正取)"
CAND_1661,114,cycu_acc,中原大學,會計學系,中原大學 會計學系,1111,—,正取,中原大學,中原大學 會計學系,原校系/本校留任,2,"中原大學 會計學系(正取,分發); 元智大學 管理學院學士班(主修：國際企業管理)(正取)"
CAND_1662,114,cycu_acc,中原大學,會計學系,中原大學 會計學系,1112,—,正取,中原大學,中原大學 會計學系,原校系/本校留任,2,"中原大學 會計學系(正取,分發); 中原大學 應用外國語文學系(備取)"
CAND_1663,114,cycu_acc,中原大學,會計學系,中原大學 會計學系,1112,魏*旭,正取,中原大學,中原大學 會計學系,原校系/本校留任,4,"中原大學 會計學系(正取,分發); 淡江大學 會計學系(正取); 逢甲大學 會計學系(正取); 逢甲大學 財務金融學系(正取)"
CAND_1664,114,cycu_acc,中原大學,會計學系,中原大學 會計學系,1118,葵*依,正取,中原大學,中原大學 會計學系,原校系/本校留任,4,"中原大學 會計學系(正取,分發); 淡江大學 企業管理學系(通過); 逢甲大學 會計學系(正取); 逢甲大學 企業管理學系(正取)"
CAND_1665,114,cycu_acc,中原大學,會計學系,中原大學 會計學系,1112,—,正取,中原大學,中原大學 會計學系,原校系/本校留任,4,"中原大學 會計學系(正取,分發); 東吳大學 經濟學系(通過); 東海大學 會計學系(通過); 輔仁大學 會計學系(通過)"
CAND_1666,114,cycu_acc,中原大學,會計學系,中原大學 會計學系,1115,—,正取,中原大學,中原大學 財務金融學系,原校系/本校留任,7,"中原大學 會計學系(正取); 中原大學 財務金融學系(正取,分發); 淡江大學 會計學系(正取); 國立高雄科技大學財政稅務系(通過); 南臺科技大學財務金融系(通過); 臺北城市科技大學企業管理系(通過); 亞東科技大學醫務管理系(通過)"
CAND_1667,114,cycu_acc,中原大學,會計學系,中原大學 會計學系,1106,—,正取,東海大學,東海大學 會計學系,其他學校錄取,5,"中原大學 會計學系(正取); 東海大學 會計學系(正取,分發); 淡江大學 會計學系(正取); 逢甲大學 會計學系(正取); 國立宜蘭大學 應用經濟與管理學系(通過)"
CAND_1668,114,cycu_acc,中原大學,會計學系,中原大學 會計學系,1105,—,正取,中原大學,中原大學 會計學系,原校系/本校留任,6,"中原大學 會計學系(正取,分發); 中原大學 資訊管理學系(備取); 淡江大學 會計學系(正取); 國立臺北商業大學數位多媒體設計系(桃園校區)(備取); 明志科技大學視覺傳達設計系(通過); 元培醫事科技大學醫學影像暨放射技術系(通過)"
CAND_1669,114,cycu_acc,中原大學,會計學系,中原大學 會計學系,1117,—,正取,中原大學,中原大學 會計學系,原校系/本校留任,6,"中原大學 會計學系(正取,分發); 中原大學 企業管理學系工商管理組(正取); 元智大學 管理學院學士班(主修：數位行銷與人力資源)(正取); 元智大學 管理學院學士班(主修：財務金融)(通過); 元智大學 管理學院學士班(主修：國際企業管理)(正取); 元智大學 管理學院學士班(主修：會計)(正取)"
CAND_1670,114,cycu_acc,中原大學,會計學系,中原大學 會計學系,1111,—,正取,淡江大學,淡江大學 會計學系,其他學校錄取,3,"中原大學 會計學系(正取); 淡江大學 經濟學系(通過); 淡江大學 會計學系(正取,分發)"
CAND_1671,114,cycu_acc,中原大學,會計學系,中原大學 會計學系,1104,—,正取,東吳大學,東吳大學 企業管理學系,其他學校錄取,3,"中原大學 會計學系(正取); 東吳大學 會計學系(備取); 東吳大學 企業管理學系(備取,分發)"
CAND_1672,114,cycu_acc,中原大學,會計學系,中原大學 會計學系,1114,管*,正取,國立東華大學,國立東華大學 會計學系,其他學校錄取,5,"中原大學 會計學系(正取); 中原大學 財務金融學系(備取); 國立東華大學 會計學系(正取,分發); 元智大學 管理學院學士班(主修：財務金融)(備取); 元智大學 管理學院學士班(主修：會計)(正取)"
CAND_1673,114,cycu_acc,中原大學,會計學系,中原大學 會計學系,1113,林*葳,正取,中原大學,中原大學 會計學系,原校系/本校留任,4,"中原大學 會計學系(正取,分發); 中原大學 國際經營與貿易學系(備取); 淡江大學 國際企業學系經貿管理組(正取); 輔仁大學 經濟學系(正取)"
CAND_1674,114,cycu_acc,中原大學,會計學系,中原大學 會計學系,1121,林*潔,正取,逢甲大學,逢甲大學 會計學系,其他學校錄取,4,"中原大學 會計學系(正取); 東海大學 會計學系(備取); 逢甲大學 會計學系(備取,分發); 逢甲大學 財稅學系(正取)"
CAND_1675,114,cycu_acc,中原大學,會計學系,中原大學 會計學系,1122,鄭*城,正取,中原大學,中原大學 會計學系,原校系/本校留任,3,"中原大學 會計學系(正取,分發); 東吳大學 哲學系(通過); 輔仁大學 哲學系(正取)"
CAND_1676,114,cycu_acc,中原大學,會計學系,中原大學 會計學系,1105,章*,正取,銘傳大學,銘傳大學 會計學系稅務規劃組(臺北校區),其他學校錄取,4,"中原大學 會計學系(正取); 中原大學 財經法律學系科技法組(備取); 逢甲大學 會計學系(正取); 銘傳大學 會計學系稅務規劃組(臺北校區)(備取,分發)"
CAND_1677,114,cycu_acc,中原大學,會計學系,中原大學 會計學系,1126,*婷,正取,中原大學,中原大學 會計學系,原校系/本校留任,3,"中原大學 會計學系(正取,分發); 淡江大學 會計學系(備取); 實踐大學 會計學系永續會計組(臺北校區)(備取)"
CAND_1678,114,cycu_acc,中原大學,會計學系,中原大學 會計學系,112,林*宇,正取,中原大學,中原大學 會計學系,原校系/本校留任,3,"中原大學 會計學系(正取,分發); 淡江大學 會計學系(正取); 逢甲大學 會計學系(正取)"
CAND_1679,114,cycu_acc,中原大學,會計學系,中原大學 會計學系,1103,—,正取,淡江大學,淡江大學 會計學系,其他學校錄取,4,"中原大學 會計學系(正取); 淡江大學 會計學系(備取,分發); 銘傳大學 企業管理學系品牌行銷組(臺北校區)(通過); 銘傳大學 會計學系會計審計組(臺北校區)(通過)"
CAND_1680,114,cycu_acc,中原大學,會計學系,中原大學 會計學系,1104,蕭*口,正取,東吳大學,東吳大學 社會工作學系,其他學校錄取,6,"中原大學 會計學系(正取); 東吳大學 社會學系(正取); 東吳大學 社會工作學系(正取,分發); 中原大學 企業管理學系工商管理組(正取); 中原大學 財務金融學系(正取); 銘傳大學 法律學系(臺北校區)(備取)"
CAND_1681,114,cycu_acc,中原大學,會計學系,中原大學 會計學系,1111,*哲,正取,逢甲大學,逢甲大學 土地管理學系,其他學校錄取,5,"中原大學 會計學系(正取); 淡江大學 資訊管理學系(備取); 逢甲大學 財稅學系(正取); 逢甲大學 土地管理學系(正取,分發); 元智大學 管理學院學士班(主修：國際企業管理)(正取)"
CAND_1682,114,cycu_acc,中原大學,會計學系,中原大學 會計學系,1124,—,正取,中原大學,中原大學 會計學系,原校系/本校留任,3,"中原大學 會計學系(正取,分發); 東海大學 會計學系(正取); 東海大學 社會工作學系(通過)"
CAND_1683,114,cycu_acc,中原大學,會計學系,中原大學 會計學系,111,鄭*女,正取,中原大學,中原大學 會計學系,原校系/本校留任,8,"中原大學 會計學系(正取,分發); 東吳大學 財務工程與精算數學系(通過); 淡江大學 會計學系(正取); 銘傳大學 財務金融學系(臺北校區)(正取); 銘傳大學 金融學系(桃園校區)(正取); 國立雲林科技大學文化資產維護系(通過); 國立高雄科技大學水產養殖系(通過); 國立臺北護理健康大學護理系(通過)"
CAND_1684,114,cycu_acc,中原大學,會計學系,中原大學 會計學系,1112,楊*懿,正取,中原大學,中原大學 會計學系,原校系/本校留任,5,"中原大學 會計學系(正取,分發); 淡江大學 會計學系(正取); 中國文化大學 法律學系(正取); 銘傳大學 法律學系(臺北校區)(備取); 銘傳大學 財金法律學系(臺北校區)(正取)"
CAND_1685,114,cycu_acc,中原大學,會計學系,中原大學 會計學系,1111,邱*倫,正取,中原大學,中原大學 會計學系,原校系/本校留任,3,"中原大學 會計學系(正取,分發); 淡江大學 會計學系(正取); 逢甲大學 會計學系(備取)"
CAND_1686,114,cycu_acc,中原大學,會計學系,中原大學 會計學系,1113,—,正取,中原大學,中原大學 財務金融學系,原校系/本校留任,2,"中原大學 會計學系(正取); 中原大學 財務金融學系(備取,分發)"
CAND_1687,114,cycu_acc,中原大學,會計學系,中原大學 會計學系,1114,—,正取,中原大學,中原大學 財務金融學系,原校系/本校留任,3,"中原大學 會計學系(正取); 中原大學 財務金融學系(備取,分發); 元智大學 管理學院學士班(主修：財務金融)(正取)"
CAND_1688,114,cycu_acc,中原大學,會計學系,中原大學 會計學系,1112,許*大,正取,中原大學,中原大學 會計學系,原校系/本校留任,4,"中原大學 會計學系(正取,分發); 淡江大學 會計學系(備取); 銘傳大學 財務金融學系(臺北校區)(備取); 世新大學 資訊管理學系人工智慧暨科技傳播組(備取)"
CAND_1689,114,cycu_acc,中原大學,會計學系,中原大學 會計學系,1112,林*潔,正取,逢甲大學,逢甲大學 會計學系,其他學校錄取,3,"中原大學 會計學系(正取); 淡江大學 會計學系(通過); 逢甲大學 會計學系(正取,分發)"
CAND_1690,114,cycu_acc,中原大學,會計學系,中原大學 會計學系,1112,—,正取,東海大學,東海大學 會計學系,其他學校錄取,5,"中原大學 會計學系(正取); 東海大學 會計學系(正取,分發); 東海大學 財務金融學系(備取); 東海大學 統計學系(決策管理組)(通過); 逢甲大學 財稅學系(通過)"
CAND_1691,114,cycu_acc,中原大學,會計學系,中原大學 會計學系,111,—,正取,中原大學,中原大學 財務金融學系,原校系/本校留任,3,"中原大學 會計學系(正取); 東吳大學 經濟學系(正取); 中原大學 財務金融學系(正取,分發)"
CAND_1692,114,cycu_acc,中原大學,會計學系,中原大學 會計學系,1115,—,正取,中原大學,中原大學 會計學系,原校系/本校留任,2,"中原大學 會計學系(正取,分發); 元智大學 管理學院學士班(英語專班)(通過)"
CAND_1693,114,cycu_acc,中原大學,會計學系,中原大學 會計學系,1128,陳*恩,正取,中原大學,中原大學 會計學系,原校系/本校留任,4,"中原大學 會計學系(正取,分發); 東海大學 會計學系(備取); 逢甲大學 會計學系(備取); 元智大學 管理學院學士班(主修：會計)(正取)"
CAND_1694,114,cycu_acc,中原大學,會計學系,中原大學 會計學系,1124,葵*臻,正取,中原大學,中原大學 會計學系,原校系/本校留任,3,"中原大學 會計學系(正取,分發); 東海大學 企業管理學系(備取); 逢甲大學 會計學系(備取)"
CAND_1695,114,cycu_acc,中原大學,會計學系,中原大學 會計學系,1136,*貽,正取,中原大學,中原大學 會計學系,原校系/本校留任,5,"中原大學 會計學系(正取,分發); 東海大學 會計學系(正取); 東海大學 統計學系(巨量資料管理組)(備取); 逢甲大學 統計學系大數據分析與市場決策組(備取); 逢甲大學 財務工程與精算學士學位學程(備取)"
CAND_1696,114,cycu_acc,中原大學,會計學系,中原大學 會計學系,1114,—,備取,中原大學,中原大學 會計學系,原校系/本校留任,3,"中原大學 會計學系(備取,分發); 東海大學 會計學系(備取); 元智大學 管理學院學士班(主修：會計)(正取)"
CAND_1697,114,cycu_acc,中原大學,會計學系,中原大學 會計學系,1121,林*富,備取,東吳大學,東吳大學 會計學系,其他學校錄取,11,"中原大學 會計學系(備取); 東吳大學 會計學系(備取,分發); 東海大學 財務金融學系(備取); 逢甲大學 財務金融學系(正取); 銘傳大學 會計學系會計審計組(臺北校區)(備取); 南臺科技大學財務金融系(通過); 樹德科技大學金融管理系(通過); 龍華科技大學財務金融系(通過); 嶺東科技大學會計資訊系(通過); 德明財經科技大學會計資訊系(通過); 致理科技大學會計資訊系(通過)"
CAND_1698,114,cycu_acc,中原大學,會計學系,中原大學 會計學系,1112,—,備取,中原大學,中原大學 財務金融學系,原校系/本校留任,4,"中原大學 會計學系(備取); 中原大學 財務金融學系(備取,分發); 元智大學 管理學院學士班(主修：財務金融)(通過); 世新大學 財務金融學系(通過)"
CAND_1699,114,cycu_acc,中原大學,會計學系,中原大學 會計學系,1101,—,備取,中原大學,中原大學 會計學系,原校系/本校留任,3,"中原大學 會計學系(備取,分發); 淡江大學 財務金融學系(備取); 淡江大學 會計學系(正取)"
CAND_1700,114,cycu_acc,中原大學,會計學系,中原大學 會計學系,1121,葉*,備取,中原大學,中原大學 會計學系,原校系/本校留任,4,"中原大學 會計學系(備取,分發); 中原大學 財務金融學系(正取); 東海大學 會計學系(通過); 逢甲大學 財稅學系(正取)"
CAND_1701,114,cycu_acc,中原大學,會計學系,中原大學 會計學系,1109,—,備取,淡江大學,淡江大學 會計學系,其他學校錄取,2,"中原大學 會計學系(備取); 淡江大學 會計學系(備取,分發)"
CAND_1702,114,cycu_acc,中原大學,會計學系,中原大學 會計學系,1106,朱*槿,備取,元智大學,元智大學 管理學院學士班(主修：會計),其他學校錄取,3,"中原大學 會計學系(備取); 元智大學 管理學院學士班(主修：會計)(正取,分發); 銘傳大學 會計學系稅務規劃組(臺北校區)(備取)"
CAND_1703,114,cycu_acc,中原大學,會計學系,中原大學 會計學系,1107,蘇*,備取,輔仁大學,輔仁大學 統計資訊學系,其他學校錄取,4,"中原大學 會計學系(備取); 東吳大學 經濟學系(正取); 輔仁大學 統計資訊學系(正取,分發); 長庚大學 數位金融科技學系(乙組)(備取)"
CAND_1704,114,cycu_acc,中原大學,會計學系,中原大學 會計學系,1112,—,備取,中原大學,中原大學 會計學系,原校系/本校留任,5,"中原大學 會計學系(備取,分發); 中原大學 土木工程學系(通過); 東海大學 會計學系(通過); 東海大學 經濟學系(通過); 逢甲大學 經濟學系(通過)"
CAND_1705,114,cycu_acc,中原大學,會計學系,中原大學 會計學系,1131,—,備取,淡江大學,淡江大學 電機工程學系電機通訊組,其他學校錄取,2,"中原大學 會計學系(備取); 淡江大學 電機工程學系電機通訊組(正取,分發)"
CAND_1706,114,cycu_acc,中原大學,會計學系,中原大學 會計學系,1107,—,備取,中原大學,中原大學 會計學系,原校系/本校留任,4,"中原大學 會計學系(備取,分發); 淡江大學 運輸管理學系(正取); 國立高雄科技大學供應鏈管理系(通過); 文藻外語大學西班牙語文系(通過)"
CAND_1707,114,cycu_acc,中原大學,會計學系,中原大學 會計學系,1139,沈*兴,備取,中原大學,中原大學 會計學系,原校系/本校留任,3,"中原大學 會計學系(備取,分發); 東海大學 會計學系(備取); 逢甲大學 會計學系(備取)"
CAND_1708,114,cycu_acc,中原大學,會計學系,中原大學 會計學系,1123,黄*永,備取,逢甲大學,逢甲大學 會計學系,其他學校錄取,3,"中原大學 會計學系(備取); 東海大學 會計學系(正取); 逢甲大學 會計學系(正取,分發)"
CAND_1709,114,cycu_acc,中原大學,會計學系,中原大學 會計學系,1105,*丞,備取,東海大學,東海大學 資訊管理學系,其他學校錄取,9,"中原大學 會計學系(備取); 東海大學 資訊管理學系(備取,分發); 逢甲大學 會計學系(備取); 逢甲大學 企業管理學系(備取); 銘傳大學 資訊管理學系人工智慧應用組(桃園校區)(正取); 朝陽科技大學資訊管理系數位多媒體組(正取); 嶺東科技大學數位媒體設計系(通過); 台南應用科技大學流行音樂系(通過); 致理科技大學資訊管理系(通過)"
CAND_1710,114,cycu_acc,中原大學,會計學系,中原大學 會計學系,1128,*貞,備取,中原大學,中原大學 會計學系,原校系/本校留任,3,"中原大學 會計學系(備取,分發); 中原大學 國際經營與貿易學系(備取); 國立屏東大學 國際經營與貿易學系(備取)"
CAND_1711,114,cycu_acc,中原大學,會計學系,中原大學 會計學系,1131,黄*鈞,備取,淡江大學,淡江大學 會計學系,其他學校錄取,6,"中原大學 會計學系(備取); 中原大學 生物醫學工程學系(備取); 淡江大學 會計學系(備取,分發); 世新大學 財務金融學系(備取); 國立高雄科技大學工業工程與管理系(通過); 國立臺中科技大學智慧生產工程系(備取)"
CAND_1712,114,cycu_acc,中原大學,會計學系,中原大學 會計學系,1121,陳*儀,備取,逢甲大學,逢甲大學 財稅學系,其他學校錄取,6,"中原大學 會計學系(備取); 東海大學 會計學系(備取); 淡江大學 會計學系(通過); 逢甲大學 財稅學系(備取,分發); 靜宜大學 會計學系(備取); 中信金融管理學院 財務金融學系(正取)"
CAND_1713,114,cycu_acc,中原大學,會計學系,中原大學 會計學系,1116,—,備取,中原大學,中原大學 會計學系,原校系/本校留任,4,"中原大學 會計學系(備取,分發); 元智大學 管理學院學士班(主修：數位行銷與人力資源)(通過); 元智大學 管理學院學士班(主修：會計)(正取); 亞洲大學 會計與資訊學系(備取)"
CAND_1714,114,cycu_acc,中原大學,會計學系,中原大學 會計學系,1111,吳*,備取,中原大學,中原大學 會計學系,原校系/本校留任,5,"中原大學 會計學系(備取,分發); 淡江大學 經濟學系(通過); 淡江大學 會計學系(備取); 逢甲大學 會計學系(備取); 銘傳大學 財務金融學系(臺北校區)(通過)"
CAND_1715,114,cycu_acc,中原大學,會計學系,中原大學 會計學系,1936,林*,備取,中原大學,中原大學 會計學系,原校系/本校留任,6,"中原大學 會計學系(備取,分發); 中原大學 財務金融學系(備取); 東海大學 會計學系(通過); 逢甲大學 財務金融學系(通過); 國立聯合大學 財務金融學系(正取); 國立高雄科技大學會計資訊系(通過)"
CAND_1716,114,cycu_acc,中原大學,會計學系,中原大學 會計學系,1121,—,備取,中原大學,中原大學 財務金融學系,原校系/本校留任,5,"中原大學 會計學系(備取); 中原大學 企業管理學系高科技業管理組(備取); 中原大學 財務金融學系(正取,分發); 淡江大學 運輸管理學系(通過); 元智大學 管理學院學士班(主修：財務金融)(正取)"
CAND_1717,114,cycu_acc,中原大學,會計學系,中原大學 會計學系,1112,張*恩,備取,逢甲大學,逢甲大學 會計學系,其他學校錄取,3,"中原大學 會計學系(備取); 逢甲大學 會計學系(正取,分發); 元智大學 管理學院學士班(主修：會計)(正取)"
CAND_1718,114,cycu_acc,中原大學,會計學系,中原大學 會計學系,1118,—,備取,中原大學,中原大學 會計學系,原校系/本校留任,3,"中原大學 會計學系(備取,分發); 中原大學 資訊工程學系(通過); 淡江大學 歐洲語文學系西文組(備取)"
CAND_1719,114,cycu_acc,中原大學,會計學系,中原大學 會計學系,1119,楊*,備取,淡江大學,淡江大學 會計學系,其他學校錄取,3,"中原大學 會計學系(備取); 淡江大學 會計學系(正取,分發); 銘傳大學 會計學系會計審計組(臺北校區)(正取)"
CAND_1720,114,cycu_acc,中原大學,會計學系,中原大學 會計學系,1104,—,備取,中原大學,中原大學 會計學系,原校系/本校留任,2,"中原大學 會計學系(備取,分發); 元智大學 管理學院學士班(主修：會計)(備取)"
CAND_1721,114,cycu_acc,中原大學,會計學系,中原大學 會計學系,1103,林*,備取,逢甲大學,逢甲大學 會計學系,其他學校錄取,2,"中原大學 會計學系(備取); 逢甲大學 會計學系(備取,分發)"
CAND_1722,114,cycu_acc,中原大學,會計學系,中原大學 會計學系,1106,闕*哲,備取,中原大學,中原大學 會計學系,原校系/本校留任,4,"中原大學 會計學系(備取,分發); 中原大學 心理學系(備取); 東海大學 會計學系(正取); 逢甲大學 會計學系(備取)"
CAND_1723,114,cycu_acc,中原大學,會計學系,中原大學 會計學系,1114,—,備取,中原大學,中原大學 會計學系,原校系/本校留任,1,"中原大學 會計學系(備取,分發)"
CAND_1724,114,cycu_acc,中原大學,會計學系,中原大學 會計學系,1101,李*育,備取,輔仁大學,輔仁大學 企業管理學系,其他學校錄取,3,"中原大學 會計學系(備取); 中原大學 國際經營與貿易學系(備取); 輔仁大學 企業管理學系(備取,分發)"
CAND_1725,114,cycu_acc,中原大學,會計學系,中原大學 會計學系,1101,—,備取,中原大學,中原大學 會計學系,原校系/本校留任,1,"中原大學 會計學系(備取,分發)"
CAND_1726,114,cycu_acc,中原大學,會計學系,中原大學 會計學系,1105,—,備取,中原大學,中原大學 會計學系,原校系/本校留任,1,"中原大學 會計學系(備取,分發)"
CAND_1727,114,cycu_acc,中原大學,會計學系,中原大學 會計學系,1115,陳*庭,備取,中原大學,中原大學 企業管理學系高科技業管理組,原校系/本校留任,4,"中原大學 會計學系(備取); 東吳大學 社會學系(備取); 中原大學 企業管理學系高科技業管理組(正取,分發); 銘傳大學 企業管理學系品牌行銷組(臺北校區)(備取)"
CAND_1728,114,cycu_acc,中原大學,會計學系,中原大學 會計學系,1112,吳*珍,備取,中原大學,中原大學 會計學系,原校系/本校留任,3,"中原大學 會計學系(備取,分發); 逢甲大學 會計學系(備取); 元智大學 管理學院學士班(主修：會計)(通過)"
CAND_1729,114,cycu_acc,中原大學,會計學系,中原大學 會計學系,1103,吳*,備取,銘傳大學,銘傳大學 會計學系會計審計組(臺北校區),其他學校錄取,4,"中原大學 會計學系(備取); 銘傳大學 會計學系會計審計組(臺北校區)(正取,分發); 銘傳大學 會計學系稅務規劃組(臺北校區)(正取); 實踐大學 會計學系會計審計組(臺北校區)(備取)"
CAND_1730,114,cycu_acc,中原大學,會計學系,中原大學 會計學系,1112,—,備取,中原大學,中原大學 會計學系,原校系/本校留任,2,"中原大學 會計學系(備取,分發); 國立聯合大學 財務金融學系(通過)"
CAND_1731,114,cycu_acc,中原大學,會計學系,中原大學 會計學系,1114,鄒*,備取,淡江大學,淡江大學 運輸管理學系,其他學校錄取,4,"中原大學 會計學系(備取); 淡江大學 運輸管理學系(正取,分發); 國立臺灣海洋大學 海洋經營管理學士學位學程(備取); 元智大學 工業工程與管理學系(備取)"
CAND_1732,114,cycu_acc,中原大學,會計學系,中原大學 會計學系,1129,—,備取,東海大學,東海大學 會計學系,其他學校錄取,3,"中原大學 會計學系(備取); 東海大學 會計學系(備取,分發); 銘傳大學 會計學系會計審計組(臺北校區)(通過)"
CAND_1733,114,cycu_acc,中原大學,會計學系,中原大學 會計學系,1119,—,備取,中原大學,中原大學 會計學系,原校系/本校留任,6,"中原大學 會計學系(備取,分發); 中原大學 應用數學系(通過); 中原大學 財務金融學系(備取); 東海大學 會計學系(備取); 國立東華大學 社會學系(通過); 國立高雄科技大學會計資訊系(通過)"
CAND_1734,114,cycu_acc,中原大學,會計學系,中原大學 會計學系,1101,史*瑄,備取,淡江大學,淡江大學 會計學系,其他學校錄取,6,"中原大學 會計學系(備取); 東吳大學 社會學系(備取); 淡江大學 經濟學系(備取); 淡江大學 會計學系(備取,分發); 銘傳大學 犯罪防治學系(桃園校區)(正取); 銘傳大學 金融學系(桃園校區)(正取)"
CAND_1735,114,cycu_acc,中原大學,會計學系,中原大學 會計學系,1113,鄭*恩,備取,淡江大學,淡江大學 會計學系,其他學校錄取,7,"中原大學 會計學系(備取); 淡江大學 會計學系(備取,分發); 淡江大學 資訊管理學系(通過); 逢甲大學 會計學系(備取); 逢甲大學 土地管理學系(通過); 國立高雄科技大學會計資訊系(通過); 龍華科技大學財務金融系(通過)"
CAND_1736,114,cycu_acc,中原大學,會計學系,中原大學 會計學系,1116,—,備取,中原大學,中原大學 會計學系,原校系/本校留任,4,"中原大學 會計學系(備取,分發); 淡江大學 會計學系(通過); 元智大學 管理學院學士班(主修：財務金融)(備取); 元智大學 管理學院學士班(主修：會計)(正取)"
CAND_1737,114,cycu_acc,中原大學,會計學系,中原大學 會計學系,1113,宗*凱,備取,輔仁大學,輔仁大學 企業管理學系,其他學校錄取,7,"中原大學 會計學系(備取); 東吳大學 經濟學系(正取); 東吳大學 企業管理學系(備取); 逢甲大學 會計學系(備取); 輔仁大學 企業管理學系(備取,分發); 輔仁大學 經濟學系(備取); 國立高雄科技大學會計資訊系(通過)"
CAND_1738,114,cycu_acc,中原大學,會計學系,中原大學 會計學系,1105,李*,備取,中原大學,中原大學 會計學系,原校系/本校留任,7,"中原大學 會計學系(備取,分發); 淡江大學 會計學系(正取); 淡江大學 資訊管理學系(正取); 大同大學 事業與資訊經營學系(正取); 元智大學 管理學院學士班(主修：會計)(備取); 元智大學 資訊管理學系(正取); 國立高雄科技大學會計資訊系(備取)"
CAND_1739,114,cycu_acc,中原大學,會計學系,中原大學 會計學系,1113,—,備取,中原大學,中原大學 會計學系,原校系/本校留任,2,"中原大學 會計學系(備取,分發); 銘傳大學 資訊管理學系人工智慧應用組(桃園校區)(通過)"
CAND_1740,114,cycu_acc,中原大學,會計學系,中原大學 會計學系,1127,簡*宇,備取,國立屏東大學,國立屏東大學 商業大數據學系,其他學校錄取,7,"中原大學 會計學系(備取); 國立屏東大學 商業大數據學系(備取,分發); 元智大學 管理學院學士班(主修：財務金融)(備取); 元智大學 管理學院學士班(主修：會計)(備取); 南臺科技大學工業管理與資訊系工業管理組(通過); 南臺科技大學財務金融系(備取); 龍華科技大學財務金融系(通過)"
CAND_1741,114,cycu_acc,中原大學,會計學系,中原大學 會計學系,1122,張*,備取,中原大學,中原大學 會計學系,原校系/本校留任,2,"中原大學 會計學系(備取,分發); 逢甲大學 會計學系(備取)"
CAND_1742,114,cycu_acc,中原大學,會計學系,中原大學 會計學系,1119,—,備取,中原大學,中原大學 財務金融學系,原校系/本校留任,5,"中原大學 會計學系(備取); 東吳大學 中國文學系(備取); 中原大學 財務金融學系(備取,分發); 淡江大學 風險管理與保險學系(正取); 銘傳大學 會計學系稅務規劃組(臺北校區)(通過)"
CAND_1743,114,cycu_acc,中原大學,會計學系,中原大學 會計學系,1111,—,備取,中原大學,中原大學 會計學系,原校系/本校留任,3,"中原大學 會計學系(備取,分發); 淡江大學 會計學系(備取); 元智大學 管理學院學士班(主修：財務金融)(備取)"
CAND_1744,114,cycu_acc,中原大學,會計學系,中原大學 會計學系,1105,—,備取,中原大學,中原大學 會計學系,原校系/本校留任,3,"中原大學 會計學系(備取,分發); 淡江大學 財務金融學系(通過); 逢甲大學 室內設計學士學位學程(通過)"
CAND_1745,114,cycu_acc,中原大學,會計學系,中原大學 會計學系,1128,朱*華,備取,逢甲大學,逢甲大學 會計學系,其他學校錄取,2,"中原大學 會計學系(備取); 逢甲大學 會計學系(備取,分發)"
CAND_1746,114,cycu_acc,中原大學,會計學系,中原大學 會計學系,1114,林*閎,備取,淡江大學,淡江大學 會計學系,其他學校錄取,5,"中原大學 會計學系(備取); 淡江大學 會計學系(備取,分發); 逢甲大學 會計學系(備取); 元智大學 管理學院學士班(主修：數位行銷與人力資源)(通過); 元智大學 管理學院學士班(主修：會計)(正取)"
CAND_1747,114,cycu_acc,中原大學,會計學系,中原大學 會計學系,1113,—,備取,中原大學,中原大學 會計學系,原校系/本校留任,4,"中原大學 會計學系(備取,分發); 中原大學 企業管理學系工商管理組(備取); 東海大學 會計學系(備取); 元智大學 管理學院學士班(主修：會計)(正取)"
CAND_1748,114,cycu_acc,中原大學,會計學系,中原大學 會計學系,1104,紀*欣,備取,中原大學,中原大學 會計學系,原校系/本校留任,3,"中原大學 會計學系(備取,分發); 淡江大學 會計學系(備取); 銘傳大學 法律學系(臺北校區)(備取)"
CAND_1749,114,cycu_acc,中原大學,會計學系,中原大學 會計學系,1111,陳*煌,備取,中原大學,中原大學 會計學系,原校系/本校留任,6,"中原大學 會計學系(備取,分發); 東海大學 統計學系(決策管理組)(正取); 淡江大學 風險管理與保險學系(正取); 元智大學 管理學院學士班(主修：會計)(正取); 銘傳大學 會計學系會計審計組(臺北校區)(正取); 銘傳大學 會計學系稅務規劃組(臺北校區)(備取)"
CAND_1750,114,cycu_acc,中原大學,會計學系,中原大學 會計學系,1124,鄭*,備取,逢甲大學,逢甲大學 會計學系,其他學校錄取,4,"中原大學 會計學系(備取); 逢甲大學 會計學系(備取,分發); 逢甲大學 風險管理與保險學系(正取); 靜宜大學 會計學系(通過)"
CAND_1751,114,cycu_acc,中原大學,會計學系,中原大學 會計學系,1117,張*榕,備取,逢甲大學,逢甲大學 會計學系,其他學校錄取,5,"中原大學 會計學系(備取); 逢甲大學 會計學系(備取,分發); 靜宜大學 會計學系(通過); 國立中山大學 劇場藝術學系(通過); 世新大學 廣播電視電影學系電視組(備取)"
CAND_1752,114,cycu_acc,中原大學,會計學系,中原大學 會計學系,1131,簡*霆,備取,中原大學,中原大學 會計學系,原校系/本校留任,6,"中原大學 會計學系(備取,分發); 東海大學 會計學系(備取); 淡江大學 會計學系(備取); 淡江大學 公共行政學系(備取); 國立東華大學 教育行政與管理學系(通過); 實踐大學 財務金融學系(臺北校區)(備取)"
CAND_1753,114,cycu_acc,中原大學,會計學系,中原大學 會計學系,1131,潘*真,備取,中原大學,中原大學 會計學系,原校系/本校留任,3,"中原大學 會計學系(備取,分發); 淡江大學 會計學系(正取); 逢甲大學 經濟學系(備取)"
CAND_1754,114,cycu_acc,中原大學,會計學系,中原大學 會計學系,1104,高*動,備取,東吳大學,東吳大學 經濟學系,其他學校錄取,4,"中原大學 會計學系(備取); 東吳大學 經濟學系(備取,分發); 淡江大學 會計學系(通過); 輔仁大學 經濟學系(備取)"
CAND_1755,114,cycu_acc,中原大學,會計學系,中原大學 會計學系,1116,陳*,備取,中原大學,中原大學 會計學系,原校系/本校留任,5,"中原大學 會計學系(備取,分發); 逢甲大學 會計學系(備取); 元智大學 管理學院學士班(主修：國際企業管理)(備取); 元智大學 管理學院學士班(主修：會計)(備取); 銘傳大學 金融學系(桃園校區)(備取)"
CAND_1756,114,cycu_acc,中原大學,會計學系,中原大學 會計學系,1127,*岑,備取,中原大學,中原大學 會計學系,原校系/本校留任,4,"中原大學 會計學系(備取,分發); 東海大學 經濟學系(正取); 淡江大學 經濟學系(通過); 國立屏東大學 會計學系(備取)"
CAND_1757,114,cycu_acc,中原大學,會計學系,中原大學 會計學系,1114,—,備取,中原大學,中原大學 會計學系,原校系/本校留任,4,"中原大學 會計學系(備取,分發); 中原大學 企業管理學系服務業管理組(通過); 中原大學 財務金融學系(正取); 元智大學 管理學院學士班(主修：數位行銷與人力資源)(正取)"
CAND_1758,114,cycu_acc,中原大學,會計學系,中原大學 會計學系,1101,吳*昕,備取,逢甲大學,逢甲大學 室內設計學士學位學程,其他學校錄取,4,"中原大學 會計學系(備取); 逢甲大學 室內設計學士學位學程(備取,分發); 國立高雄大學 工藝與創意設計學系(通過); 國立雲林科技大學創意生活設計系(通過)"
CAND_1759,114,cycu_acc,中原大學,會計學系,中原大學 會計學系,1115,黄*𨫋,備取,國立臺灣體育運動大學,國立臺灣體育運動大學 運動事業管理學系,其他學校錄取,8,"中原大學 會計學系(備取); 東海大學 餐旅管理學系(正取); 國立臺中教育大學 體育學系非運動專長組(備取); 國立臺灣體育運動大學 運動事業管理學系(正取,分發); 亞洲大學 財務金融學系智能投資組(備取); 朝陽科技大學建築系室內設計組(通過); 弘光科技大學運動休閒系(通過); 修平科技大學數位媒體設計系(通過)"
CAND_1760,114,cycu_acc,中原大學,會計學系,中原大學 會計學系,1121,—,備取,中原大學,中原大學 會計學系,原校系/本校留任,2,"中原大學 會計學系(備取,分發); 亞洲大學 財務金融學系智能投資組(正取)"
CAND_1761,114,cycu_acc,中原大學,會計學系,中原大學 會計學系,1115,—,備取,中原大學,中原大學 會計學系,原校系/本校留任,2,"中原大學 會計學系(備取,分發); 亞洲大學 會計與資訊學系(正取)"
CAND_1762,114,cycu_acc,中原大學,會計學系,中原大學 會計學系,1118,*妤,備取,淡江大學,淡江大學 經濟學系,其他學校錄取,5,"中原大學 會計學系(備取); 淡江大學 經濟學系(備取,分發); 銘傳大學 財務金融學系(臺北校區)(備取); 世新大學 財務金融學系(備取); 世新大學 經濟學系(備取)"
CAND_1763,114,cycu_acc,中原大學,會計學系,中原大學 會計學系,1113,—,備取,中原大學,中原大學 會計學系,原校系/本校留任,1,"中原大學 會計學系(備取,分發)"
CAND_1764,114,cycu_acc,中原大學,會計學系,中原大學 會計學系,1128,李*,備取,亞洲大學,亞洲大學 財經法律學系,其他學校錄取,5,"中原大學 會計學系(備取); 淡江大學 會計學系(通過); 靜宜大學 法律學系(正取); 亞洲大學 會計與資訊學系(正取); 亞洲大學 財經法律學系(正取,分發)"
CAND_1765,114,cycu_acc,中原大學,會計學系,中原大學 會計學系,1113,—,備取,中原大學,中原大學 會計學系,原校系/本校留任,2,"中原大學 會計學系(備取,分發); 淡江大學 會計學系(通過)"
CAND_1766,114,cycu_acc,中原大學,會計學系,中原大學 會計學系,1107,葉*曜,備取,中原大學,中原大學 會計學系,原校系/本校留任,3,"中原大學 會計學系(備取,分發); 輔仁大學 經濟學系(備取); 國立高雄師範大學 事業經營學系(備取)"
CAND_1767,114,cycu_acc,中原大學,會計學系,中原大學 會計學系,111,徐*亨,備取,淡江大學,淡江大學 會計學系,其他學校錄取,4,"中原大學 會計學系(備取); 淡江大學 會計學系(備取,分發); 逢甲大學 會計學系(備取); 元智大學 管理學院學士班(主修：會計)(通過)"
CAND_1768,114,cycu_acc,中原大學,會計學系,中原大學 會計學系,1102,陳*恩,備取,實踐大學,實踐大學 法律學系(臺北校區),其他學校錄取,6,"中原大學 會計學系(備取); 東吳大學 社會學系(備取); 元智大學 社會暨政策科學學系(正取); 銘傳大學 犯罪防治學系(桃園校區)(正取); 實踐大學 法律學系(臺北校區)(備取,分發); 實踐大學 風險管理與保險學系(臺北校區)(通過)"
CAND_1769,114,cycu_acc,中原大學,會計學系,中原大學 會計學系,1115,*亨,備取,東吳大學,東吳大學 經濟學系,其他學校錄取,5,"中原大學 會計學系(備取); 東吳大學 經濟學系(備取,分發); 輔仁大學 統計資訊學系(通過); 銘傳大學 會計學系會計審計組(臺北校區)(正取); 銘傳大學 財務金融學系(臺北校區)(正取)"
CAND_1770,114,cycu_acc,中原大學,會計學系,中原大學 會計學系,1135,楊*誠,備取,中原大學,中原大學 會計學系,原校系/本校留任,2,"中原大學 會計學系(備取,分發); 逢甲大學 財稅學系(備取)"
CAND_1771,114,cycu_acc,中原大學,會計學系,中原大學 會計學系,〇****OTT,—,備取,中原大學,中原大學 會計學系,原校系/本校留任,3,"中原大學 會計學系(備取,分發); 輔仁大學 數學系應用數學組(通過); 中山醫學大學 醫療產業科技管理學系(通過)"
CAND_1772,114,cycu_acc,中原大學,會計學系,中原大學 會計學系,1101,陳*汝,備取,中原大學,中原大學 會計學系,原校系/本校留任,3,"中原大學 會計學系(備取,分發); 逢甲大學 財稅學系(備取); 國立宜蘭大學 應用經濟與管理學系(備取)"
CAND_1773,114,cycu_acc,中原大學,會計學系,中原大學 會計學系,1103,—,備取,中原大學,中原大學 會計學系,原校系/本校留任,3,"中原大學 會計學系(備取,分發); 中原大學 企業管理學系高科技業管理組(備取); 銘傳大學 建築學系(桃園校區)(通過)"
CAND_1774,114,cycu_acc,中原大學,會計學系,中原大學 會計學系,1119,—,備取,—,—,未分發或放棄,3,中原大學 會計學系(備取); 淡江大學 資訊與圖書館學系(通過); 亞洲大學 財經法律學系(通過)
CAND_1775,114,cycu_acc,中原大學,會計學系,中原大學 會計學系,1107,吳*育,備取,實踐大學,實踐大學 食品營養與保健生技學系(臺北校區),其他學校錄取,3,"中原大學 會計學系(備取); 輔仁大學 營養科學系(備取); 實踐大學 食品營養與保健生技學系(臺北校區)(備取,分發)"
CAND_1776,114,cycu_acc,中原大學,會計學系,中原大學 會計學系,1105,李*軒,備取,元智大學,元智大學 管理學院學士班(主修：會計),其他學校錄取,3,"中原大學 會計學系(備取); 元智大學 管理學院學士班(主修：會計)(備取,分發); 實踐大學 會計學系永續會計組(臺北校區)(備取)"
CAND_1777,114,cycu_acc,中原大學,會計學系,中原大學 會計學系,1105,林*光,備取,銘傳大學,銘傳大學 會計學系稅務規劃組(臺北校區),其他學校錄取,4,"中原大學 會計學系(備取); 臺北市立大學 休閒運動管理學系(通過); 銘傳大學 會計學系稅務規劃組(臺北校區)(備取,分發); 國立臺北護理健康大學護理系(通過)"
CAND_1778,114,cycu_acc,中原大學,會計學系,中原大學 會計學系,1109,陳*叡,備取,國立東華大學,國立東華大學 會計學系,其他學校錄取,2,"中原大學 會計學系(備取); 國立東華大學 會計學系(正取,分發)"
CAND_1779,114,cycu_acc,中原大學,會計學系,中原大學 會計學系,1119,—,備取,—,—,未分發或放棄,3,中原大學 會計學系(備取); 淡江大學 統計與資料科學學系(通過); 靜宜大學 財務工程學系(通過)
CAND_1780,114,cycu_acc,中原大學,會計學系,中原大學 會計學系,1117,—,備取,—,—,未分發或放棄,6,中原大學 會計學系(備取); 元智大學 工業工程與管理學系(通過); 國立臺北護理健康大學護理系(通過); 明志科技大學化學工程系(通過); 長庚科技大學護理系(林口校區)(通過); 致理科技大學國際貿易系(通過)
CAND_1781,114,cycu_acc,中原大學,會計學系,中原大學 會計學系,1124,黄*哈,備取,逢甲大學,逢甲大學 財稅學系,其他學校錄取,3,"中原大學 會計學系(備取); 逢甲大學 財稅學系(備取,分發); 逢甲大學 土地管理學系(備取)"
CAND_1782,114,cycu_acc,中原大學,會計學系,中原大學 會計學系,1117,徐*秝,備取,逢甲大學,逢甲大學 會計學系,其他學校錄取,5,"中原大學 會計學系(備取); 東吳大學 經濟學系(備取); 逢甲大學 會計學系(備取,分發); 逢甲大學 國際經營與貿易學系(備取); 中山醫學大學 醫療產業科技管理學系(備取)"
CAND_1783,114,cycu_acc,中原大學,會計學系,中原大學 會計學系,1107,陳*,備取,淡江大學,淡江大學 會計學系,其他學校錄取,3,"中原大學 會計學系(備取); 淡江大學 會計學系(備取,分發); 實踐大學 財務金融學系(臺北校區)(備取)"
CAND_1784,114,cycu_acc,中原大學,會計學系,中原大學 會計學系,1118,維*欽,備取,國立政治大學,國立政治大學 應用數學系,其他學校錄取,5,"中原大學 會計學系(備取); 國立臺灣師範大學 數學系(備取); 國立中興大學 土木工程學系(備取); 國立政治大學 應用數學系(備取,分發); 國立陽明交通大學 應用數學系(通過)"
CAND_1785,114,cycu_acc,中原大學,會計學系,中原大學 會計學系,1118,陳*,備取,長庚大學,長庚大學 數位金融科技學系(乙組),其他學校錄取,5,"中原大學 會計學系(備取); 東吳大學 經濟學系(備取); 長庚大學 數位金融科技學系(乙組)(備取,分發); 國立東華大學 經濟學系(正取); 慈濟大學 醫學檢驗生物技術學系(通過)"
CAND_1786,114,cycu_acc,中原大學,會計學系,中原大學 會計學系,1116,—,備取,元智大學,元智大學 管理學院學士班(主修：會計),其他學校錄取,4,"中原大學 會計學系(備取); 淡江大學 統計與資料科學學系(備取); 元智大學 管理學院學士班(主修：數位行銷與人力資源)(正取); 元智大學 管理學院學士班(主修：會計)(備取,分發)"
CAND_1787,114,cycu_acc,中原大學,會計學系,中原大學 會計學系,1118,—,備取,—,—,未分發或放棄,2,中原大學 會計學系(備取); 銘傳大學 數位媒體設計學系(桃園校區)(通過)
CAND_1788,114,cycu_acc,中原大學,會計學系,中原大學 會計學系,1128,林*恩,備取,逢甲大學,逢甲大學 財稅學系,其他學校錄取,4,"中原大學 會計學系(備取); 逢甲大學 財稅學系(備取,分發); 逢甲大學 經濟學系(備取); 國立宜蘭大學 應用經濟與管理學系(備取)"
CAND_1789,114,cycu_acc,中原大學,會計學系,中原大學 會計學系,1114,楊*威,備取,逢甲大學,逢甲大學 經濟學系,其他學校錄取,5,"中原大學 會計學系(備取); 淡江大學 經濟學系(備取); 逢甲大學 經濟學系(備取,分發); 逢甲大學 風險管理與保險學系(備取); 元智大學 管理學院學士班(主修：數位行銷與人力資源)(備取)"
CAND_1790,114,cycu_acc,中原大學,會計學系,中原大學 會計學系,1118,謝*,備取,—,—,未分發或放棄,2,中原大學 會計學系(備取); 銘傳大學 人工智慧應用學系(桃園校區)(備取)
CAND_1791,114,cycu_acc,中原大學,會計學系,中原大學 會計學系,1124,林*鋆,備取,國立屏東大學,國立屏東大學 會計學系,其他學校錄取,4,"中原大學 會計學系(備取); 逢甲大學 財稅學系(正取); 國立東華大學 經濟學系(備取); 國立屏東大學 會計學系(備取,分發)"
CAND_1792,114,cycu_acc,中原大學,會計學系,中原大學 會計學系,1916,林*軒,備取,元智大學,元智大學 管理學院學士班(英語專班),其他學校錄取,3,"中原大學 會計學系(備取); 大同大學 事業與資訊經營學系(正取); 元智大學 管理學院學士班(英語專班)(備取,分發)"
CAND_1793,114,cycu_acc,中原大學,會計學系,中原大學 會計學系,1114,何*琇,備取,長庚大學,長庚大學 工商管理學系,其他學校錄取,4,"中原大學 會計學系(備取); 長庚大學 工商管理學系(備取,分發); 國立宜蘭大學 應用經濟與管理學系(備取); 長庚科技大學護理系(林口校區)(備取)"
CAND_1794,114,cycu_acc,中原大學,會計學系,中原大學 會計學系,1123,翁*桓,備取,逢甲大學,逢甲大學 會計學系,其他學校錄取,7,"中原大學 會計學系(備取); 逢甲大學 會計學系(備取,分發); 國立高雄師範大學 工業科技教育學系能源與冷凍空調組(備取); 國立東華大學 電機工程學系智慧系統組(備取); 國立屏東大學 會計學系(備取); 國立高雄科技大學能源與冷凍空調工程系(通過); 國立勤益科技大學冷凍空調與能源系(通過)"
CAND_1795,114,cycu_acc,中原大學,會計學系,中原大學 會計學系,1109,簡*,備取,逢甲大學,逢甲大學 財稅學系,其他學校錄取,4,"中原大學 會計學系(備取); 淡江大學 應用數學與數據科學學系(通過); 逢甲大學 財稅學系(備取,分發); 國立東華大學 經濟學系(通過)"
CAND_1796,114,cycu_acc,中原大學,會計學系,中原大學 會計學系,1117,—,備取,—,—,未分發或放棄,1,中原大學 會計學系(備取)
CAND_1797,114,cycu_acc,中原大學,會計學系,中原大學 會計學系,1105,—,備取,銘傳大學,銘傳大學 會計學系會計審計組(臺北校區),其他學校錄取,2,"中原大學 會計學系(備取); 銘傳大學 會計學系會計審計組(臺北校區)(正取,分發)"
CAND_1798,114,cycu_acc,中原大學,會計學系,中原大學 會計學系,1105,—,備取,—,—,未分發或放棄,2,中原大學 會計學系(備取); 中國文化大學 會計學系(通過)
CAND_1799,114,cycu_acc,中原大學,會計學系,中原大學 會計學系,1101,*明,備取,淡江大學,淡江大學 統計與資料科學學系,其他學校錄取,3,"中原大學 會計學系(備取); 淡江大學 統計與資料科學學系(正取,分發); 銘傳大學 資訊工程學系(桃園校區)(備取)"
CAND_1800,114,cycu_acc,中原大學,會計學系,中原大學 會計學系,1111,黄*汯,備取,—,—,未分發或放棄,6,中原大學 會計學系(備取); 銘傳大學 會計學系稅務規劃組(臺北校區)(備取); 銘傳大學 建築學系(桃園校區)(通過); 實踐大學 會計學系永續會計組(臺北校區)(通過); 龍華科技大學財務金融系(通過); 致理科技大學會計資訊系(通過)
CAND_1801,114,cycu_acc,中原大學,會計學系,中原大學 會計學系,1128,—,備取,—,—,未分發或放棄,1,中原大學 會計學系(備取)
CAND_1802,114,cycu_acc,中原大學,會計學系,中原大學 會計學系,1105,*祐,備取,銘傳大學,銘傳大學 會計學系稅務規劃組(臺北校區),其他學校錄取,4,"中原大學 會計學系(備取); 逢甲大學 財稅學系(備取); 逢甲大學 經濟學系(備取); 銘傳大學 會計學系稅務規劃組(臺北校區)(備取,分發)"
CAND_1803,114,cycu_acc,中原大學,會計學系,中原大學 會計學系,1113,—,備取,—,—,未分發或放棄,3,中原大學 會計學系(備取); 逢甲大學 經濟學系(通過); 元智大學 社會暨政策科學學系(通過)
CAND_1804,114,cycu_acc,中原大學,會計學系,中原大學 會計學系,1115,龔*希,備取,銘傳大學,銘傳大學 會計學系會計審計組(臺北校區),其他學校錄取,5,"中原大學 會計學系(備取); 銘傳大學 企業管理學系品牌行銷組(臺北校區)(備取); 銘傳大學 會計學系會計審計組(臺北校區)(正取,分發); 銘傳大學 會計學系稅務規劃組(臺北校區)(備取); 朝陽科技大學工業工程與管理系(備取)"
CAND_1805,114,cycu_acc,中原大學,會計學系,中原大學 會計學系,1116,*緯,備取,銘傳大學,銘傳大學 觀光事業學系(桃園校區),其他學校錄取,3,"中原大學 會計學系(備取); 銘傳大學 觀光事業學系(桃園校區)(正取,分發); 世新大學 觀光學系旅遊暨休閒事業管理組(備取)"
CAND_1806,114,cycu_acc,中原大學,會計學系,中原大學 會計學系,1103,—,備取,—,—,未分發或放棄,4,中原大學 會計學系(通過); 東海大學 會計學系(通過); 淡江大學 會計學系(通過); 銘傳大學 會計學系會計審計組(臺北校區)(通過)
CAND_1807,114,cycu_acc,中原大學,會計學系,中原大學 會計學系,1106,—,備取,淡江大學,淡江大學 運輸管理學系,其他學校錄取,7,"中原大學 會計學系(通過); 淡江大學 運輸管理學系(備取,分發); 靜宜大學 財務工程學系(通過); 銘傳大學 都市設計與永續發展學系都市更新與土地開發組(桃園校區)(通過); 國立虎尾科技大學車輛工程系(通過); 國立澎湖科技大學電信工程系(通過); 國立臺北護理健康大學資訊管理系(通過)"
CAND_1808,114,cycu_acc,中原大學,會計學系,中原大學 會計學系,1102,—,備取,—,—,未分發或放棄,1,中原大學 會計學系(通過)
CAND_1809,114,cycu_acc,中原大學,會計學系,中原大學 會計學系,1105,—,備取,—,—,未分發或放棄,4,中原大學 會計學系(通過); 東吳大學 企業管理學系(通過); 東吳大學 財務工程與精算數學系(通過); 輔仁大學 企業管理學系(通過)
CAND_1810,114,cycu_acc,中原大學,會計學系,中原大學 會計學系,〇****OTT,—,備取,—,—,未分發或放棄,3,中原大學 會計學系(通過); 東吳大學 社會工作學系(通過); 中原大學 企業管理學系工商管理組(通過)
CAND_1811,114,cycu_acc,中原大學,會計學系,中原大學 會計學系,1106,—,備取,—,—,未分發或放棄,1,中原大學 會計學系(通過)
CAND_1812,114,cycu_acc,中原大學,會計學系,中原大學 會計學系,1105,—,備取,—,—,未分發或放棄,3,中原大學 會計學系(通過); 東吳大學 會計學系(通過); 國立臺灣科技大學管理學士班(通過)
CAND_1813,114,cycu_acc,中原大學,會計學系,中原大學 會計學系,〇****OTT,—,備取,—,—,未分發或放棄,2,中原大學 會計學系(通過); 逢甲大學 會計學系(通過)
CAND_1814,114,cycu_acc,中原大學,會計學系,中原大學 會計學系,1109,—,備取,長庚大學,長庚大學 工商管理學系,其他學校錄取,3,"中原大學 會計學系(通過); 長庚大學 工商管理學系(正取,分發); 國立臺灣體育運動大學 運動資訊與傳播學系(通過)"
CAND_1815,114,cycu_acc,中原大學,會計學系,中原大學 會計學系,1108,—,備取,淡江大學,淡江大學 運輸管理學系,其他學校錄取,4,"中原大學 會計學系(通過); 東海大學 經濟學系(通過); 淡江大學 運輸管理學系(正取,分發); 逢甲大學 財稅學系(通過)"
CAND_1816,114,cycu_acc,中原大學,會計學系,中原大學 會計學系,1106,林*,正取,東吳大學,東吳大學 會計學系,其他學校錄取,6,"中原大學 會計學系(通過); 東吳大學 會計學系(備取,分發); 東吳大學 企業管理學系(通過); 淡江大學 會計學系(正取); 輔仁大學 會計學系(備取); 銘傳大學 會計學系會計審計組(臺北校區)(正取)"
CAND_1817,114,cycu_acc,中原大學,會計學系,中原大學 會計學系,1107,—,備取,—,—,未分發或放棄,2,中原大學 會計學系(通過); 國立高雄科技大學環境與安全衛生工程系(通過)
CAND_1818,114,cycu_acc,中原大學,會計學系,中原大學 會計學系,1104,—,備取,—,—,未分發或放棄,1,中原大學 會計學系(通過)
CAND_1819,114,cycu_acc,中原大學,會計學系,中原大學 會計學系,1102,—,備取,淡江大學,淡江大學 統計與資料科學學系,其他學校錄取,3,"中原大學 會計學系(通過); 淡江大學 統計與資料科學學系(備取,分發); 國立宜蘭大學 應用經濟與管理學系(通過)"
CAND_1820,114,cycu_acc,中原大學,會計學系,中原大學 會計學系,1107,—,正取,淡江大學,淡江大學 會計學系,其他學校錄取,3,"中原大學 會計學系(通過); 淡江大學 經濟學系(正取); 淡江大學 會計學系(正取,分發)"
CAND_1821,114,cycu_acc,中原大學,會計學系,中原大學 會計學系,1105,—,備取,—,—,未分發或放棄,4,中原大學 會計學系(通過); 中原大學 財務金融學系(通過); 元智大學 管理學院學士班(主修：財務金融)(通過); 元智大學 管理學院學士班(主修：會計)(通過)
CAND_1822,114,cycu_acc,中原大學,會計學系,中原大學 會計學系,1106,—,備取,東吳大學,東吳大學 財務工程與精算數學系,其他學校錄取,2,"中原大學 會計學系(通過); 東吳大學 財務工程與精算數學系(備取,分發)"
CAND_1823,114,cycu_acc,中原大學,會計學系,中原大學 會計學系,1102,—,正取,東海大學,東海大學 會計學系,其他學校錄取,3,"中原大學 會計學系(通過); 東海大學 會計學系(正取,分發); 東海大學 經濟學系(通過)"
CAND_1824,114,cycu_acc,中原大學,會計學系,中原大學 會計學系,1103,—,備取,東吳大學,東吳大學 財務工程與精算數學系,其他學校錄取,5,"中原大學 會計學系(通過); 東吳大學 日本語文學系(通過); 東吳大學 財務工程與精算數學系(備取,分發); 淡江大學 財務金融學系(備取); 淡江大學 會計學系(通過)"
CAND_1825,114,cycu_acc,中原大學,會計學系,中原大學 會計學系,1105,—,備取,元智大學,元智大學 管理學院學士班(主修：財務金融),其他學校錄取,4,"中原大學 會計學系(通過); 中原大學 國際經營與貿易學系(正取); 元智大學 管理學院學士班(主修：財務金融)(正取,分發); 元智大學 管理學院學士班(主修：國際企業管理)(正取)"
CAND_1826,114,cycu_acc,中原大學,會計學系,中原大學 會計學系,1101,—,備取,—,—,未分發或放棄,1,中原大學 會計學系(通過)
CAND_1827,114,cycu_acc,中原大學,會計學系,中原大學 會計學系,1101,—,備取,—,—,未分發或放棄,7,中原大學 會計學系(通過); 逢甲大學 澳洲墨爾本皇家理工大學商學與創新雙學士學位學程(通過); 輔仁大學 企業管理學系(通過); 輔仁大學 資訊管理學系(通過); 國立高雄科技大學金融系(通過); 朝陽科技大學企業管理系(通過); 龍華科技大學數位行銷暨跨境商務系(通過)
CAND_1828,114,cycu_acc,中原大學,會計學系,中原大學 會計學系,1106,徐*倢,備取,國立臺北大學,國立臺北大學 會計學系,其他學校錄取,3,"中原大學 會計學系(通過); 東吳大學 會計學系(備取); 國立臺北大學 會計學系(備取,分發)"
CAND_1829,114,cycu_acc,中原大學,會計學系,中原大學 會計學系,1101,—,備取,—,—,未分發或放棄,2,中原大學 會計學系(通過); 淡江大學 會計學系(通過)
CAND_1830,114,cycu_acc,中原大學,會計學系,中原大學 會計學系,1106,陳*,備取,輔仁大學,輔仁大學 歷史學系,其他學校錄取,6,"中原大學 會計學系(通過); 東海大學 歷史學系(通過); 淡江大學 歷史學系(備取); 輔仁大學 歷史學系(備取,分發); 輔仁大學 人文與社區創新學士學位學程(通過); 銘傳大學 金融學系(桃園校區)(通過)"
CAND_1831,114,cycu_acc,中原大學,會計學系,中原大學 會計學系,1107,陳*𨧤,備取,中原大學,中原大學 企業管理學系工商管理組,原校系/本校留任,9,"中原大學 會計學系(通過); 東吳大學 經濟學系(通過); 中原大學 企業管理學系工商管理組(備取,分發); 逢甲大學 財務工程與精算學士學位學程(通過); 輔仁大學 資訊管理學系(備取); 國立高雄科技大學風險管理與保險系(通過); 國立勤益科技大學工業工程與管理系(通過); 致理科技大學財務金融系(通過); 亞東科技大學工業管理系(通過)"
CAND_1832,114,cycu_acc,中原大學,會計學系,中原大學 會計學系,〇****OTT,—,備取,—,—,未分發或放棄,2,中原大學 會計學系(通過); 中國文化大學 法律學系(通過)
CAND_1833,114,cycu_acc,中原大學,會計學系,中原大學 會計學系,1107,—,備取,—,—,未分發或放棄,6,中原大學 會計學系(通過); 銘傳大學 會計學系會計審計組(臺北校區)(通過); 淡江大學 會計學系(通過); 輔仁大學 會計學系(通過); 世新大學 財務金融學系(通過); 實踐大學 會計學系會計審計組(臺北校區)(通過)
CAND_1834,114,cycu_acc,中原大學,會計學系,中原大學 會計學系,1117,—,備取,東吳大學,東吳大學 經濟學系,其他學校錄取,3,"中原大學 會計學系(通過); 東吳大學 經濟學系(備取,分發); 東海大學 經濟學系(通過)"
CAND_1835,114,cycu_acc,中原大學,會計學系,中原大學 會計學系,111,—,備取,—,—,未分發或放棄,3,中原大學 會計學系(通過); 中原大學 國際經營與貿易學系(通過); 淡江大學 財務金融學系全球財務管理全英語學士班(通過)
CAND_1836,114,cycu_acc,中原大學,會計學系,中原大學 會計學系,1113,—,備取,—,—,未分發或放棄,1,中原大學 會計學系(通過)
CAND_1837,114,cycu_acc,中原大學,會計學系,中原大學 會計學系,1114,—,備取,—,—,未分發或放棄,1,中原大學 會計學系(通過)
CAND_1838,114,cycu_acc,中原大學,會計學系,中原大學 會計學系,1116,—,備取,—,—,未分發或放棄,2,中原大學 會計學系(通過); 國立東華大學 會計學系(通過)
CAND_1839,114,cycu_acc,中原大學,會計學系,中原大學 會計學系,1115,—,備取,中原大學,中原大學 企業管理學系工商管理組,原校系/本校留任,4,"中原大學 會計學系(通過); 中原大學 企業管理學系工商管理組(備取,分發); 國立勤益科技大學資訊工程系(通過); 國立臺中科技大學智慧生產工程系(通過)"
CAND_1840,114,cycu_acc,中原大學,會計學系,中原大學 會計學系,1112,*心,備取,國立體育大學,國立體育大學 適應體育學系,其他學校錄取,2,"中原大學 會計學系(通過); 國立體育大學 適應體育學系(正取,分發)"
CAND_1841,114,cycu_acc,中原大學,會計學系,中原大學 會計學系,1115,—,備取,—,—,未分發或放棄,1,中原大學 會計學系(通過)
CAND_1842,114,cycu_acc,中原大學,會計學系,中原大學 會計學系,1118,蘇*佑,備取,東吳大學,東吳大學 會計學系,其他學校錄取,5,"中原大學 會計學系(通過); 東吳大學 會計學系(備取,分發); 輔仁大學 會計學系(備取); 國立彰化師範大學 會計學系(通過); 元智大學 管理學院學士班(主修：會計)(通過)"
CAND_1843,114,cycu_acc,中原大學,會計學系,中原大學 會計學系,1116,—,備取,—,—,未分發或放棄,3,中原大學 會計學系(通過); 逢甲大學 會計學系(通過); 逢甲大學 經濟學系(通過)
CAND_1844,114,cycu_acc,中原大學,會計學系,中原大學 會計學系,1116,—,備取,—,—,未分發或放棄,2,中原大學 會計學系(通過); 中原大學 財務金融學系(通過)
CAND_1845,114,cycu_acc,中原大學,會計學系,中原大學 會計學系,1115,—,備取,—,—,未分發或放棄,5,中原大學 會計學系(通過); 中原大學 財經法律學系財貿法組(通過); 中國文化大學 韓國語文學系(通過); 輔仁大學 中國文學系(通過); 輔仁大學 日本語文學系(通過)
CAND_1846,114,cycu_acc,中原大學,會計學系,中原大學 會計學系,1119,—,備取,—,—,未分發或放棄,3,中原大學 會計學系(通過); 國立臺南大學 經營與管理學系(通過); 國立高雄科技大學財政稅務系(通過)
CAND_1847,114,cycu_acc,中原大學,會計學系,中原大學 會計學系,1112,葉*,備取,國立臺中教育大學,國立臺中教育大學 幼兒教育學系,其他學校錄取,3,"中原大學 會計學系(通過); 中原大學 財務金融學系(通過); 國立臺中教育大學 幼兒教育學系(備取,分發)"
CAND_1848,114,cycu_acc,中原大學,會計學系,中原大學 會計學系,1114,—,備取,東吳大學,東吳大學 會計學系,其他學校錄取,2,"中原大學 會計學系(通過); 東吳大學 會計學系(備取,分發)"
CAND_1849,114,cycu_acc,中原大學,會計學系,中原大學 會計學系,1118,*茜,備取,國立東華大學,國立東華大學 諮商與臨床心理學系,其他學校錄取,4,"中原大學 會計學系(通過); 輔仁大學 織品服裝學系織品服飾行銷組(通過); 國立東華大學 諮商與臨床心理學系(正取,分發); 國立暨南國際大學 諮商心理與人力資源發展學系諮商心理組(通過)"
CAND_1850,114,cycu_acc,中原大學,會計學系,中原大學 會計學系,1117,—,備取,—,—,未分發或放棄,2,中原大學 會計學系(通過); 中原大學 工業與系統工程學系管理組(通過)
CAND_1851,114,cycu_acc,中原大學,會計學系,中原大學 會計學系,1115,—,備取,—,—,未分發或放棄,5,中原大學 會計學系(通過); 淡江大學 會計學系(通過); 元智大學 管理學院學士班(主修：財務金融)(通過); 銘傳大學 財務金融學系(臺北校區)(通過); 致理科技大學財務金融系(通過)
CAND_1852,114,cycu_acc,中原大學,會計學系,中原大學 會計學系,1117,江*姍,備取,國立臺灣海洋大學,國立臺灣海洋大學 航運管理學系,其他學校錄取,4,"中原大學 會計學系(通過); 東吳大學 企業管理學系(通過); 輔仁大學 企業管理學系(通過); 國立臺灣海洋大學 航運管理學系(正取,分發)"
CAND_1853,114,cycu_acc,中原大學,會計學系,中原大學 會計學系,1115,—,備取,—,—,未分發或放棄,5,中原大學 會計學系(通過); 中原大學 財務金融學系(通過); 國立彰化師範大學 數學系(通過); 國立臺中教育大學 數學教育學系(通過); 元智大學 管理學院學士班(主修：財務金融)(通過)
CAND_1854,114,cycu_acc,中原大學,會計學系,中原大學 會計學系,1114,—,備取,中原大學,中原大學 財務金融學系,原校系/本校留任,2,"中原大學 會計學系(通過); 中原大學 財務金融學系(正取,分發)"
CAND_1855,114,cycu_acc,中原大學,會計學系,中原大學 會計學系,1114,—,備取,—,—,未分發或放棄,1,中原大學 會計學系(通過)
CAND_1856,114,cycu_acc,中原大學,會計學系,中原大學 會計學系,111,温*程,備取,逢甲大學,逢甲大學 財務金融學系,其他學校錄取,5,"中原大學 會計學系(通過); 東海大學 國際經營與貿易學系(通過); 逢甲大學 會計學系(備取); 逢甲大學 國際經營與貿易學系(正取); 逢甲大學 財務金融學系(備取,分發)"
CAND_1857,114,cycu_acc,中原大學,會計學系,中原大學 會計學系,1116,陳*琛,備取,逢甲大學,逢甲大學 經濟學系,其他學校錄取,6,"中原大學 會計學系(通過); 逢甲大學 會計學系(備取); 逢甲大學 財稅學系(備取); 逢甲大學 經濟學系(備取,分發); 銘傳大學 財務金融學系(臺北校區)(備取); 國立高雄科技大學金融資訊系(通過)"
CAND_1858,114,cycu_acc,中原大學,會計學系,中原大學 會計學系,111,謝*凱,正取,逢甲大學,逢甲大學 財稅學系,其他學校錄取,4,"中原大學 會計學系(通過); 逢甲大學 財稅學系(備取,分發); 逢甲大學 經濟學系(備取); 亞洲大學 會計與資訊學系(正取)"
CAND_1859,114,cycu_acc,中原大學,會計學系,中原大學 會計學系,111,*洋,備取,—,—,未分發或放棄,6,中原大學 會計學系(通過); 逢甲大學 自動控制工程學系(備取); 逢甲大學 通訊工程學系(備取); 國立雲林科技大學環境與安全衛生工程系(備取); 國立高雄科技大學造船及海洋工程系(備取); 國立虎尾科技大學自動化工程系(通過)
CAND_1860,114,cycu_acc,中原大學,會計學系,中原大學 會計學系,112,陳*,備取,東吳大學,東吳大學 社會學系,其他學校錄取,5,"中原大學 會計學系(通過); 東吳大學 社會學系(正取,分發); 中原大學 企業管理學系服務業管理組(通過); 輔仁大學 人文與社區創新學士學位學程(備取); 國立臺中教育大學 區域與社會發展學系(備取)"
CAND_1861,114,cycu_acc,中原大學,會計學系,中原大學 會計學系,1127,—,備取,—,—,未分發或放棄,2,中原大學 會計學系(通過); 國立東華大學 會計學系(通過)
CAND_1862,114,cycu_acc,中原大學,會計學系,中原大學 會計學系,1129,—,備取,逢甲大學,逢甲大學 會計學系,其他學校錄取,3,"中原大學 會計學系(通過); 逢甲大學 會計學系(備取,分發); 亞洲大學 會計與資訊學系(通過)"
CAND_1863,114,cycu_acc,中原大學,會計學系,中原大學 會計學系,1121,吳*,備取,中原大學,中原大學 財務金融學系,原校系/本校留任,6,"中原大學 會計學系(通過); 中原大學 企業管理學系高科技業管理組(備取); 中原大學 財務金融學系(備取,分發); 東海大學 會計學系(通過); 逢甲大學 財稅學系(備取); 逢甲大學 土地管理學系(備取)"
CAND_1864,114,cycu_acc,中原大學,會計學系,中原大學 會計學系,1121,維*湘,正取,東海大學,東海大學 會計學系,其他學校錄取,5,"中原大學 會計學系(通過); 東海大學 會計學系(正取,分發); 東海大學 行政管理暨政策學系(備取); 逢甲大學 會計學系(備取); 逢甲大學 財稅學系(通過)"
CAND_1865,114,cycu_acc,中原大學,會計學系,中原大學 會計學系,1125,—,備取,—,—,未分發或放棄,4,中原大學 會計學系(通過); 中原大學 土木工程學系(通過); 逢甲大學 會計學系(通過); 逢甲大學 建築專業學院學士班(通過)
CAND_1866,114,cycu_acc,中原大學,會計學系,中原大學 會計學系,1121,—,備取,—,—,未分發或放棄,3,中原大學 會計學系(通過); 東海大學 會計學系(通過); 國立聯合大學 財務金融學系(通過)
CAND_1867,114,cycu_acc,中原大學,會計學系,中原大學 會計學系,1121,—,備取,—,—,未分發或放棄,3,中原大學 會計學系(通過); 東吳大學 中國文學系(通過); 淡江大學 經濟學系(通過)
CAND_1868,114,cycu_acc,中原大學,會計學系,中原大學 會計學系,1137,—,備取,—,—,未分發或放棄,2,中原大學 會計學系(通過); 淡江大學 會計學系(通過)
CAND_1869,115,cycu_acc,中原大學,會計學系,中原大學 會計學系,1104,F*,正取,東吳大學,東吳大學 德國文化學系,其他學校錄取,6,"中原大學 會計學系(正取); 東吳大學 德國文化學系(正取,分發); 淡江大學 歐洲語文學系法文組(通過); 淡江大學 會計學系(正取); 輔仁大學 法國語文學系(正取); 輔仁大學 西班牙語文學系(正取)"
CAND_1870,115,cycu_acc,中原大學,會計學系,中原大學 會計學系,1106,F*晴,正取,東吳大學,東吳大學 會計學系,其他學校錄取,5,"中原大學 會計學系(正取); 東吳大學 會計學系(備取,分發); 中原大學 國際經營與貿易學系(正取); 中原大學 財經法律學系財貿法組(正取); 淡江大學 會計學系(正取)"
CAND_1871,115,cycu_acc,中原大學,會計學系,中原大學 會計學系,1123,李*瑄,正取,中原大學,中原大學 會計學系,原校系/本校留任,4,"中原大學 會計學系(正取,分發); 東吳大學 會計學系(備取); 淡江大學 會計學系(正取); 逢甲大學 會計學系(正取)"
CAND_1872,115,cycu_acc,中原大學,會計學系,中原大學 會計學系,1101,*軒,正取,輔仁大學,輔仁大學 日本語文學系,其他學校錄取,6,"中原大學 會計學系(正取); 東吳大學 會計學系(正取); 中原大學 企業管理學系高科技業管理組(正取); 輔仁大學 日本語文學系(備取,分發); 輔仁大學 企業管理學系(正取); 輔仁大學 會計學系(正取)"
CAND_1873,115,cycu_acc,中原大學,會計學系,中原大學 會計學系,1111,郭*妤,正取,輔仁大學,輔仁大學 統計資訊學系,其他學校錄取,9,"中原大學 會計學系(正取); 東吳大學 資訊管理學系(資訊管理組)(正取); 逢甲大學 統計學系商業大數據組(正取); 逢甲大學 財務工程與精算學士學位學程(正取); 輔仁大學 統計資訊學系(備取,分發); 元智大學 管理學院學士班(主修：財務金融)(正取); 國立臺北護理健康大學護理系(通過); 弘光科技大學護理系(通過); 長庚科技大學護理系(林口校區)(通過)"
CAND_1874,115,cycu_acc,中原大學,會計學系,中原大學 會計學系,1113,F*綺,正取,國立中興大學,國立中興大學 行銷學系,其他學校錄取,5,"中原大學 會計學系(正取); 國立中興大學 行銷學系(備取,分發); 國立中山大學 政治經濟學系(備取); 國立中正大學 會計與資訊科技學系(備取); 國立臺灣科技大學工業管理系(通過)"
CAND_1875,115,cycu_acc,中原大學,會計學系,中原大學 會計學系,1109,—,正取,中原大學,中原大學 會計學系,原校系/本校留任,3,"中原大學 會計學系(正取,分發); 長庚大學 護理學系(通過); 長庚科技大學護理系(林口校區)(通過)"
CAND_1876,115,cycu_acc,中原大學,會計學系,中原大學 會計學系,1115,陳*女,正取,東海大學,東海大學 工業設計學系(B組),其他學校錄取,4,"中原大學 會計學系(正取); 中原大學 財經法律學系財貿法組(正取); 東海大學 工業設計學系(B組)(正取,分發); 逢甲大學 會計學系(正取)"
CAND_1877,115,cycu_acc,中原大學,會計學系,中原大學 會計學系,1125,林*,正取,中原大學,中原大學 會計學系,原校系/本校留任,3,"中原大學 會計學系(正取,分發); 淡江大學 會計學系(正取); 逢甲大學 會計學系(正取)"
CAND_1878,115,cycu_acc,中原大學,會計學系,中原大學 會計學系,1109,葵*妤,正取,中原大學,中原大學 財經法律學系科技法組,原校系/本校留任,4,"中原大學 會計學系(正取); 中原大學 財經法律學系科技法組(正取,分發); 東海大學 會計學系(正取); 逢甲大學 會計學系(正取)"
CAND_1879,115,cycu_acc,中原大學,會計學系,中原大學 會計學系,1116,—,正取,中原大學,中原大學 會計學系,原校系/本校留任,6,"中原大學 會計學系(正取,分發); 中原大學 財經法律學系科技法組(正取); 元智大學 管理學院學士班(主修：財務金融)(正取); 元智大學 管理學院學士班(主修：會計)(正取); 元智大學 資訊管理學系(正取); 國立臺北護理健康大學資訊管理系(通過)"
CAND_1880,115,cycu_acc,中原大學,會計學系,中原大學 會計學系,1113,陳*穎,正取,輔仁大學,輔仁大學 金融與國際企業學系,其他學校錄取,5,"中原大學 會計學系(正取); 中原大學 財務金融學系(正取); 淡江大學 財務金融學系(正取); 輔仁大學 會計學系(正取); 輔仁大學 金融與國際企業學系(備取,分發)"
CAND_1881,115,cycu_acc,中原大學,會計學系,中原大學 會計學系,1122,蘇*盲,正取,逢甲大學,逢甲大學 會計學系,其他學校錄取,3,"中原大學 會計學系(正取); 逢甲大學 會計學系(正取,分發); 國立高雄大學 應用經濟學系(通過)"
CAND_1882,115,cycu_acc,中原大學,會計學系,中原大學 會計學系,1108,葉*瑄,正取,中原大學,中原大學 財務金融學系,原校系/本校留任,4,"中原大學 會計學系(正取); 東吳大學 會計學系(備取); 東吳大學 財務工程與精算數學系(正取); 中原大學 財務金融學系(正取,分發)"
CAND_1883,115,cycu_acc,中原大學,會計學系,中原大學 會計學系,1117,郭*綺,正取,東吳大學,東吳大學 會計學系,其他學校錄取,7,"中原大學 會計學系(正取); 東吳大學 會計學系(備取,分發); 東海大學 會計學系(正取); 淡江大學 財務金融學系(正取); 淡江大學 會計學系(正取); 輔仁大學 會計學系(備取); 國立高雄科技大學金融資訊系(通過)"
CAND_1884,115,cycu_acc,中原大學,會計學系,中原大學 會計學系,1115,馮*瑄,正取,東吳大學,東吳大學 會計學系,其他學校錄取,4,"中原大學 會計學系(正取); 東吳大學 會計學系(備取,分發); 淡江大學 財務金融學系(正取); 淡江大學 會計學系(正取)"
CAND_1885,115,cycu_acc,中原大學,會計學系,中原大學 會計學系,1105,馮*,正取,東吳大學,東吳大學 會計學系,其他學校錄取,3,"中原大學 會計學系(正取); 東吳大學 會計學系(備取,分發); 淡江大學 會計學系(正取)"
CAND_1886,115,cycu_acc,中原大學,會計學系,中原大學 會計學系,1113,—,正取,中原大學,中原大學 會計學系,原校系/本校留任,4,"中原大學 會計學系(正取,分發); 中原大學 企業管理學系工商管理組(正取); 中原大學 國際經營與貿易學系(正取); 國立臺灣海洋大學 海洋經營管理學士學位學程(通過)"
CAND_1887,115,cycu_acc,中原大學,會計學系,中原大學 會計學系,1104,陳*晴,正取,國立臺北大學,國立臺北大學 社會學系,其他學校錄取,3,"中原大學 會計學系(正取); 逢甲大學 會計學系(正取); 國立臺北大學 社會學系(正取,分發)"
CAND_1888,115,cycu_acc,中原大學,會計學系,中原大學 會計學系,112,許*,正取,中國醫藥大學,中國醫藥大學 護理學系,其他學校錄取,6,"中原大學 會計學系(正取); 東吳大學 會計學系(備取); 中國醫藥大學 護理學系(正取,分發); 馬偕醫學大學 護理學系(正取); 國立臺北護理健康大學護理系(通過); 長庚科技大學護理系(林口校區)(正取)"
CAND_1889,115,cycu_acc,中原大學,會計學系,中原大學 會計學系,1115,梁*珊,正取,中原大學,中原大學 財務金融學系,原校系/本校留任,4,"中原大學 會計學系(正取); 中原大學 財務金融學系(正取,分發); 銘傳大學 財金法律學系(臺北校區)(正取); 世新大學 財務金融學系(備取)"
CAND_1890,115,cycu_acc,中原大學,會計學系,中原大學 會計學系,〇****OTT,—,正取,中原大學,中原大學 會計學系,原校系/本校留任,2,"中原大學 會計學系(正取,分發); 中原大學 企業管理學系工商管理組(正取)"
CAND_1891,115,cycu_acc,中原大學,會計學系,中原大學 會計學系,1123,江*儀,正取,逢甲大學,逢甲大學 建築專業學院學士班,其他學校錄取,8,"中原大學 會計學系(正取); 中原大學 土木工程學系(正取); 逢甲大學 建築專業學院學士班(正取,分發); 國立聯合大學 建築學系(正取); 國立高雄科技大學會計資訊系(通過); 國立臺北護理健康大學護理系(通過); 朝陽科技大學建築系建築組(通過); 致理科技大學會計資訊系(通過)"
CAND_1892,115,cycu_acc,中原大學,會計學系,中原大學 會計學系,1106,陳*瑜,正取,中原大學,中原大學 會計學系,原校系/本校留任,3,"中原大學 會計學系(正取,分發); 東吳大學 財務工程與精算數學系(正取); 中原大學 國際經營與貿易學系(備取)"
CAND_1893,115,cycu_acc,中原大學,會計學系,中原大學 會計學系,1111,陳*珊,正取,中原大學,中原大學 會計學系,原校系/本校留任,5,"中原大學 會計學系(正取,分發); 淡江大學 財務金融學系(備取); 淡江大學 會計學系(正取); 逢甲大學 會計學系(正取); 逢甲大學 財務金融學系(正取)"
CAND_1894,115,cycu_acc,中原大學,會計學系,中原大學 會計學系,112,張*秝,正取,中原大學,中原大學 會計學系,原校系/本校留任,3,"中原大學 會計學系(正取,分發); 東海大學 會計學系(正取); 逢甲大學 會計學系(正取)"
CAND_1895,115,cycu_acc,中原大學,會計學系,中原大學 會計學系,1102,—,正取,中原大學,中原大學 會計學系,原校系/本校留任,5,"中原大學 會計學系(正取,分發); 淡江大學 國際企業學系經貿管理組(通過); 淡江大學 會計學系(正取); 元智大學 管理學院學士班(主修：會計)(通過); 銘傳大學 會計學系會計審計組(臺北校區)(通過)"
CAND_1896,115,cycu_acc,中原大學,會計學系,中原大學 會計學系,1116,—,正取,中原大學,中原大學 財務金融學系,原校系/本校留任,2,"中原大學 會計學系(正取); 中原大學 財務金融學系(正取,分發)"
CAND_1897,115,cycu_acc,中原大學,會計學系,中原大學 會計學系,1126,*齊,正取,東海大學,東海大學 會計學系,其他學校錄取,6,"中原大學 會計學系(正取); 東海大學 企業管理學系(備取); 東海大學 會計學系(正取,分發); 淡江大學 會計學系(正取); 逢甲大學 會計學系(正取); 逢甲大學 企業管理學系(通過)"
CAND_1898,115,cycu_acc,中原大學,會計學系,中原大學 會計學系,1117,—,正取,中原大學,中原大學 會計學系,原校系/本校留任,3,"中原大學 會計學系(正取,分發); 淡江大學 企業管理學系全英語學士班(通過); 國立嘉義大學 外國語言學系英語教學組(通過)"
CAND_1899,115,cycu_acc,中原大學,會計學系,中原大學 會計學系,1113,*盲,正取,中原大學,中原大學 會計學系,原校系/本校留任,4,"中原大學 會計學系(正取,分發); 逢甲大學 會計學系(正取); 元智大學 管理學院學士班(主修：會計)(正取); 銘傳大學 會計學系會計審計組(臺北校區)(通過)"
CAND_1900,115,cycu_acc,中原大學,會計學系,中原大學 會計學系,1111,楊*,正取,中原大學,中原大學 會計學系,原校系/本校留任,5,"中原大學 會計學系(正取,分發); 中原大學 企業管理學系服務業管理組(正取); 元智大學 管理學院學士班(主修：會計)(正取); 銘傳大學 休閒遊憩管理學系(桃園校區)(備取); 銘傳大學 餐旅管理學系(桃園校區)(備取)"
CAND_1901,115,cycu_acc,中原大學,會計學系,中原大學 會計學系,1123,黄*緯,正取,東吳大學,東吳大學 會計學系,其他學校錄取,3,"中原大學 會計學系(正取); 東吳大學 會計學系(備取,分發); 淡江大學 會計學系(正取)"
CAND_1902,115,cycu_acc,中原大學,會計學系,中原大學 會計學系,1112,—,正取,中原大學,中原大學 會計學系,原校系/本校留任,3,"中原大學 會計學系(正取,分發); 中原大學 企業管理學系高科技業管理組(通過); 中原大學 國際經營與貿易學系(正取)"
CAND_1903,115,cycu_acc,中原大學,會計學系,中原大學 會計學系,1119,—,正取,中原大學,中原大學 會計學系,原校系/本校留任,1,"中原大學 會計學系(正取,分發)"
CAND_1904,115,cycu_acc,中原大學,會計學系,中原大學 會計學系,1112,賴*恩,正取,中原大學,中原大學 會計學系,原校系/本校留任,7,"中原大學 會計學系(正取,分發); 淡江大學 運輸管理學系(正取); 逢甲大學 會計學系(正取); 逢甲大學 都市計畫與空間資訊學系(通過); 元智大學 管理學院學士班(主修：財務金融)(正取); 元智大學 管理學院學士班(主修：會計)(正取); 國立高雄科技大學金融資訊系(備取)"
CAND_1905,115,cycu_acc,中原大學,會計學系,中原大學 會計學系,1101,張*銓,正取,國立臺灣海洋大學,國立臺灣海洋大學 航運管理學系,其他學校錄取,4,"中原大學 會計學系(正取); 東吳大學 會計學系(備取); 淡江大學 會計學系(正取); 國立臺灣海洋大學 航運管理學系(備取,分發)"
CAND_1906,115,cycu_acc,中原大學,會計學系,中原大學 會計學系,〇****OTT,*諺,正取,輔仁大學,輔仁大學 企業管理學系,其他學校錄取,6,"中原大學 會計學系(正取); 東吳大學 會計學系(備取); 東吳大學 企業管理學系(備取); 輔仁大學 企業管理學系(備取,分發); 輔仁大學 資訊管理學系(備取); 輔仁大學 社會學系(備取)"
CAND_1907,115,cycu_acc,中原大學,會計學系,中原大學 會計學系,1105,—,正取,中原大學,中原大學 會計學系,原校系/本校留任,4,"中原大學 會計學系(正取,分發); 逢甲大學 會計學系(正取); 逢甲大學 企業管理學系(正取); 銘傳大學 企業管理學系品牌行銷組(臺北校區)(通過)"
CAND_1908,115,cycu_acc,中原大學,會計學系,中原大學 會計學系,1116,—,正取,國立臺灣海洋大學,國立臺灣海洋大學 航運管理學系,其他學校錄取,4,"中原大學 會計學系(正取); 國立臺灣海洋大學 航運管理學系(備取,分發); 國立臺灣海洋大學 運輸科學系A組(備取); 元智大學 管理學院學士班(主修：財務金融)(正取)"
CAND_1909,115,cycu_acc,中原大學,會計學系,中原大學 會計學系,1117,金*,正取,逢甲大學,逢甲大學 會計學系,其他學校錄取,6,"中原大學 會計學系(正取); 東海大學 會計學系(正取); 淡江大學 會計學系(正取); 逢甲大學 會計學系(正取,分發); 逢甲大學 財務金融學系(備取); 銘傳大學 財務金融學系(臺北校區)(備取)"
CAND_1910,115,cycu_acc,中原大學,會計學系,中原大學 會計學系,1115,林*康,正取,東吳大學,東吳大學 資訊管理學系(人工智慧組),其他學校錄取,3,"中原大學 會計學系(正取); 東吳大學 資訊管理學系(人工智慧組)(正取,分發); 東吳大學 資料科學系(正取)"
CAND_1911,115,cycu_acc,中原大學,會計學系,中原大學 會計學系,1115,*恩,正取,東海大學,東海大學 會計學系,其他學校錄取,5,"中原大學 會計學系(正取); 東海大學 會計學系(正取,分發); 淡江大學 會計學系(通過); 逢甲大學 財稅學系(正取); 靜宜大學 會計學系(備取)"
CAND_1912,115,cycu_acc,中原大學,會計學系,中原大學 會計學系,1127,余*妍,正取,逢甲大學,逢甲大學 財稅學系,其他學校錄取,4,"中原大學 會計學系(正取); 東海大學 會計學系(備取); 逢甲大學 會計學系(正取); 逢甲大學 財稅學系(正取,分發)"
CAND_1913,115,cycu_acc,中原大學,會計學系,中原大學 會計學系,1117,李*菲,正取,中原大學,中原大學 會計學系,原校系/本校留任,4,"中原大學 會計學系(正取,分發); 淡江大學 財務金融學系全球財務管理全英語學士班(通過); 逢甲大學 國際經營與貿易學系(正取); 逢甲大學 財務金融學系(備取)"
CAND_1914,115,cycu_acc,中原大學,會計學系,中原大學 會計學系,1118,—,正取,中原大學,中原大學 財務金融學系,原校系/本校留任,2,"中原大學 會計學系(正取); 中原大學 財務金融學系(正取,分發)"
CAND_1915,115,cycu_acc,中原大學,會計學系,中原大學 會計學系,1114,—,正取,中原大學,中原大學 會計學系,原校系/本校留任,3,"中原大學 會計學系(正取,分發); 亞洲大學 心理學系諮商與臨床心理組(正取); 國立高雄科技大學國際企業系(備取)"
CAND_1916,115,cycu_acc,中原大學,會計學系,中原大學 會計學系,1112,*期,正取,中原大學,中原大學 會計學系,原校系/本校留任,3,"中原大學 會計學系(正取,分發); 淡江大學 會計學系(正取); 輔仁大學 統計資訊學系(備取)"
CAND_1917,115,cycu_acc,中原大學,會計學系,中原大學 會計學系,1118,—,正取,淡江大學,淡江大學 財務金融學系,其他學校錄取,4,"中原大學 會計學系(正取); 中原大學 財務金融學系(正取); 淡江大學 財務金融學系(備取,分發); 淡江大學 會計學系(正取)"
CAND_1918,115,cycu_acc,中原大學,會計學系,中原大學 會計學系,1106,—,正取,中原大學,中原大學 會計學系,原校系/本校留任,2,"中原大學 會計學系(正取,分發); 淡江大學 會計學系(備取)"
CAND_1919,115,cycu_acc,中原大學,會計學系,中原大學 會計學系,1105,—,正取,中原大學,中原大學 會計學系,原校系/本校留任,5,"中原大學 會計學系(正取,分發); 國立中興大學 興翼招生B組(文史法律)(備取); 國立成功大學 成星招生甲組(文社)(通過); 國立政治大學 政星招生(甲組)(備取); 國立高雄科技大學財政稅務系(通過)"
CAND_1920,115,cycu_acc,中原大學,會計學系,中原大學 會計學系,1109,葵*佑,正取,輔仁大學,輔仁大學 統計資訊學系,其他學校錄取,6,"中原大學 會計學系(正取); 東吳大學 資訊管理學系(人工智慧組)(備取); 淡江大學 會計學系(正取); 輔仁大學 資訊管理學系(備取); 輔仁大學 統計資訊學系(備取,分發); 長庚大學 數位金融科技學系(甲組)(通過)"
CAND_1921,115,cycu_acc,中原大學,會計學系,中原大學 會計學系,1112,周*彤,正取,逢甲大學,逢甲大學 會計學系,其他學校錄取,3,"中原大學 會計學系(正取); 淡江大學 會計學系(正取); 逢甲大學 會計學系(正取,分發)"
CAND_1922,115,cycu_acc,中原大學,會計學系,中原大學 會計學系,1111,—,正取,中原大學,中原大學 財務金融學系,原校系/本校留任,4,"中原大學 會計學系(正取); 中原大學 財務金融學系(正取,分發); 中原大學 財經法律學系財貿法組(備取); 元智大學 管理學院學士班(主修：財務金融)(正取)"
CAND_1923,115,cycu_acc,中原大學,會計學系,中原大學 會計學系,1129,蕭*妤,正取,東吳大學,東吳大學 會計學系,其他學校錄取,5,"中原大學 會計學系(正取); 東吳大學 會計學系(備取,分發); 東海大學 會計學系(正取); 淡江大學 會計學系(正取); 逢甲大學 會計學系(正取)"
CAND_1924,115,cycu_acc,中原大學,會計學系,中原大學 會計學系,1119,謝*,正取,中原大學,中原大學 財務金融學系,原校系/本校留任,4,"中原大學 會計學系(正取); 中原大學 財務金融學系(正取,分發); 東海大學 企業管理學系(正取); 國立臺中教育大學 數位內容科技學系(正取)"
CAND_1925,115,cycu_acc,中原大學,會計學系,中原大學 會計學系,1117,柯*,正取,中原大學,中原大學 會計學系,原校系/本校留任,5,"中原大學 會計學系(正取,分發); 東吳大學 財務工程與精算數學系(備取); 淡江大學 會計學系(正取); 國立聯合大學 財務金融學系(通過); 國立高雄科技大學財政稅務系(通過)"
CAND_1926,115,cycu_acc,中原大學,會計學系,中原大學 會計學系,1121,林*孜,正取,國立嘉義大學,國立嘉義大學 行銷與觀光管理學系,其他學校錄取,4,"中原大學 會計學系(正取); 東海大學 企業管理學系(正取); 逢甲大學 會計學系(備取); 國立嘉義大學 行銷與觀光管理學系(備取,分發)"
CAND_1927,115,cycu_acc,中原大學,會計學系,中原大學 會計學系,1116,楊*,正取,中原大學,中原大學 會計學系,原校系/本校留任,4,"中原大學 會計學系(正取,分發); 中原大學 企業管理學系工商管理組(通過); 東海大學 會計學系(正取); 逢甲大學 會計學系(正取)"
CAND_1928,115,cycu_acc,中原大學,會計學系,中原大學 會計學系,1112,黄*昀,正取,東吳大學,東吳大學 資訊管理學系(人工智慧組),其他學校錄取,4,"中原大學 會計學系(正取); 東吳大學 財務工程與精算數學系(備取); 東吳大學 資訊管理學系(人工智慧組)(備取,分發); 中原大學 應用外國語文學系(通過)"
CAND_1929,115,cycu_acc,中原大學,會計學系,中原大學 會計學系,1111,—,正取,中原大學,中原大學 財經法律學系財貿法組,原校系/本校留任,4,"中原大學 會計學系(正取); 中原大學 企業管理學系高科技業管理組(備取); 中原大學 財經法律學系財貿法組(備取,分發); 東海大學 工業工程與經營資訊學系(智慧經營與管理組)(正取)"
CAND_1930,115,cycu_acc,中原大學,會計學系,中原大學 會計學系,1106,—,正取,淡江大學,淡江大學 會計學系,其他學校錄取,3,"中原大學 會計學系(正取); 淡江大學 財務金融學系全球財務管理全英語學士班(備取); 淡江大學 會計學系(正取,分發)"
CAND_1931,115,cycu_acc,中原大學,會計學系,中原大學 會計學系,1109,—,正取,中原大學,中原大學 會計學系,原校系/本校留任,2,"中原大學 會計學系(正取,分發); 淡江大學 會計學系(備取)"
CAND_1932,115,cycu_acc,中原大學,會計學系,中原大學 會計學系,1112,陳*婷,正取,中原大學,中原大學 應用外國語文學系,原校系/本校留任,4,"中原大學 會計學系(正取); 東吳大學 英文學系(正取); 中原大學 應用外國語文學系(正取,分發); 輔仁大學 跨領域全英語學士學位學程(備取)"
CAND_1933,115,cycu_acc,中原大學,會計學系,中原大學 會計學系,〇****OTT,張*,正取,輔仁大學,輔仁大學 會計學系,其他學校錄取,5,"中原大學 會計學系(正取); 東吳大學 經濟學系(備取); 輔仁大學 會計學系(備取,分發); 國立東華大學 會計學系(正取); 國立中正大學 社會福利學系(備取)"
CAND_1934,115,cycu_acc,中原大學,會計學系,中原大學 會計學系,1124,郭*語,正取,逢甲大學,逢甲大學 會計學系,其他學校錄取,6,"中原大學 會計學系(正取); 逢甲大學 會計學系(備取,分發); 亞洲大學 視光學系(備取); 中臺科技大學視光系(通過); 元培醫事科技大學醫學影像暨放射技術系(備取); 中華醫事科技大學視光系(通過)"
CAND_1935,115,cycu_acc,中原大學,會計學系,中原大學 會計學系,1119,謝*,正取,中原大學,中原大學 會計學系,原校系/本校留任,4,"中原大學 會計學系(正取,分發); 東吳大學 企業管理學系(備取); 淡江大學 財務金融學系(備取); 淡江大學 會計學系(正取)"
CAND_1936,115,cycu_acc,中原大學,會計學系,中原大學 會計學系,1113,—,正取,中原大學,中原大學 應用外國語文學系,原校系/本校留任,6,"中原大學 會計學系(正取); 中原大學 應用外國語文學系(正取,分發); 淡江大學 英文學系(通過); 長庚大學 工商管理學系(通過); 元智大學 應用外語學系(備取); 臺北城市科技大學演藝事業系(通過)"
CAND_1937,115,cycu_acc,中原大學,會計學系,中原大學 會計學系,1111,葉*宇,正取,中原大學,中原大學 會計學系,原校系/本校留任,3,"中原大學 會計學系(正取,分發); 東海大學 會計學系(正取); 逢甲大學 會計學系(正取)"
CAND_1938,115,cycu_acc,中原大學,會計學系,中原大學 會計學系,1122,柳*齡,正取,逢甲大學,逢甲大學 國際經營與貿易學系,其他學校錄取,5,"中原大學 會計學系(正取); 東海大學 會計學系(正取); 逢甲大學 國際經營與貿易學系(備取,分發); 逢甲大學 土地管理學系(正取); 靜宜大學 會計學系(備取)"
CAND_1939,115,cycu_acc,中原大學,會計學系,中原大學 會計學系,1106,葉*,正取,輔仁大學,輔仁大學 織品服裝學系織品服飾行銷組,其他學校錄取,2,"中原大學 會計學系(正取); 輔仁大學 織品服裝學系織品服飾行銷組(正取,分發)"
CAND_1940,115,cycu_acc,中原大學,會計學系,中原大學 會計學系,1116,陳*婕,正取,銘傳大學,銘傳大學 國際企業與貿易學士學位學程(全英語授課．臺北校區),其他學校錄取,3,"中原大學 會計學系(正取); 元智大學 管理學院學士班(主修：國際企業管理)(正取); 銘傳大學 國際企業與貿易學士學位學程(全英語授課．臺北校區)(正取,分發)"
CAND_1941,115,cycu_acc,中原大學,會計學系,中原大學 會計學系,112,許*媛,正取,逢甲大學,逢甲大學 會計學系,其他學校錄取,3,"中原大學 會計學系(正取); 淡江大學 會計學系(備取); 逢甲大學 會計學系(正取,分發)"
CAND_1942,115,cycu_acc,中原大學,會計學系,中原大學 會計學系,1102,李*蓉,正取,—,—,未分發或放棄,3,中原大學 會計學系(正取); 馬偕醫學大學 護理學系(備取); 國立臺北護理健康大學護理系(通過)
CAND_1943,115,cycu_acc,中原大學,會計學系,中原大學 會計學系,1108,陳*宏,正取,東吳大學,東吳大學 財務工程與精算數學系,其他學校錄取,7,"中原大學 會計學系(正取); 東吳大學 財務工程與精算數學系(備取,分發); 淡江大學 風險管理與保險學系(備取); 淡江大學 統計與資料科學學系(備取); 中國科技大學財務金融系(臺北校區)(通過); 中國科技大學資訊工程系(臺北校區)(通過); 亞東科技大學通訊工程系(通過)"
CAND_1944,115,cycu_acc,中原大學,會計學系,中原大學 會計學系,1105,余*有,正取,國立臺中教育大學,國立臺中教育大學 國際企業學系,其他學校錄取,3,"中原大學 會計學系(正取); 淡江大學 企業管理學系全英語學士班(正取); 國立臺中教育大學 國際企業學系(備取,分發)"
CAND_1945,115,cycu_acc,中原大學,會計學系,中原大學 會計學系,1118,—,正取,國立彰化師範大學,國立彰化師範大學 公共事務與公民教育學系公民教育組,其他學校錄取,6,"中原大學 會計學系(正取); 東海大學 會計學系(正取); 逢甲大學 會計學系(正取); 東海大學 財務金融學系(通過); 東海大學 資訊管理學系(正取); 國立彰化師範大學 公共事務與公民教育學系公民教育組(備取,分發)"
CAND_1946,115,cycu_acc,中原大學,會計學系,中原大學 會計學系,1129,*蓉,正取,逢甲大學,逢甲大學 國際經營與貿易學系,其他學校錄取,4,"中原大學 會計學系(正取); 東海大學 會計學系(備取); 逢甲大學 會計學系(備取); 逢甲大學 國際經營與貿易學系(備取,分發)"
CAND_1947,115,cycu_acc,中原大學,會計學系,中原大學 會計學系,1111,—,正取,中原大學,中原大學 會計學系,原校系/本校留任,2,"中原大學 會計學系(正取,分發); 淡江大學 資訊管理學系(備取)"
CAND_1948,115,cycu_acc,中原大學,會計學系,中原大學 會計學系,1116,—,正取,中原大學,中原大學 會計學系,原校系/本校留任,1,"中原大學 會計學系(正取,分發)"
CAND_1949,115,cycu_acc,中原大學,會計學系,中原大學 會計學系,1105,*心,正取,中原大學,中原大學 會計學系,原校系/本校留任,2,"中原大學 會計學系(正取,分發); 實踐大學 國際經營與貿易學系國際金融組(臺北校區)(正取)"
CAND_1950,115,cycu_acc,中原大學,會計學系,中原大學 會計學系,112,吳*蓉,正取,中原大學,中原大學 會計學系,原校系/本校留任,5,"中原大學 會計學系(正取,分發); 淡江大學 會計學系(正取); 逢甲大學 會計學系(正取); 逢甲大學 企業管理學系(通過); 元智大學 管理學院學士班(主修：會計)(正取)"
CAND_1951,115,cycu_acc,中原大學,會計學系,中原大學 會計學系,1105,郭*銓,正取,淡江大學,淡江大學 資訊管理學系,其他學校錄取,12,"中原大學 會計學系(正取); 東吳大學 資訊管理學系(人工智慧組)(備取); 淡江大學 會計學系(備取); 淡江大學 資訊管理學系(備取,分發); 中國文化大學 化學工程與材料工程學系(通過); 輔仁大學 資訊管理學系(備取); 龍華科技大學電子工程系(通過); 明新科技大學半導體與光電科技系(通過); 明志科技大學機械工程系光機電組(通過); 長庚科技大學護理系(林口校區)(通過); 致理科技大學財務金融系(通過); 亞東科技大學醫務管理系(通過)"
CAND_1952,115,cycu_acc,中原大學,會計學系,中原大學 會計學系,1112,—,正取,中原大學,中原大學 會計學系,原校系/本校留任,3,"中原大學 會計學系(正取,分發); 元智大學 管理學院學士班(主修：財務金融)(備取); 元智大學 管理學院學士班(英語專班)(正取)"
CAND_1953,115,cycu_acc,中原大學,會計學系,中原大學 會計學系,1114,—,正取,中原大學,中原大學 生物科技學系,原校系/本校留任,10,"中原大學 會計學系(正取); 中原大學 生物科技學系(正取,分發); 淡江大學 土木工程學系(通過); 淡江大學 人工智慧學系(正取); 國立臺北護理健康大學護理系(通過); 龍華科技大學半導體工程系(通過); 明志科技大學化學工程系(通過); 長庚科技大學護理系(林口校區)(正取); 南亞技術學院資訊工程系智慧科技應用組(通過); 德育護理健康學院護理系(通過)"
CAND_1954,115,cycu_acc,中原大學,會計學系,中原大學 會計學系,1113,—,備取,中原大學,中原大學 會計學系,原校系/本校留任,3,"中原大學 會計學系(備取,分發); 中原大學 心理學系(備取); 淡江大學 會計學系(備取)"
CAND_1955,115,cycu_acc,中原大學,會計學系,中原大學 會計學系,1132,楊*,備取,中原大學,中原大學 會計學系,原校系/本校留任,2,"中原大學 會計學系(備取,分發); 靜宜大學 國際企業學系(備取)"
CAND_1956,115,cycu_acc,中原大學,會計學系,中原大學 會計學系,1101,江*穎,備取,中原大學,中原大學 會計學系,原校系/本校留任,5,"中原大學 會計學系(備取,分發); 東吳大學 會計學系(備取); 淡江大學 會計學系(正取); 逢甲大學 經濟學系(通過); 輔仁大學 會計學系(備取)"
CAND_1957,115,cycu_acc,中原大學,會計學系,中原大學 會計學系,1125,葉*,備取,逢甲大學,逢甲大學 財稅學系,其他學校錄取,6,"中原大學 會計學系(備取); 中原大學 國際經營與貿易學系(備取); 逢甲大學 會計學系(正取); 逢甲大學 國際經營與貿易學系(正取); 逢甲大學 財稅學系(正取,分發); 國立嘉義大學 企業管理學系(備取)"
CAND_1958,115,cycu_acc,中原大學,會計學系,中原大學 會計學系,1113,—,備取,中原大學,中原大學 會計學系,原校系/本校留任,5,"中原大學 會計學系(備取,分發); 東吳大學 資訊管理學系(人工智慧組)(通過); 中原大學 國際經營與貿易學系(備取); 淡江大學 財務金融學系全球財務管理全英語學士班(通過); 淡江大學 國際企業學系國際商學全英語組(通過)"
CAND_1959,115,cycu_acc,中原大學,會計學系,中原大學 會計學系,1101,—,備取,中原大學,中原大學 會計學系,原校系/本校留任,3,"中原大學 會計學系(備取,分發); 淡江大學 國際企業學系經貿管理組(備取); 淡江大學 會計學系(正取)"
CAND_1960,115,cycu_acc,中原大學,會計學系,中原大學 會計學系,1106,張*心,備取,中原大學,中原大學 會計學系,原校系/本校留任,2,"中原大學 會計學系(備取,分發); 東吳大學 財務工程與精算數學系(備取)"
CAND_1961,115,cycu_acc,中原大學,會計學系,中原大學 會計學系,1114,*威,備取,東吳大學,東吳大學 會計學系,其他學校錄取,6,"中原大學 會計學系(備取); 東吳大學 會計學系(備取,分發); 淡江大學 會計學系(正取); 逢甲大學 會計學系(正取); 輔仁大學 會計學系(備取); 銘傳大學 會計學系稅務規劃組(臺北校區)(備取)"
CAND_1962,115,cycu_acc,中原大學,會計學系,中原大學 會計學系,1112,蘇*晴,備取,東吳大學,東吳大學 資訊管理學系(人工智慧組),其他學校錄取,3,"中原大學 會計學系(備取); 東吳大學 資訊管理學系(人工智慧組)(備取,分發); 元智大學 管理學院學士班(主修：會計)(正取)"
CAND_1963,115,cycu_acc,中原大學,會計學系,中原大學 會計學系,1111,鄭*婷,備取,東海大學,東海大學 會計學系,其他學校錄取,6,"中原大學 會計學系(備取); 東海大學 會計學系(備取,分發); 淡江大學 會計學系(備取); 逢甲大學 會計學系(備取); 逢甲大學 財稅學系(正取); 逢甲大學 風險管理與保險學系(備取)"
CAND_1964,115,cycu_acc,中原大學,會計學系,中原大學 會計學系,1131,蘇*,備取,東吳大學,東吳大學 財務工程與精算數學系,其他學校錄取,2,"中原大學 會計學系(備取); 東吳大學 財務工程與精算數學系(備取,分發)"
CAND_1965,115,cycu_acc,中原大學,會計學系,中原大學 會計學系,1116,—,備取,中原大學,中原大學 會計學系,原校系/本校留任,4,"中原大學 會計學系(備取,分發); 中原大學 財務金融學系(備取); 淡江大學 會計學系(正取); 元智大學 管理學院學士班(主修：會計)(正取)"
CAND_1966,115,cycu_acc,中原大學,會計學系,中原大學 會計學系,1115,陳*翔,備取,中原大學,中原大學 會計學系,原校系/本校留任,3,"中原大學 會計學系(備取,分發); 東吳大學 經濟學系(備取); 輔仁大學 經濟學系(備取)"
CAND_1967,115,cycu_acc,中原大學,會計學系,中原大學 會計學系,1128,邴*,備取,逢甲大學,逢甲大學 財稅學系,其他學校錄取,3,"中原大學 會計學系(備取); 逢甲大學 會計學系(正取); 逢甲大學 財稅學系(正取,分發)"
CAND_1968,115,cycu_acc,中原大學,會計學系,中原大學 會計學系,1118,尤*君,備取,東海大學,東海大學 會計學系,其他學校錄取,4,"中原大學 會計學系(備取); 東海大學 會計學系(正取,分發); 逢甲大學 會計學系(備取); 逢甲大學 財稅學系(正取)"
CAND_1969,115,cycu_acc,中原大學,會計學系,中原大學 會計學系,1119,*璇,備取,中原大學,中原大學 會計學系,原校系/本校留任,3,"中原大學 會計學系(備取,分發); 東吳大學 財務工程與精算數學系(正取); 元智大學 管理學院學士班(主修：財務金融)(備取)"
CAND_1970,115,cycu_acc,中原大學,會計學系,中原大學 會計學系,1117,黄*誼,備取,輔仁大學,輔仁大學 企業管理學系,其他學校錄取,6,"中原大學 會計學系(備取); 東吳大學 會計學系(備取); 輔仁大學 企業管理學系(備取,分發); 國立臺灣海洋大學 航運管理學系(備取); 國立高雄科技大學營建工程系(通過); 致理科技大學會計資訊系(通過)"
CAND_1971,115,cycu_acc,中原大學,會計學系,中原大學 會計學系,111,*芦,備取,中原大學,中原大學 會計學系,原校系/本校留任,4,"中原大學 會計學系(備取,分發); 中原大學 企業管理學系服務業管理組(正取); 逢甲大學 企業管理學系(備取); 元智大學 管理學院學士班(主修：會計)(正取)"
CAND_1972,115,cycu_acc,中原大學,會計學系,中原大學 會計學系,1125,李*銘,備取,中原大學,中原大學 會計學系,原校系/本校留任,4,"中原大學 會計學系(備取,分發); 東海大學 國際經營與貿易學系(備取); 逢甲大學 會計學系(備取); 元智大學 管理學院學士班(主修：國際企業管理)(備取)"
CAND_1973,115,cycu_acc,中原大學,會計學系,中原大學 會計學系,1104,陳*妍,備取,中原大學,中原大學 會計學系,原校系/本校留任,3,"中原大學 會計學系(備取,分發); 淡江大學 歐洲語文學系法文組(通過); 逢甲大學 會計學系(備取)"
CAND_1974,115,cycu_acc,中原大學,會計學系,中原大學 會計學系,1105,高*霆,備取,淡江大學,淡江大學 會計學系,其他學校錄取,3,"中原大學 會計學系(備取); 東吳大學 會計學系(備取); 淡江大學 會計學系(正取,分發)"
CAND_1975,115,cycu_acc,中原大學,會計學系,中原大學 會計學系,1112,*永,備取,輔仁大學,輔仁大學 企業管理學系,其他學校錄取,4,"中原大學 會計學系(備取); 東海大學 國際經營與貿易學系(備取); 逢甲大學 國際經營與貿易學系(正取); 輔仁大學 企業管理學系(備取,分發)"
CAND_1976,115,cycu_acc,中原大學,會計學系,中原大學 會計學系,1114,謝*,備取,國立聯合大學,國立聯合大學 資訊管理學系,其他學校錄取,7,"中原大學 會計學系(備取); 東吳大學 資訊管理學系(人工智慧組)(備取); 逢甲大學 會計學系(通過); 元智大學 管理學院學士班(主修：財務金融)(備取); 國立聯合大學 資訊管理學系(備取,分發); 國立高雄科技大學財政稅務系(備取); 致理科技大學會計資訊系(通過)"
CAND_1977,115,cycu_acc,中原大學,會計學系,中原大學 會計學系,1106,—,備取,中原大學,中原大學 會計學系,原校系/本校留任,3,"中原大學 會計學系(備取,分發); 中原大學 國際經營與貿易學系(備取); 淡江大學 國際企業學系經貿管理組(備取)"
CAND_1978,115,cycu_acc,中原大學,會計學系,中原大學 會計學系,1114,葉*緯,備取,逢甲大學,逢甲大學 會計學系,其他學校錄取,3,"中原大學 會計學系(備取); 逢甲大學 會計學系(正取,分發); 逢甲大學 國際經營與貿易學系(通過)"
CAND_1979,115,cycu_acc,中原大學,會計學系,中原大學 會計學系,1105,—,備取,中原大學,中原大學 會計學系,原校系/本校留任,1,"中原大學 會計學系(備取,分發)"
CAND_1980,115,cycu_acc,中原大學,會計學系,中原大學 會計學系,1107,—,備取,中原大學,中原大學 會計學系,原校系/本校留任,2,"中原大學 會計學系(備取,分發); 淡江大學 會計學系(正取)"
CAND_1981,115,cycu_acc,中原大學,會計學系,中原大學 會計學系,1129,蘇*婷,備取,中原大學,中原大學 會計學系,原校系/本校留任,7,"中原大學 會計學系(備取,分發); 逢甲大學 會計學系(備取); 逢甲大學 風險管理與保險學系(正取); 靜宜大學 國際企業學系(通過); 銘傳大學 國際企業學系跨境電商經營組(臺北校區)(通過); 亞洲大學 財經法律學系(通過); 國立高雄科技大學財政稅務系(備取)"
CAND_1982,115,cycu_acc,中原大學,會計學系,中原大學 會計學系,1112,葉*楷,備取,輔仁大學,輔仁大學 會計學系,其他學校錄取,6,"中原大學 會計學系(備取); 逢甲大學 財務金融學系(通過); 輔仁大學 企業管理學系(備取); 輔仁大學 會計學系(備取,分發); 國立中山大學 企業管理學系(通過); 國立嘉義大學 財務金融學系(備取)"
CAND_1983,115,cycu_acc,中原大學,會計學系,中原大學 會計學系,1124,—,備取,中原大學,中原大學 會計學系,原校系/本校留任,2,"中原大學 會計學系(備取,分發); 淡江大學 會計學系(備取)"
CAND_1984,115,cycu_acc,中原大學,會計學系,中原大學 會計學系,1123,林*,備取,淡江大學,淡江大學 會計學系,其他學校錄取,4,"中原大學 會計學系(備取); 淡江大學 會計學系(備取,分發); 淡江大學 企業管理學系(備取); 輔仁大學 餐旅管理學系(備取)"
CAND_1985,115,cycu_acc,中原大學,會計學系,中原大學 會計學系,1102,陳*如,備取,中原大學,中原大學 會計學系,原校系/本校留任,4,"中原大學 會計學系(備取,分發); 逢甲大學 國際經營與貿易學系(通過); 國立臺灣海洋大學 航運管理學系(備取); 銘傳大學 建築學系(桃園校區)(備取)"
CAND_1986,115,cycu_acc,中原大學,會計學系,中原大學 會計學系,1102,許*碩,備取,淡江大學,淡江大學 會計學系,其他學校錄取,4,"中原大學 會計學系(備取); 東吳大學 財務工程與精算數學系(備取); 淡江大學 歐洲語文學系俄文組(正取); 淡江大學 會計學系(備取,分發)"
CAND_1987,115,cycu_acc,中原大學,會計學系,中原大學 會計學系,1119,—,備取,淡江大學,淡江大學 會計學系,其他學校錄取,4,"中原大學 會計學系(備取); 淡江大學 會計學系(備取,分發); 元智大學 管理學院學士班(主修：國際企業管理)(備取); 元智大學 管理學院學士班(主修：會計)(正取)"
CAND_1988,115,cycu_acc,中原大學,會計學系,中原大學 會計學系,1118,林*霆,備取,中原大學,中原大學 會計學系,原校系/本校留任,6,"中原大學 會計學系(備取,分發); 東海大學 會計學系(通過); 淡江大學 人工智慧學系(通過); 逢甲大學 會計學系(備取); 國立東華大學 財務金融學系(通過); 國立宜蘭大學 應用經濟與管理學系(通過)"
CAND_1989,115,cycu_acc,中原大學,會計學系,中原大學 會計學系,1126,張*,備取,國立臺灣海洋大學,國立臺灣海洋大學 海洋經營管理學士學位學程,其他學校錄取,6,"中原大學 會計學系(備取); 淡江大學 歐洲語文學系法文組(備取); 逢甲大學 會計學系(備取); 國立臺灣海洋大學 海洋經營管理學士學位學程(正取,分發); 國立高雄科技大學航運管理系(備取); 文藻外語大學法國語文系(通過)"
CAND_1990,115,cycu_acc,中原大學,會計學系,中原大學 會計學系,1128,—,備取,中原大學,中原大學 財務金融學系,原校系/本校留任,6,"中原大學 會計學系(備取); 中原大學 企業管理學系高科技業管理組(通過); 國立臺東大學 資訊管理學系(正取); 中原大學 財務金融學系(正取,分發); 國立臺中教育大學 數位內容科技學系(正取); 國立臺東大學 資訊工程學系(正取)"
CAND_1991,115,cycu_acc,中原大學,會計學系,中原大學 會計學系,1111,陳*緯,備取,中原大學,中原大學 財務金融學系,原校系/本校留任,5,"中原大學 會計學系(備取); 中原大學 企業管理學系服務業管理組(正取); 中原大學 財務金融學系(備取,分發); 逢甲大學 財稅學系(正取); 輔仁大學 歷史學系(通過)"
CAND_1992,115,cycu_acc,中原大學,會計學系,中原大學 會計學系,1112,黄*康,備取,輔仁大學,輔仁大學 會計學系,其他學校錄取,4,"中原大學 會計學系(備取); 淡江大學 經濟學系(備取); 輔仁大學 會計學系(備取,分發); 元智大學 管理學院學士班(主修：財務金融)(備取)"
CAND_1993,115,cycu_acc,中原大學,會計學系,中原大學 會計學系,1101,陳*靜,備取,中原大學,中原大學 會計學系,原校系/本校留任,3,"中原大學 會計學系(備取,分發); 淡江大學 運輸管理學系(備取); 輔仁大學 餐旅管理學系(正取)"
CAND_1994,115,cycu_acc,中原大學,會計學系,中原大學 會計學系,1101,*瑄,備取,東吳大學,東吳大學 會計學系,其他學校錄取,6,"中原大學 會計學系(備取); 東吳大學 會計學系(備取,分發); 淡江大學 會計學系(通過); 國立東華大學 會計學系(正取); 國立東華大學 財務金融學系(通過); 國立臺灣藝術大學 戲劇學系(通過)"
CAND_1995,115,cycu_acc,中原大學,會計學系,中原大學 會計學系,1133,盧*誼,備取,東吳大學,東吳大學 會計學系,其他學校錄取,5,"中原大學 會計學系(備取); 東吳大學 會計學系(備取,分發); 中原大學 心理學系(通過); 淡江大學 會計學系(備取); 輔仁大學 會計學系(備取)"
CAND_1996,115,cycu_acc,中原大學,會計學系,中原大學 會計學系,1128,張*,備取,中原大學,中原大學 會計學系,原校系/本校留任,4,"中原大學 會計學系(備取,分發); 逢甲大學 會計學系(正取); 國立屏東大學 幼兒教育學系(備取); 國立嘉義大學 幼兒教育學系(備取)"
CAND_1997,115,cycu_acc,中原大學,會計學系,中原大學 會計學系,1109,李*苗,備取,中原大學,中原大學 會計學系,原校系/本校留任,3,"中原大學 會計學系(備取,分發); 銘傳大學 企業管理學系品牌行銷組(臺北校區)(正取); 銘傳大學 國際企業學系外貿行銷管理組(臺北校區)(正取)"
CAND_1998,115,cycu_acc,中原大學,會計學系,中原大學 會計學系,1116,黄*,備取,淡江大學,淡江大學 會計學系,其他學校錄取,4,"中原大學 會計學系(備取); 淡江大學 會計學系(正取,分發); 逢甲大學 會計學系(備取); 朝陽科技大學保險金融管理系(備取)"
CAND_1999,115,cycu_acc,中原大學,會計學系,中原大學 會計學系,1138,—,備取,中原大學,中原大學 會計學系,原校系/本校留任,1,"中原大學 會計學系(備取,分發)"
CAND_2000,115,cycu_acc,中原大學,會計學系,中原大學 會計學系,1111,楊*,備取,中原大學,中原大學 會計學系,原校系/本校留任,3,"中原大學 會計學系(備取,分發); 逢甲大學 會計學系(備取); 元智大學 管理學院學士班(主修：會計)(正取)"
CAND_2001,115,cycu_acc,中原大學,會計學系,中原大學 會計學系,1104,許*凱,備取,淡江大學,淡江大學 會計學系,其他學校錄取,5,"中原大學 會計學系(備取); 中原大學 企業管理學系高科技業管理組(通過); 東海大學 會計學系(備取); 淡江大學 會計學系(備取,分發); 銘傳大學 會計學系稅務規劃組(臺北校區)(備取)"
CAND_2002,115,cycu_acc,中原大學,會計學系,中原大學 會計學系,1136,楊*哈,備取,中原大學,中原大學 會計學系,原校系/本校留任,4,"中原大學 會計學系(備取,分發); 逢甲大學 會計學系(備取); 國立東華大學 會計學系(正取); 元智大學 管理學院學士班(主修：會計)(正取)"
CAND_2003,115,cycu_acc,中原大學,會計學系,中原大學 會計學系,1124,陳*璇,備取,國立屏東大學,國立屏東大學 商業大數據學系,其他學校錄取,3,"中原大學 會計學系(備取); 逢甲大學 合作經濟暨社會事業經營學系(通過); 國立屏東大學 商業大數據學系(備取,分發)"
CAND_2004,115,cycu_acc,中原大學,會計學系,中原大學 會計學系,1111,謝*夏,備取,中原大學,中原大學 會計學系,原校系/本校留任,5,"中原大學 會計學系(備取,分發); 元智大學 管理學院學士班(主修：國際企業管理)(通過); 銘傳大學 金融科技應用學系(桃園校區)(備取); 銘傳大學 資訊管理學系人工智慧應用組(桃園校區)(備取); 銘傳大學 資訊管理學系電子商務管理組(桃園校區)(正取)"
CAND_2005,115,cycu_acc,中原大學,會計學系,中原大學 會計學系,1117,陳*喆,備取,中原大學,中原大學 會計學系,原校系/本校留任,4,"中原大學 會計學系(備取,分發); 淡江大學 資訊工程學系全英語學士班(備取); 輔仁大學 餐旅管理學系(正取); 明志科技大學化學工程系(通過)"
CAND_2006,115,cycu_acc,中原大學,會計學系,中原大學 會計學系,1116,陳*,備取,中原大學,中原大學 生物科技學系,原校系/本校留任,3,"中原大學 會計學系(備取); 中原大學 生物科技學系(備取,分發); 逢甲大學 會計學系(備取)"
CAND_2007,115,cycu_acc,中原大學,會計學系,中原大學 會計學系,1138,陳*璇,備取,逢甲大學,逢甲大學 合作經濟暨社會事業經營學系,其他學校錄取,3,"中原大學 會計學系(備取); 逢甲大學 會計學系(備取); 逢甲大學 合作經濟暨社會事業經營學系(備取,分發)"
CAND_2008,115,cycu_acc,中原大學,會計學系,中原大學 會計學系,1114,佘*諭,備取,中原大學,中原大學 會計學系,原校系/本校留任,3,"中原大學 會計學系(備取,分發); 逢甲大學 財稅學系(正取); 國立屏東大學 商業大數據學系(正取)"
CAND_2009,115,cycu_acc,中原大學,會計學系,中原大學 會計學系,1102,翁*耀,備取,逢甲大學,逢甲大學 會計學系,其他學校錄取,3,"中原大學 會計學系(備取); 逢甲大學 會計學系(備取,分發); 國立宜蘭大學 應用經濟與管理學系(正取)"
CAND_2010,115,cycu_acc,中原大學,會計學系,中原大學 會計學系,1106,林*佑,備取,中原大學,中原大學 會計學系,原校系/本校留任,4,"中原大學 會計學系(備取,分發); 逢甲大學 財稅學系(備取); 銘傳大學 會計學系稅務規劃組(臺北校區)(備取); 銘傳大學 金融學系(桃園校區)(備取)"
CAND_2011,115,cycu_acc,中原大學,會計學系,中原大學 會計學系,1106,吳*振,備取,中原大學,中原大學 會計學系,原校系/本校留任,2,"中原大學 會計學系(備取,分發); 輔仁大學 統計資訊學系(備取)"
CAND_2012,115,cycu_acc,中原大學,會計學系,中原大學 會計學系,1101,*瑀,備取,銘傳大學,銘傳大學 國際企業學系外貿行銷管理組(臺北校區),其他學校錄取,4,"中原大學 會計學系(備取); 銘傳大學 國際企業學系外貿行銷管理組(臺北校區)(備取,分發); 銘傳大學 資訊管理學系人工智慧應用組(桃園校區)(備取); 世新大學 資訊傳播學系(備取)"
CAND_2013,115,cycu_acc,中原大學,會計學系,中原大學 會計學系,1104,*軒,備取,中原大學,中原大學 會計學系,原校系/本校留任,4,"中原大學 會計學系(備取,分發); 逢甲大學 國際經營與貿易學系(備取); 逢甲大學 財務工程與精算學士學位學程(備取); 逢甲大學 澳洲昆士蘭大學商學雙學士學位學程(通過)"
CAND_2014,115,cycu_acc,中原大學,會計學系,中原大學 會計學系,113,*凱,備取,實踐大學,實踐大學 企業管理學系創新創業組(臺北校區),其他學校錄取,3,"中原大學 會計學系(備取); 實踐大學 國際經營與貿易學系國際金融組(臺北校區)(備取); 實踐大學 企業管理學系創新創業組(臺北校區)(備取,分發)"
CAND_2015,115,cycu_acc,中原大學,會計學系,中原大學 會計學系,1137,林*華,備取,東吳大學,東吳大學 經濟學系,其他學校錄取,5,"中原大學 會計學系(備取); 東吳大學 經濟學系(正取,分發); 東吳大學 會計學系(備取); 逢甲大學 財務金融學系(通過); 輔仁大學 經濟學系(通過)"
CAND_2016,115,cycu_acc,中原大學,會計學系,中原大學 會計學系,1103,林*軒,備取,中原大學,中原大學 會計學系,原校系/本校留任,4,"中原大學 會計學系(備取,分發); 中原大學 企業管理學系工商管理組(備取); 逢甲大學 財稅學系(正取); 銘傳大學 會計學系會計審計組(臺北校區)(備取)"
CAND_2017,115,cycu_acc,中原大學,會計學系,中原大學 會計學系,1129,蘇*毅,備取,—,—,未分發或放棄,4,中原大學 會計學系(備取); 高雄醫學大學 醫學社會學與社會工作學系(通過); 逢甲大學 會計學系(備取); 國立臺灣海洋大學 海洋觀光管理學士學位學程(通過)
CAND_2018,115,cycu_acc,中原大學,會計學系,中原大學 會計學系,1103,陳*勛,備取,中原大學,中原大學 會計學系,原校系/本校留任,3,"中原大學 會計學系(備取,分發); 逢甲大學 會計學系(備取); 銘傳大學 會計學系會計審計組(臺北校區)(備取)"
CAND_2019,115,cycu_acc,中原大學,會計學系,中原大學 會計學系,111,林*翔,備取,中原大學,中原大學 會計學系,原校系/本校留任,6,"中原大學 會計學系(備取,分發); 東吳大學 財務工程與精算數學系(備取); 淡江大學 統計與資料科學學系(備取); 淡江大學 人工智慧學系(備取); 逢甲大學 國際經營與貿易學系(通過); 銘傳大學 財務金融學系(臺北校區)(備取)"
CAND_2020,115,cycu_acc,中原大學,會計學系,中原大學 會計學系,1115,彭*庭,備取,逢甲大學,逢甲大學 會計學系,其他學校錄取,4,"中原大學 會計學系(備取); 東海大學 國際學院國際經營管理學位學程(備取); 淡江大學 企業管理學系全英語學士班(備取); 逢甲大學 會計學系(備取,分發)"
CAND_2021,115,cycu_acc,中原大學,會計學系,中原大學 會計學系,1105,—,備取,中原大學,中原大學 會計學系,原校系/本校留任,2,"中原大學 會計學系(備取,分發); 世新大學 新聞學系(通過)"
CAND_2022,115,cycu_acc,中原大學,會計學系,中原大學 會計學系,1105,張*旋,備取,國立宜蘭大學,國立宜蘭大學 機械與機電工程學系,其他學校錄取,2,"中原大學 會計學系(備取); 國立宜蘭大學 機械與機電工程學系(備取,分發)"
CAND_2023,115,cycu_acc,中原大學,會計學系,中原大學 會計學系,1119,*閔,備取,元智大學,元智大學 人文社會學院英語學士班,其他學校錄取,4,"中原大學 會計學系(備取); 元智大學 人文社會學院英語學士班(備取,分發); 銘傳大學 應用英語學系(桃園校區)(備取); 開南大學 應用英語學系(通過)"
CAND_2024,115,cycu_acc,中原大學,會計學系,中原大學 會計學系,1129,—,備取,中原大學,中原大學 會計學系,原校系/本校留任,7,"中原大學 會計學系(備取,分發); 實踐大學 財務金融學系(臺北校區)(備取); 亞洲大學 人工智慧學系(正取); 國立高雄科技大學環境與安全衛生工程系(備取); 國立勤益科技大學冷凍空調與能源系(備取); 朝陽科技大學資訊與通訊系(正取); 明志科技大學化學工程系(正取)"
CAND_2025,115,cycu_acc,中原大學,會計學系,中原大學 會計學系,1105,潘*,備取,中原大學,中原大學 會計學系,原校系/本校留任,2,"中原大學 會計學系(備取,分發); 銘傳大學 資訊管理學系人工智慧應用組(桃園校區)(備取)"
CAND_2026,115,cycu_acc,中原大學,會計學系,中原大學 會計學系,111,許*妤,備取,國立宜蘭大學,國立宜蘭大學 應用經濟與管理學系,其他學校錄取,6,"中原大學 會計學系(備取); 逢甲大學 金融學院學士班(備取); 銘傳大學 財務金融學系(臺北校區)(備取); 國立宜蘭大學 應用經濟與管理學系(正取,分發); 元培醫事科技大學醫學影像暨放射技術系(通過); 長庚科技大學護理系(林口校區)(正取)"
CAND_2027,115,cycu_acc,中原大學,會計學系,中原大學 會計學系,1135,游*,備取,中原大學,中原大學 會計學系,原校系/本校留任,4,"中原大學 會計學系(備取,分發); 淡江大學 會計學系(備取); 逢甲大學 會計學系(備取); 國立東華大學 會計學系(通過)"
CAND_2028,115,cycu_acc,中原大學,會計學系,中原大學 會計學系,1117,—,備取,中原大學,中原大學 會計學系,原校系/本校留任,3,"中原大學 會計學系(備取,分發); 銘傳大學 資訊管理學系人工智慧應用組(桃園校區)(通過); 銘傳大學 資訊管理學系電子商務管理組(桃園校區)(通過)"
CAND_2029,115,cycu_acc,中原大學,會計學系,中原大學 會計學系,1103,*俊,備取,中原大學,中原大學 會計學系,原校系/本校留任,3,"中原大學 會計學系(備取,分發); 國立東華大學 會計學系(正取); 國立東華大學 財務金融學系(備取)"
CAND_2030,115,cycu_acc,中原大學,會計學系,中原大學 會計學系,1101,陳*翔,備取,東吳大學,東吳大學 財務工程與精算數學系,其他學校錄取,4,"中原大學 會計學系(備取); 東吳大學 經濟學系(正取); 東吳大學 財務工程與精算數學系(備取,分發); 國立臺灣海洋大學 商船學系(正取)"
CAND_2031,115,cycu_acc,中原大學,會計學系,中原大學 會計學系,111,張*豪,備取,中原大學,中原大學 會計學系,原校系/本校留任,5,"中原大學 會計學系(備取,分發); 逢甲大學 經濟學系(備取); 銘傳大學 會計學系會計審計組(臺北校區)(備取); 銘傳大學 會計學系稅務規劃組(臺北校區)(備取); 國立高雄科技大學會計資訊系(通過)"
CAND_2032,115,cycu_acc,中原大學,會計學系,中原大學 會計學系,1102,張*,備取,國立宜蘭大學,國立宜蘭大學 應用經濟與管理學系,其他學校錄取,5,"中原大學 會計學系(備取); 銘傳大學 資訊管理學系電子商務管理組(桃園校區)(通過); 國立宜蘭大學 應用經濟與管理學系(備取,分發); 國立高雄科技大學模具工程系光電模具組(通過); 明志科技大學環境與安全衛生工程系(通過)"
CAND_2033,115,cycu_acc,中原大學,會計學系,中原大學 會計學系,1117,房*女,備取,中原大學,中原大學 會計學系,原校系/本校留任,3,"中原大學 會計學系(備取,分發); 世新大學 日本語文學系(備取); 實踐大學 應用日文學系(高雄校區)(備取)"
CAND_2034,115,cycu_acc,中原大學,會計學系,中原大學 會計學系,1111,陳*竹,備取,逢甲大學,逢甲大學 會計學系,其他學校錄取,4,"中原大學 會計學系(備取); 逢甲大學 會計學系(備取,分發); 逢甲大學 財稅學系(備取); 國立暨南國際大學 經濟學系(備取)"
CAND_2035,115,cycu_acc,中原大學,會計學系,中原大學 會計學系,1126,鄭*么,備取,逢甲大學,逢甲大學 會計學系,其他學校錄取,4,"中原大學 會計學系(備取); 逢甲大學 會計學系(備取,分發); 逢甲大學 經濟學系(備取); 銘傳大學 資訊應用與金融保險學系金融組(臺北校區)(通過)"
CAND_2036,115,cycu_acc,中原大學,會計學系,中原大學 會計學系,1112,*衢,備取,淡江大學,淡江大學 會計學系,其他學校錄取,4,"中原大學 會計學系(備取); 淡江大學 會計學系(備取,分發); 逢甲大學 經濟學系(備取); 國立高雄科技大學會計資訊系(通過)"
CAND_2037,115,cycu_acc,中原大學,會計學系,中原大學 會計學系,1101,—,備取,淡江大學,淡江大學 財務金融學系全球財務管理全英語學士班,其他學校錄取,3,"中原大學 會計學系(備取); 中原大學 中原大學與美國天普大學商學管理雙學士學位學程(備取); 淡江大學 財務金融學系全球財務管理全英語學士班(備取,分發)"
CAND_2038,115,cycu_acc,中原大學,會計學系,中原大學 會計學系,1104,盧*瑜,備取,中原大學,中原大學 會計學系,原校系/本校留任,2,"中原大學 會計學系(備取,分發); 銘傳大學 資訊管理學系人工智慧應用組(桃園校區)(正取)"
CAND_2039,115,cycu_acc,中原大學,會計學系,中原大學 會計學系,1103,—,備取,中原大學,中原大學 會計學系,原校系/本校留任,1,"中原大學 會計學系(備取,分發)"
CAND_2040,115,cycu_acc,中原大學,會計學系,中原大學 會計學系,1118,*恩,備取,中原大學,中原大學 會計學系,原校系/本校留任,5,"中原大學 會計學系(備取,分發); 淡江大學 財務金融學系全球財務管理全英語學士班(備取); 逢甲大學 國際經營與貿易學系(備取); 逢甲大學 金融學院學士班(備取); 元智大學 管理學院學士班(主修：財務金融)(備取)"
CAND_2041,115,cycu_acc,中原大學,會計學系,中原大學 會計學系,〇****OTT,—,備取,中原大學,中原大學 會計學系,原校系/本校留任,4,"中原大學 會計學系(備取,分發); 淡江大學 運輸管理學系(通過); 中國文化大學 國際貿易學系(通過); 元智大學 管理學院學士班(主修：財務金融)(備取)"
CAND_2042,115,cycu_acc,中原大學,會計學系,中原大學 會計學系,1105,—,備取,中原大學,中原大學 會計學系,原校系/本校留任,6,"中原大學 會計學系(備取,分發); 中原大學 企業管理學系服務業管理組(備取); 中原大學 財經法律學系科技法組(備取); 東海大學 政治學系(通過); 淡江大學 風險管理與保險學系(備取); 淡江大學 運輸管理學系(備取)"
CAND_2043,115,cycu_acc,中原大學,會計學系,中原大學 會計學系,1139,林*,備取,中原大學,中原大學 會計學系,原校系/本校留任,2,"中原大學 會計學系(備取,分發); 國立東華大學 會計學系(備取)"
CAND_2044,115,cycu_acc,中原大學,會計學系,中原大學 會計學系,1107,—,備取,淡江大學,淡江大學 運輸管理學系,其他學校錄取,3,"中原大學 會計學系(備取); 淡江大學 運輸管理學系(備取,分發); 國立高雄科技大學土木工程系(通過)"
CAND_2045,115,cycu_acc,中原大學,會計學系,中原大學 會計學系,1119,—,備取,中原大學,中原大學 會計學系,原校系/本校留任,2,"中原大學 會計學系(備取,分發); 元智大學 資訊管理學系(資安組)(通過)"
CAND_2046,115,cycu_acc,中原大學,會計學系,中原大學 會計學系,1115,—,備取,中原大學,中原大學 會計學系,原校系/本校留任,3,"中原大學 會計學系(備取,分發); 逢甲大學 會計學系(通過); 銘傳大學 諮商臨床與工商心理學系(桃園校區)(通過)"
CAND_2047,115,cycu_acc,中原大學,會計學系,中原大學 會計學系,1111,*銘,備取,中原大學,中原大學 會計學系,原校系/本校留任,5,"中原大學 會計學系(備取,分發); 逢甲大學 會計學系(備取); 元智大學 管理學院學士班(主修：財務金融)(備取); 國立聯合大學 財務金融學系(正取); 龍華科技大學財務金融系(通過)"
CAND_2048,115,cycu_acc,中原大學,會計學系,中原大學 會計學系,113,魏*程,備取,元智大學,元智大學 管理學院學士班(英語專班),其他學校錄取,4,"中原大學 會計學系(備取); 逢甲大學 澳洲昆士蘭大學商學雙學士學位學程(備取); 元智大學 管理學院學士班(主修：會計)(備取); 元智大學 管理學院學士班(英語專班)(備取,分發)"
CAND_2049,115,cycu_acc,中原大學,會計學系,中原大學 會計學系,1108,—,備取,—,—,未分發或放棄,2,中原大學 會計學系(通過); 淡江大學 會計學系(通過)
CAND_2050,115,cycu_acc,中原大學,會計學系,中原大學 會計學系,1104,黄*筑,備取,東吳大學,東吳大學 會計學系,其他學校錄取,5,"中原大學 會計學系(通過); 東吳大學 會計學系(備取,分發); 東吳大學 財務工程與精算數學系(正取); 淡江大學 財務金融學系(通過); 淡江大學 國際企業學系經貿管理組(通過)"
CAND_2051,115,cycu_acc,中原大學,會計學系,中原大學 會計學系,〇****OTT,—,備取,—,—,未分發或放棄,2,中原大學 會計學系(通過); 東吳大學 資訊管理學系(人工智慧組)(通過)
CAND_2052,115,cycu_acc,中原大學,會計學系,中原大學 會計學系,1101,—,備取,—,—,未分發或放棄,5,中原大學 會計學系(通過); 中原大學 企業管理學系工商管理組(通過); 中原大學 財務金融學系(通過); 淡江大學 國際企業學系經貿管理組(通過); 淡江大學 企業管理學系(通過)
CAND_2053,115,cycu_acc,中原大學,會計學系,中原大學 會計學系,1106,—,備取,淡江大學,淡江大學 人工智慧學系,其他學校錄取,2,"中原大學 會計學系(通過); 淡江大學 人工智慧學系(備取,分發)"
CAND_2054,115,cycu_acc,中原大學,會計學系,中原大學 會計學系,1103,彭*凱,備取,輔仁大學,輔仁大學 經濟學系,其他學校錄取,5,"中原大學 會計學系(通過); 東吳大學 經濟學系(備取); 輔仁大學 企業管理學系(通過); 輔仁大學 統計資訊學系(備取); 輔仁大學 經濟學系(備取,分發)"
CAND_2055,115,cycu_acc,中原大學,會計學系,中原大學 會計學系,1104,—,備取,—,—,未分發或放棄,5,中原大學 會計學系(通過); 淡江大學 日本語文學系(通過); 淡江大學 企業管理學系(通過); 長庚大學 工商管理學系(通過); 長庚大學 工業設計學系(通過)
CAND_2056,115,cycu_acc,中原大學,會計學系,中原大學 會計學系,1107,*碩,備取,輔仁大學,輔仁大學 企業管理學系,其他學校錄取,3,"中原大學 會計學系(通過); 輔仁大學 企業管理學系(備取,分發); 輔仁大學 統計資訊學系(備取)"
CAND_2057,115,cycu_acc,中原大學,會計學系,中原大學 會計學系,1108,—,備取,—,—,未分發或放棄,4,中原大學 會計學系(通過); 國立政治大學 政星招生(甲組)(通過); 中原大學 企業管理學系服務業管理組(通過); 中山醫學大學 公共衛生學系(B組)(通過)
CAND_2058,115,cycu_acc,中原大學,會計學系,中原大學 會計學系,1104,*叡,正取,東吳大學,東吳大學 會計學系,其他學校錄取,4,"中原大學 會計學系(通過); 東吳大學 會計學系(備取,分發); 淡江大學 會計學系(正取); 輔仁大學 企業管理學系(正取)"
CAND_2059,115,cycu_acc,中原大學,會計學系,中原大學 會計學系,1108,*婕,備取,中原大學,中原大學 財經法律學系科技法組,原校系/本校留任,5,"中原大學 會計學系(通過); 中原大學 國際經營與貿易學系(正取); 中原大學 財經法律學系科技法組(備取,分發); 淡江大學 財務金融學系全球財務管理全英語學士班(正取); 國立東華大學 財務金融學系(正取)"
CAND_2060,115,cycu_acc,中原大學,會計學系,中原大學 會計學系,1102,—,備取,—,—,未分發或放棄,2,中原大學 會計學系(通過); 輔仁大學 餐旅管理學系(通過)
CAND_2061,115,cycu_acc,中原大學,會計學系,中原大學 會計學系,1101,*富,備取,東吳大學,東吳大學 企業管理學系,其他學校錄取,5,"中原大學 會計學系(通過); 東吳大學 企業管理學系(備取,分發); 東吳大學 財務工程與精算數學系(備取); 逢甲大學 會計學系(通過); 輔仁大學 企業管理學系(備取)"
CAND_2062,115,cycu_acc,中原大學,會計學系,中原大學 會計學系,1105,—,備取,—,—,未分發或放棄,3,中原大學 會計學系(通過); 世新大學 公共關係暨廣告學系(通過); 實踐大學 會計學系永續會計組(臺北校區)(通過)
CAND_2063,115,cycu_acc,中原大學,會計學系,中原大學 會計學系,1101,翁*絜,備取,東吳大學,東吳大學 財務工程與精算數學系,其他學校錄取,3,"中原大學 會計學系(通過); 東吳大學 財務工程與精算數學系(備取,分發); 世新大學 財務金融學系(通過)"
CAND_2064,115,cycu_acc,中原大學,會計學系,中原大學 會計學系,1102,—,備取,—,—,未分發或放棄,2,中原大學 會計學系(通過); 國立宜蘭大學 應用經濟與管理學系(通過)
CAND_2065,115,cycu_acc,中原大學,會計學系,中原大學 會計學系,1102,—,備取,中原大學,中原大學 國際經營與貿易學系,原校系/本校留任,4,"中原大學 會計學系(通過); 國立中興大學 興翼招生A組(商學管理)(通過); 中原大學 企業管理學系工商管理組(正取); 中原大學 國際經營與貿易學系(正取,分發)"
CAND_2066,115,cycu_acc,中原大學,會計學系,中原大學 會計學系,1107,林*妡,備取,東吳大學,東吳大學 財務工程與精算數學系,其他學校錄取,3,"中原大學 會計學系(通過); 東吳大學 財務工程與精算數學系(正取,分發); 淡江大學 會計學系(通過)"
CAND_2067,115,cycu_acc,中原大學,會計學系,中原大學 會計學系,1102,—,備取,—,—,未分發或放棄,4,中原大學 會計學系(通過); 東吳大學 財務工程與精算數學系(通過); 中原大學 心理學系(通過); 中原大學 財務金融學系(通過)
CAND_2068,115,cycu_acc,中原大學,會計學系,中原大學 會計學系,〇****OTT,—,備取,—,—,未分發或放棄,3,中原大學 會計學系(通過); 東吳大學 會計學系(通過); 輔仁大學 人文與社區創新學士學位學程(通過)
CAND_2069,115,cycu_acc,中原大學,會計學系,中原大學 會計學系,1104,林*慈,正取,銘傳大學,銘傳大學 會計學系會計審計組(臺北校區),其他學校錄取,6,"中原大學 會計學系(通過); 東海大學 會計學系(通過); 淡江大學 會計學系(通過); 逢甲大學 會計學系(通過); 銘傳大學 會計學系會計審計組(臺北校區)(正取,分發); 銘傳大學 會計學系稅務規劃組(臺北校區)(備取)"
CAND_2070,115,cycu_acc,中原大學,會計學系,中原大學 會計學系,1108,—,備取,—,—,未分發或放棄,2,中原大學 會計學系(通過); 東吳大學 會計學系(通過)
CAND_2071,115,cycu_acc,中原大學,會計學系,中原大學 會計學系,1106,—,備取,—,—,未分發或放棄,3,中原大學 會計學系(通過); 淡江大學 國際企業學系經貿管理組(通過); 淡江大學 會計學系(通過)
CAND_2072,115,cycu_acc,中原大學,會計學系,中原大學 會計學系,1105,—,備取,—,—,未分發或放棄,4,中原大學 會計學系(通過); 東吳大學 哲學系(通過); 輔仁大學 景觀設計學系(通過); 輔仁大學 義大利語文學系(通過)
CAND_2073,115,cycu_acc,中原大學,會計學系,中原大學 會計學系,1113,周*恩,備取,長庚大學,長庚大學 工商管理學系(雙聯學位組),其他學校錄取,8,"中原大學 會計學系(通過); 長庚大學 工商管理學系(雙聯學位組)(備取,分發); 銘傳大學 都市設計與永續發展學系都市更新與土地開發組(桃園校區)(備取); 世新大學 財務金融學系(備取); 國立高雄科技大學財政稅務系(備取); 國立臺北護理健康大學健康事業管理系(通過); 南臺科技大學財務金融系(備取); 嘉南藥理大學社會工作系(通過)"
CAND_2074,115,cycu_acc,中原大學,會計學系,中原大學 會計學系,1111,—,備取,—,—,未分發或放棄,3,中原大學 會計學系(通過); 淡江大學 會計學系(通過); 輔仁大學 企業管理學系(通過)
CAND_2075,115,cycu_acc,中原大學,會計學系,中原大學 會計學系,111,—,備取,—,—,未分發或放棄,5,中原大學 會計學系(通過); 中原大學 資訊管理學系(通過); 銘傳大學 新媒體暨傳播管理學系(臺北校區)(通過); 銘傳大學 廣告暨策略行銷學系(臺北校區)(通過); 世新大學 公共關係暨廣告學系(通過)
CAND_2076,115,cycu_acc,中原大學,會計學系,中原大學 會計學系,1111,—,備取,—,—,未分發或放棄,3,中原大學 會計學系(通過); 國立中正大學 嘉星招生乙組(管)(通過); 銘傳大學 金融學系(桃園校區)(通過)
CAND_2077,115,cycu_acc,中原大學,會計學系,中原大學 會計學系,1119,鄭*木,備取,淡江大學,淡江大學 財務金融學系全球財務管理全英語學士班,其他學校錄取,6,"中原大學 會計學系(通過); 中原大學 應用外國語文學系(正取); 淡江大學 英文學系(正取); 淡江大學 財務金融學系全球財務管理全英語學士班(正取,分發); 逢甲大學 財務金融學系(備取); 銘傳大學 金融學系(桃園校區)(通過)"
CAND_2078,115,cycu_acc,中原大學,會計學系,中原大學 會計學系,1118,林*,備取,輔仁大學,輔仁大學 統計資訊學系,其他學校錄取,3,"中原大學 會計學系(通過); 中原大學 工業與系統工程學系管理組(通過); 輔仁大學 統計資訊學系(備取,分發)"
CAND_2079,115,cycu_acc,中原大學,會計學系,中原大學 會計學系,1116,謝*臻,備取,淡江大學,淡江大學 國際企業學系經貿管理組,其他學校錄取,6,"中原大學 會計學系(通過); 中原大學 國際經營與貿易學系(正取); 東海大學 國際經營與貿易學系(正取); 淡江大學 國際企業學系經貿管理組(正取,分發); 逢甲大學 國際經營與貿易學系(正取); 國立高雄科技大學國際企業系(通過)"
CAND_2080,115,cycu_acc,中原大學,會計學系,中原大學 會計學系,1116,維*妍,備取,中原大學,中原大學 國際經營與貿易學系,原校系/本校留任,5,"中原大學 會計學系(通過); 中原大學 國際經營與貿易學系(備取,分發); 輔仁大學 景觀設計學系(備取); 輔仁大學 織品服裝學系織品設計組(正取); 輔仁大學 織品服裝學系服飾設計組(正取)"
CAND_2081,115,cycu_acc,中原大學,會計學系,中原大學 會計學系,111,—,備取,—,—,未分發或放棄,5,中原大學 會計學系(通過); 中原大學 財經法律學系財貿法組(通過); 元智大學 管理學院學士班(主修：財務金融)(通過); 元智大學 管理學院學士班(主修：會計)(通過); 元智大學 資訊管理學系(通過)
CAND_2082,115,cycu_acc,中原大學,會計學系,中原大學 會計學系,1116,黄*喆,備取,淡江大學,淡江大學 國際企業學系國際商學全英語組,其他學校錄取,3,"中原大學 會計學系(通過); 淡江大學 國際企業學系國際商學全英語組(備取,分發); 銘傳大學 資訊管理學系電子商務管理組(桃園校區)(正取)"
CAND_2083,115,cycu_acc,中原大學,會計學系,中原大學 會計學系,1119,—,備取,—,—,未分發或放棄,1,中原大學 會計學系(通過)
CAND_2084,115,cycu_acc,中原大學,會計學系,中原大學 會計學系,1118,—,備取,—,—,未分發或放棄,4,中原大學 會計學系(通過); 東吳大學 資料科學系(通過); 中原大學 財務金融學系(通過); 國立高雄師範大學 地理學系(通過)
CAND_2085,115,cycu_acc,中原大學,會計學系,中原大學 會計學系,1115,—,備取,中原大學,中原大學 地景建築學系,原校系/本校留任,3,"中原大學 會計學系(通過); 中原大學 地景建築學系(備取,分發); 國立臺灣海洋大學 海洋文創設計產業學士學位學程(通過)"
CAND_2086,115,cycu_acc,中原大學,會計學系,中原大學 會計學系,1118,何*霆,備取,淡江大學,淡江大學 運輸管理學系,其他學校錄取,4,"中原大學 會計學系(通過); 淡江大學 運輸管理學系(正取,分發); 逢甲大學 財務金融學系(通過); 輔仁大學 圖書資訊學系(備取)"
CAND_2087,115,cycu_acc,中原大學,會計學系,中原大學 會計學系,1114,—,備取,—,—,未分發或放棄,3,中原大學 會計學系(通過); 元智大學 管理學院學士班(主修：數位行銷與人力資源)(通過); 元智大學 管理學院學士班(主修：國際企業管理)(通過)
CAND_2088,115,cycu_acc,中原大學,會計學系,中原大學 會計學系,1116,—,備取,—,—,未分發或放棄,3,中原大學 會計學系(通過); 銘傳大學 法律學系(臺北校區)(通過); 銘傳大學 諮商臨床與工商心理學系(桃園校區)(通過)
CAND_2089,115,cycu_acc,中原大學,會計學系,中原大學 會計學系,1119,—,備取,—,—,未分發或放棄,5,中原大學 會計學系(通過); 中原大學 財務金融學系(通過); 中原大學 財經法律學系財貿法組(通過); 國立中央大學 客家語文暨社會科學學系客家社會及政策組(通過); 輔仁大學 歷史學系(通過)
CAND_2090,115,cycu_acc,中原大學,會計學系,中原大學 會計學系,1116,葉*,備取,銘傳大學,銘傳大學 資訊工程學系乙組(桃園校區),其他學校錄取,4,"中原大學 會計學系(通過); 東吳大學 經濟學系(通過); 元智大學 管理學院學士班(主修：財務金融)(通過); 銘傳大學 資訊工程學系乙組(桃園校區)(正取,分發)"
CAND_2091,115,cycu_acc,中原大學,會計學系,中原大學 會計學系,1119,黄*存,備取,逢甲大學,逢甲大學 行銷學系,其他學校錄取,5,"中原大學 會計學系(通過); 東海大學 餐旅管理學系(通過); 逢甲大學 會計學系(通過); 逢甲大學 行銷學系(備取,分發); 世新大學 廣播電視電影學系電視組(通過)"
CAND_2092,115,cycu_acc,中原大學,會計學系,中原大學 會計學系,1111,李*豪,備取,淡江大學,淡江大學 全球政治經濟學系全英語學士班,其他學校錄取,4,"中原大學 會計學系(通過); 淡江大學 全球政治經濟學系全英語學士班(備取,分發); 輔仁大學 社會學系(備取); 開南大學 法律學系(通過)"
CAND_2093,115,cycu_acc,中原大學,會計學系,中原大學 會計學系,1114,陳*蓉,正取,輔仁大學,輔仁大學 會計學系,其他學校錄取,5,"中原大學 會計學系(通過); 東吳大學 會計學系(正取); 中原大學 中原大學與美國天普大學商學管理雙學士學位學程(通過); 輔仁大學 會計學系(正取,分發); 國立彰化師範大學 會計學系(通過)"
CAND_2094,115,cycu_acc,中原大學,會計學系,中原大學 會計學系,111,—,備取,—,—,未分發或放棄,4,中原大學 會計學系(通過); 中原大學 財務金融學系(通過); 淡江大學 經濟學系(通過); 淡江大學 資訊管理學系(通過)
CAND_2095,115,cycu_acc,中原大學,會計學系,中原大學 會計學系,1114,温*穎,備取,東吳大學,東吳大學 資料科學系,其他學校錄取,3,"中原大學 會計學系(通過); 東吳大學 資料科學系(正取,分發); 逢甲大學 會計學系(通過)"
CAND_2096,115,cycu_acc,中原大學,會計學系,中原大學 會計學系,1116,鄭*,備取,—,—,未分發或放棄,4,中原大學 會計學系(通過); 長庚大學 工商管理學系(備取); 元智大學 管理學院學士班(主修：會計)(通過); 國立宜蘭大學 外國語文學系(備取)
CAND_2097,115,cycu_acc,中原大學,會計學系,中原大學 會計學系,1112,—,備取,—,—,未分發或放棄,6,中原大學 會計學系(通過); 東海大學 歷史學系(通過); 逢甲大學 會計學系(通過); 逢甲大學 財稅學系(通過); 國立金門大學 應用英語學系(通過); 朝陽科技大學飛行與民航人員技術系(通過)
CAND_2098,115,cycu_acc,中原大學,會計學系,中原大學 會計學系,1112,*皓,備取,中原大學,中原大學 應用數學系,原校系/本校留任,5,"中原大學 會計學系(通過); 中原大學 應用數學系(備取,分發); 淡江大學 資訊工程學系A組(備取); 逢甲大學 通訊工程學系(備取); 國立臺灣海洋大學 資訊工程學系(資安組)(通過)"
CAND_2099,115,cycu_acc,中原大學,會計學系,中原大學 會計學系,1118,維*瑜,正取,淡江大學,淡江大學 會計學系,其他學校錄取,4,"中原大學 會計學系(通過); 東吳大學 會計學系(正取); 淡江大學 會計學系(正取,分發); 輔仁大學 會計學系(正取)"
CAND_2100,115,cycu_acc,中原大學,會計學系,中原大學 會計學系,1116,—,備取,—,—,未分發或放棄,3,中原大學 會計學系(通過); 東吳大學 企業管理學系(通過); 逢甲大學 財務金融學系(通過)
CAND_2101,115,cycu_acc,中原大學,會計學系,中原大學 會計學系,1113,—,備取,—,—,未分發或放棄,2,中原大學 會計學系(通過); 東吳大學 財務工程與精算數學系(通過)
CAND_2102,115,cycu_acc,中原大學,會計學系,中原大學 會計學系,1112,—,備取,—,—,未分發或放棄,2,中原大學 會計學系(通過); 逢甲大學 通訊工程學系(通過)
CAND_2103,115,cycu_acc,中原大學,會計學系,中原大學 會計學系,1116,紀*然,備取,逢甲大學,逢甲大學 澳洲墨爾本皇家理工大學商學與創新雙學士學位學程,其他學校錄取,5,"中原大學 會計學系(通過); 淡江大學 財務金融學系全球財務管理全英語學士班(正取); 逢甲大學 國際經營與貿易學系(通過); 逢甲大學 財務金融學系(備取); 逢甲大學 澳洲墨爾本皇家理工大學商學與創新雙學士學位學程(正取,分發)"
CAND_2104,115,cycu_acc,中原大學,會計學系,中原大學 會計學系,1116,—,備取,東海大學,東海大學 外國語文學系,其他學校錄取,5,"中原大學 會計學系(通過); 中原大學 應用外國語文學系(備取); 東海大學 外國語文學系(備取,分發); 淡江大學 財務金融學系全球財務管理全英語學士班(通過); 淡江大學 外交與國際關係學系全英語學士班(通過)"
CAND_2105,115,cycu_acc,中原大學,會計學系,中原大學 會計學系,1112,陳*浩,備取,逢甲大學,逢甲大學 財稅學系,其他學校錄取,4,"中原大學 會計學系(通過); 淡江大學 風險管理與保險學系(通過); 逢甲大學 會計學系(備取); 逢甲大學 財稅學系(正取,分發)"
CAND_2106,115,cycu_acc,中原大學,會計學系,中原大學 會計學系,1126,—,備取,—,—,未分發或放棄,5,中原大學 會計學系(通過); 淡江大學 會計學系(通過); 逢甲大學 會計學系(通過); 國立高雄科技大學會計資訊系(通過); 致理科技大學會計資訊系(通過)
CAND_2107,115,cycu_acc,中原大學,會計學系,中原大學 會計學系,1122,黄*程,正取,東吳大學,東吳大學 會計學系,其他學校錄取,6,"中原大學 會計學系(通過); 東吳大學 會計學系(備取,分發); 東海大學 會計學系(正取); 東海大學 財務金融學系(備取); 逢甲大學 財務金融學系(通過); 輔仁大學 會計學系(備取)"
CAND_2108,115,cycu_acc,中原大學,會計學系,中原大學 會計學系,1124,郭*呈,備取,逢甲大學,逢甲大學 會計學系,其他學校錄取,4,"中原大學 會計學系(通過); 東海大學 經濟學系(通過); 逢甲大學 會計學系(備取,分發); 逢甲大學 經濟學系(正取)"
CAND_2109,115,cycu_acc,中原大學,會計學系,中原大學 會計學系,1123,—,備取,—,—,未分發或放棄,1,中原大學 會計學系(通過)
CAND_2110,115,cycu_acc,中原大學,會計學系,中原大學 會計學系,1125,—,備取,—,—,未分發或放棄,4,中原大學 會計學系(通過); 中原大學 財務金融學系(通過); 逢甲大學 會計學系(通過); 逢甲大學 財務金融學系(通過)
CAND_2111,115,cycu_acc,中原大學,會計學系,中原大學 會計學系,1121,李*婷,備取,國立嘉義大學,國立嘉義大學 科技管理學系,其他學校錄取,5,"中原大學 會計學系(通過); 逢甲大學 風險管理與保險學系(通過); 國立嘉義大學 科技管理學系(正取,分發); 國立聯合大學 經營管理學系(通過); 國立高雄科技大學航運管理系(備取)"
CAND_2112,115,cycu_acc,中原大學,會計學系,中原大學 會計學系,1121,—,備取,—,—,未分發或放棄,6,中原大學 會計學系(通過); 淡江大學 會計學系(通過); 輔仁大學 德語語文學系(通過); 世新大學 廣播電視電影學系電影組(通過); 實踐大學 資訊科技與管理學系數位媒體設計組(臺北校區)(通過); 國立臺灣體育運動大學 運動資訊與傳播學系(通過)
CAND_2113,115,cycu_acc,中原大學,會計學系,中原大學 會計學系,1128,—,備取,—,—,未分發或放棄,6,中原大學 會計學系(通過); 國立高雄師範大學 地理學系(通過); 國立中正大學 歷史學系(通過); 國立中正大學 哲學系(通過); 國立中正大學 政治學系(通過); 國立中正大學 成人及繼續教育學系(通過)
CAND_2114,115,cycu_acc,中原大學,會計學系,中原大學 會計學系,1121,苗*祥,正取,逢甲大學,逢甲大學 財務金融學系,其他學校錄取,4,"中原大學 會計學系(通過); 逢甲大學 會計學系(正取); 逢甲大學 經濟學系(正取); 逢甲大學 財務金融學系(備取,分發)"
CAND_2115,115,cycu_acc,中原大學,會計學系,中原大學 會計學系,112,—,備取,—,—,未分發或放棄,3,中原大學 會計學系(通過); 東海大學 政治學系(通過); 中國文化大學 行政管理學系(通過)
CAND_2116,115,cycu_acc,中原大學,會計學系,中原大學 會計學系,1126,朱*,正取,逢甲大學,逢甲大學 會計學系,其他學校錄取,6,"中原大學 會計學系(通過); 東海大學 會計學系(正取); 逢甲大學 會計學系(正取,分發); 逢甲大學 國際經營與貿易學系(通過); 逢甲大學 財稅學系(正取); 靜宜大學 會計學系(通過)"
CAND_2117,115,cycu_acc,中原大學,會計學系,中原大學 會計學系,1121,*翔,備取,逢甲大學,逢甲大學 會計學系,其他學校錄取,4,"中原大學 會計學系(通過); 逢甲大學 會計學系(備取,分發); 逢甲大學 國際經營與貿易學系(備取); 靜宜大學 財務金融學系(備取)"
CAND_2118,115,cycu_acc,中原大學,會計學系,中原大學 會計學系,1129,—,備取,—,—,未分發或放棄,7,中原大學 會計學系(通過); 中原大學 財務金融學系(通過); 逢甲大學 會計學系(通過); 逢甲大學 財務金融學系(通過); 國立嘉義大學 企業管理學系(通過); 國立屏東科技大學財務金融國際學士學位學程(通過); 國立高雄科技大學財務管理系(通過)
CAND_2119,115,cycu_acc,中原大學,會計學系,中原大學 會計學系,1122,*佑,正取,淡江大學,淡江大學 會計學系,其他學校錄取,4,"中原大學 會計學系(通過); 淡江大學 會計學系(正取,分發); 逢甲大學 會計學系(正取); 國立東華大學 會計學系(正取)"
CAND_2120,115,cycu_acc,中原大學,會計學系,中原大學 會計學系,1138,胡*恩,正取,逢甲大學,逢甲大學 財務金融學系,其他學校錄取,3,"中原大學 會計學系(通過); 逢甲大學 會計學系(正取); 逢甲大學 財務金融學系(正取,分發)"
CAND_2121,115,cycu_acc,中原大學,會計學系,中原大學 會計學系,1134,黄*璇,備取,逢甲大學,逢甲大學 外國語文學系,其他學校錄取,9,"中原大學 會計學系(通過); 逢甲大學 外國語文學系(備取,分發); 靜宜大學 英國語文學系(正取); 國立屏東科技大學財務金融國際學士學位學程(通過); 國立高雄科技大學財政稅務系(通過); 龍華科技大學應用外語系(通過); 德明財經科技大學應用外語系(通過); 文藻外語大學英國語文系(通過); 致理科技大學應用英語系(通過)"
CAND_2122,115,cycu_acc,中原大學,會計學系,中原大學 會計學系,1135,—,備取,—,—,未分發或放棄,1,中原大學 會計學系(通過)
CAND_2123,115,cycu_acc,中原大學,會計學系,中原大學 會計學系,1134,—,備取,—,—,未分發或放棄,4,中原大學 會計學系(通過); 東海大學 國際學院國際經營管理學位學程(通過); 逢甲大學 會計學系(通過); 逢甲大學 金融學院學士班(通過)
CAND_2124,115,cycu_acc,中原大學,會計學系,中原大學 會計學系,1131,—,備取,國立臺南大學,國立臺南大學 行政管理學系,其他學校錄取,5,"中原大學 會計學系(通過); 中國文化大學 法律學系(通過); 國立臺灣海洋大學 海洋法政學士學位學程(通過); 國立臺南大學 行政管理學系(正取,分發); 國立高雄大學 財務金融學系(通過)"
CAND_2125,113,fcu_acc,逢甲大學,會計學系,逢甲大學 會計學系,1125,林*,正取,輔仁大學,輔仁大學 會計學系,其他學校錄取,5,"逢甲大學 會計學系(正取); 中原大學 會計學系(正取); 輔仁大學 會計學系(正取,分發); 國立彰化師範大學 會計學系(通過); 國立東華大學 會計學系(正取)"
CAND_2126,113,fcu_acc,逢甲大學,會計學系,逢甲大學 會計學系,1116,*妤,正取,逢甲大學,逢甲大學 澳洲昆士蘭大學商學雙學士學位學程,原校系/本校留任,2,"逢甲大學 會計學系(正取); 逢甲大學 澳洲昆士蘭大學商學雙學士學位學程(正取,分發)"
CAND_2127,113,fcu_acc,逢甲大學,會計學系,逢甲大學 會計學系,111,陳*彤,正取,—,—,未分發或放棄,6,逢甲大學 會計學系(正取); 東吳大學 會計學系(正取); 東海大學 會計學系(正取); 國立雲林科技大學國際管理學士學位學程(通過); 國立高雄科技大學國際企業系(通過); 國立高雄科技大學會計資訊系(正取)
CAND_2128,113,fcu_acc,逢甲大學,會計學系,逢甲大學 會計學系,112,張*婷,正取,逢甲大學,逢甲大學 會計學系,原校系/本校留任,6,"逢甲大學 會計學系(正取,分發); 東吳大學 會計學系(備取); 東海大學 會計學系(正取); 淡江大學 會計學系(正取); 輔仁大學 會計學系(備取); 銘傳大學 會計學系會計審計組(臺北校區)(正取)"
CAND_2129,113,fcu_acc,逢甲大學,會計學系,逢甲大學 會計學系,1117,李*澄,正取,東吳大學,東吳大學 會計學系,其他學校錄取,4,"逢甲大學 會計學系(正取); 東吳大學 會計學系(正取,分發); 輔仁大學 會計學系(正取); 國立彰化師範大學 會計學系(備取)"
CAND_2130,113,fcu_acc,逢甲大學,會計學系,逢甲大學 會計學系,1109,陳*鈞,正取,東吳大學,東吳大學 會計學系,其他學校錄取,3,"逢甲大學 會計學系(正取); 國立臺灣大學 歷史學系(通過); 東吳大學 會計學系(正取,分發)"
CAND_2131,113,fcu_acc,逢甲大學,會計學系,逢甲大學 會計學系,1112,—,正取,逢甲大學,逢甲大學 會計學系,原校系/本校留任,4,"逢甲大學 會計學系(正取,分發); 東吳大學 會計學系(通過); 東海大學 會計學系(正取); 靜宜大學 會計學系(正取)"
CAND_2132,113,fcu_acc,逢甲大學,會計學系,逢甲大學 會計學系,1119,林*增,正取,逢甲大學,逢甲大學 財務金融學系,原校系/本校留任,4,"逢甲大學 會計學系(正取); 逢甲大學 經濟學系(正取); 逢甲大學 財務金融學系(正取,分發); 國立臺中教育大學 特殊教育學系(通過)"
CAND_2133,113,fcu_acc,逢甲大學,會計學系,逢甲大學 會計學系,1937,陳*琪,正取,國立成功大學,國立成功大學 中國文學系,其他學校錄取,6,"逢甲大學 會計學系(正取); 國立中興大學 歷史學系(正取); 國立成功大學 中國文學系(備取,分發); 東吳大學 英文學系(正取); 國立政治大學 中國文學系(備取); 國立中正大學 中國文學系(正取)"
CAND_2134,113,fcu_acc,逢甲大學,會計學系,逢甲大學 會計學系,1123,陳*女,正取,逢甲大學,逢甲大學 會計學系,原校系/本校留任,2,"逢甲大學 會計學系(正取,分發); 東海大學 行政管理暨政策學系(正取)"
CAND_2135,113,fcu_acc,逢甲大學,會計學系,逢甲大學 會計學系,1117,李*盈,正取,東海大學,東海大學 會計學系,其他學校錄取,5,"逢甲大學 會計學系(正取); 中原大學 會計學系(正取); 東海大學 會計學系(正取,分發); 淡江大學 會計學系(正取); 元智大學 管理學院學士班(主修：會計)(通過)"
CAND_2136,113,fcu_acc,逢甲大學,會計學系,逢甲大學 會計學系,1118,余*褕,正取,東海大學,東海大學 會計學系,其他學校錄取,5,"逢甲大學 會計學系(正取); 東吳大學 國際經營與貿易學系(通過); 東海大學 會計學系(正取,分發); 東海大學 法律學系(正取); 國立臺南大學 國語文學系(通過)"
CAND_2137,113,fcu_acc,逢甲大學,會計學系,逢甲大學 會計學系,1123,維*婕,正取,逢甲大學,逢甲大學 會計學系,原校系/本校留任,3,"逢甲大學 會計學系(正取,分發); 中原大學 會計學系(正取); 東海大學 會計學系(正取)"
CAND_2138,113,fcu_acc,逢甲大學,會計學系,逢甲大學 會計學系,1113,賴*瑄,正取,逢甲大學,逢甲大學 財務金融學系,原校系/本校留任,5,"逢甲大學 會計學系(正取); 東吳大學 會計學系(正取); 逢甲大學 合作經濟暨社會事業經營學系(正取); 逢甲大學 財務金融學系(正取,分發); 國立高雄大學 應用經濟學系(備取)"
CAND_2139,113,fcu_acc,逢甲大學,會計學系,逢甲大學 會計學系,1117,李*,正取,國立暨南國際大學,國立暨南國際大學 公共行政與政策學系,其他學校錄取,2,"逢甲大學 會計學系(正取); 國立暨南國際大學 公共行政與政策學系(正取,分發)"
CAND_2140,113,fcu_acc,逢甲大學,會計學系,逢甲大學 會計學系,1119,張*宇,正取,國立暨南國際大學,國立暨南國際大學 管理學院學士班,其他學校錄取,4,"逢甲大學 會計學系(正取); 逢甲大學 財務工程與精算學士學位學程(正取); 國立臺中教育大學 國際企業學系(通過); 國立暨南國際大學 管理學院學士班(正取,分發)"
CAND_2141,113,fcu_acc,逢甲大學,會計學系,逢甲大學 會計學系,1117,林*祐,正取,國立嘉義大學,國立嘉義大學 財務金融學系,其他學校錄取,5,"逢甲大學 會計學系(正取); 國立嘉義大學 財務金融學系(備取,分發); 國立高雄大學 應用經濟學系(通過); 國立聯合大學 機械工程學系(備取); 國立聯合大學 建築學系(通過)"
CAND_2142,113,fcu_acc,逢甲大學,會計學系,逢甲大學 會計學系,1125,陳*女,正取,輔仁大學,輔仁大學 會計學系,其他學校錄取,6,"逢甲大學 會計學系(正取); 東吳大學 會計學系(備取); 淡江大學 會計學系(正取); 輔仁大學 會計學系(備取,分發); 國立東華大學 諮商與臨床心理學系(備取); 銘傳大學 會計學系會計審計組(臺北校區)(通過)"
CAND_2143,113,fcu_acc,逢甲大學,會計學系,逢甲大學 會計學系,1101,林*昀,正取,—,—,未分發或放棄,1,逢甲大學 會計學系(正取)
CAND_2144,113,fcu_acc,逢甲大學,會計學系,逢甲大學 會計學系,1123,梁*恩,正取,國立臺灣海洋大學,國立臺灣海洋大學 運輸科學系A組,其他學校錄取,7,"逢甲大學 會計學系(正取); 東吳大學 會計學系(備取); 輔仁大學 會計學系(備取); 輔仁大學 資訊管理學系(通過); 國立臺灣海洋大學 運輸科學系A組(正取,分發); 國立高雄科技大學航運管理系(備取); 國立高雄科技大學航運技術系(通過)"
CAND_2145,113,fcu_acc,逢甲大學,會計學系,逢甲大學 會計學系,1129,楊*,正取,逢甲大學,逢甲大學 會計學系,原校系/本校留任,2,"逢甲大學 會計學系(正取,分發); 嶺東科技大學會計資訊系(通過)"
CAND_2146,113,fcu_acc,逢甲大學,會計學系,逢甲大學 會計學系,1128,—,正取,東吳大學,東吳大學 會計學系,其他學校錄取,3,"逢甲大學 會計學系(正取); 東吳大學 會計學系(備取,分發); 東海大學 會計學系(通過)"
CAND_2147,113,fcu_acc,逢甲大學,會計學系,逢甲大學 會計學系,1112,林*宇,正取,逢甲大學,逢甲大學 會計學系,原校系/本校留任,4,"逢甲大學 會計學系(正取,分發); 淡江大學 會計學系(通過); 逢甲大學 國際經營與貿易學系(通過); 輔仁大學 資訊管理學系(備取)"
CAND_2148,113,fcu_acc,逢甲大學,會計學系,逢甲大學 會計學系,1111,陳*竹,正取,—,—,未分發或放棄,1,逢甲大學 會計學系(正取)
CAND_2149,113,fcu_acc,逢甲大學,會計學系,逢甲大學 會計學系,1115,黄*婷,正取,中原大學,中原大學 會計學系,其他學校錄取,4,"逢甲大學 會計學系(正取); 中原大學 會計學系(正取,分發); 中原大學 財務金融學系(備取); 淡江大學 會計學系(正取)"
CAND_2150,113,fcu_acc,逢甲大學,會計學系,逢甲大學 會計學系,1121,*惠,正取,逢甲大學,逢甲大學 財務金融學系,原校系/本校留任,3,"逢甲大學 會計學系(正取); 中原大學 電子工程學系(備取); 逢甲大學 財務金融學系(正取,分發)"
CAND_2151,113,fcu_acc,逢甲大學,會計學系,逢甲大學 會計學系,1111,*言,正取,輔仁大學,輔仁大學 心理學系,其他學校錄取,4,"逢甲大學 會計學系(正取); 東吳大學 會計學系(正取); 輔仁大學 會計學系(備取); 輔仁大學 心理學系(正取,分發)"
CAND_2152,113,fcu_acc,逢甲大學,會計學系,逢甲大學 會計學系,1115,葉*,正取,國立聯合大學,國立聯合大學 機械工程學系,其他學校錄取,9,"逢甲大學 會計學系(正取); 東海大學 會計學系(正取); 國立聯合大學 機械工程學系(備取,分發); 國立高雄科技大學土木工程系(通過); 國立高雄科技大學會計資訊系(通過); 國立高雄科技大學金融資訊系(通過); 國立高雄科技大學財政稅務系(通過); 國立虎尾科技大學自動化工程系(通過); 國立勤益科技大學資訊工程系(通過)"
CAND_2153,113,fcu_acc,逢甲大學,會計學系,逢甲大學 會計學系,1111,紀*彤,正取,東海大學,東海大學 法律學系,其他學校錄取,5,"逢甲大學 會計學系(正取); 高雄醫學大學 香粧品學系(通過); 東海大學 法律學系(備取,分發); 國立高雄大學 財經法律學系(通過); 國立雲林科技大學建築與室內設計系室內組(通過)"
CAND_2154,113,fcu_acc,逢甲大學,會計學系,逢甲大學 會計學系,1127,林*依,正取,東吳大學,東吳大學 會計學系,其他學校錄取,3,"逢甲大學 會計學系(正取); 東吳大學 會計學系(備取,分發); 國立高雄大學 亞太工商管理學系工業管理組(通過)"
CAND_2155,113,fcu_acc,逢甲大學,會計學系,逢甲大學 會計學系,1119,—,正取,東海大學,東海大學 會計學系,其他學校錄取,4,"逢甲大學 會計學系(正取); 東海大學 會計學系(正取,分發); 東海大學 經濟學系(正取); 逢甲大學 國際經營與貿易學系(通過)"
CAND_2156,113,fcu_acc,逢甲大學,會計學系,逢甲大學 會計學系,1136,—,正取,淡江大學,淡江大學 財務金融學系,其他學校錄取,5,"逢甲大學 會計學系(正取); 東海大學 會計學系(正取); 淡江大學 財務金融學系(備取,分發); 淡江大學 會計學系(正取); 逢甲大學 財稅學系(通過)"
CAND_2157,113,fcu_acc,逢甲大學,會計學系,逢甲大學 會計學系,1136,陳*非,正取,淡江大學,淡江大學 會計學系,其他學校錄取,6,"逢甲大學 會計學系(正取); 淡江大學 會計學系(正取,分發); 逢甲大學 國際經營與貿易學系(備取); 逢甲大學 財稅學系(正取); 國立臺灣海洋大學 商船學系(備取); 銘傳大學 會計學系會計審計組(臺北校區)(備取)"
CAND_2158,113,fcu_acc,逢甲大學,會計學系,逢甲大學 會計學系,1101,林*女,正取,東吳大學,東吳大學 會計學系,其他學校錄取,4,"逢甲大學 會計學系(正取); 東吳大學 會計學系(備取,分發); 淡江大學 會計學系(正取); 輔仁大學 法律學系(備取)"
CAND_2159,113,fcu_acc,逢甲大學,會計學系,逢甲大學 會計學系,1126,薛*羽,正取,逢甲大學,逢甲大學 財務金融學系,原校系/本校留任,5,"逢甲大學 會計學系(正取); 逢甲大學 國際經營與貿易學系(正取); 逢甲大學 財務金融學系(正取,分發); 國立屏東大學 財務金融學系(正取); 國立屏東大學 會計學系(正取)"
CAND_2160,113,fcu_acc,逢甲大學,會計學系,逢甲大學 會計學系,1114,周*穎,正取,東海大學,東海大學 會計學系,其他學校錄取,4,"逢甲大學 會計學系(正取); 東海大學 會計學系(正取,分發); 逢甲大學 財稅學系(通過); 靜宜大學 會計學系(通過)"
CAND_2161,113,fcu_acc,逢甲大學,會計學系,逢甲大學 會計學系,1109,*婷,正取,中原大學,中原大學 財經法律學系財貿法組,其他學校錄取,4,"逢甲大學 會計學系(正取); 中原大學 會計學系(正取); 中原大學 財經法律學系財貿法組(正取,分發); 逢甲大學 國際經營與貿易學系(正取)"
CAND_2162,113,fcu_acc,逢甲大學,會計學系,逢甲大學 會計學系,1118,彭*鴻,正取,逢甲大學,逢甲大學 會計學系,原校系/本校留任,3,"逢甲大學 會計學系(正取,分發); 中原大學 財務金融學系(通過); 東海大學 會計學系(正取)"
CAND_2163,113,fcu_acc,逢甲大學,會計學系,逢甲大學 會計學系,1125,—,正取,東吳大學,東吳大學 會計學系,其他學校錄取,5,"逢甲大學 會計學系(正取); 東吳大學 會計學系(備取,分發); 逢甲大學 財務金融學系(正取); 馬偕醫學院 護理學系(備取); 國立臺北護理健康大學護理系(備取)"
CAND_2164,113,fcu_acc,逢甲大學,會計學系,逢甲大學 會計學系,112,鄭*,正取,國立屏東大學,國立屏東大學 會計學系,其他學校錄取,5,"逢甲大學 會計學系(正取); 國立屏東大學 財務金融學系(正取); 國立屏東大學 會計學系(正取,分發); 國立嘉義大學 應用數學系(通過); 國立高雄大學 應用數學系(通過)"
CAND_2165,113,fcu_acc,逢甲大學,會計學系,逢甲大學 會計學系,111,吳*恩,正取,逢甲大學,逢甲大學 會計學系,原校系/本校留任,5,"逢甲大學 會計學系(正取,分發); 中原大學 會計學系(正取); 東海大學 會計學系(正取); 淡江大學 會計學系(備取); 逢甲大學 財稅學系(通過)"
CAND_2166,113,fcu_acc,逢甲大學,會計學系,逢甲大學 會計學系,1132,江*丞,正取,東海大學,東海大學 會計學系,其他學校錄取,4,"逢甲大學 會計學系(正取); 中原大學 會計學系(正取); 東海大學 會計學系(正取,分發); 中山醫學大學 營養學系(B組)(通過)"
CAND_2167,113,fcu_acc,逢甲大學,會計學系,逢甲大學 會計學系,1132,葉*均,正取,逢甲大學,逢甲大學 會計學系,原校系/本校留任,3,"逢甲大學 會計學系(正取,分發); 東海大學 會計學系(正取); 逢甲大學 財務金融學系(備取)"
CAND_2168,113,fcu_acc,逢甲大學,會計學系,逢甲大學 會計學系,1121,楊*女,正取,國立彰化師範大學,國立彰化師範大學 企業管理學系,其他學校錄取,5,"逢甲大學 會計學系(正取); 逢甲大學 財務金融學系(正取); 國立彰化師範大學 企業管理學系(備取,分發); 國立暨南國際大學 國際企業學系(備取); 國立嘉義大學 外國語言學系應用外語組(備取)"
CAND_2169,113,fcu_acc,逢甲大學,會計學系,逢甲大學 會計學系,111,*廉,正取,東海大學,東海大學 會計學系,其他學校錄取,3,"逢甲大學 會計學系(正取); 中原大學 會計學系(備取); 東海大學 會計學系(正取,分發)"
CAND_2170,113,fcu_acc,逢甲大學,會計學系,逢甲大學 會計學系,1112,許*媛,正取,國立屏東大學,國立屏東大學 特殊教育學系人社組,其他學校錄取,3,"逢甲大學 會計學系(正取); 東吳大學 社會工作學系(備取); 國立屏東大學 特殊教育學系人社組(正取,分發)"
CAND_2171,113,fcu_acc,逢甲大學,會計學系,逢甲大學 會計學系,1122,*喬,正取,東海大學,東海大學 化學系化學組,其他學校錄取,2,"逢甲大學 會計學系(正取); 東海大學 化學系化學組(正取,分發)"
CAND_2172,113,fcu_acc,逢甲大學,會計學系,逢甲大學 會計學系,1123,方*,正取,東海大學,東海大學 行政管理暨政策學系,其他學校錄取,5,"逢甲大學 會計學系(正取); 東海大學 行政管理暨政策學系(備取,分發); 國立東華大學 公共行政學系(正取); 國立屏東大學 不動產經營學系(正取); 國立屏東大學 國際經營與貿易學系(備取)"
CAND_2173,113,fcu_acc,逢甲大學,會計學系,逢甲大學 會計學系,1117,賴*,正取,逢甲大學,逢甲大學 會計學系,原校系/本校留任,2,"逢甲大學 會計學系(正取,分發); 淡江大學 會計學系(正取)"
CAND_2174,113,fcu_acc,逢甲大學,會計學系,逢甲大學 會計學系,1114,梁*,正取,中原大學,中原大學 會計學系,其他學校錄取,4,"逢甲大學 會計學系(正取); 中原大學 會計學系(正取,分發); 元智大學 工業工程與管理學系(備取); 國立聯合大學 經營管理學系(正取)"
CAND_2175,113,fcu_acc,逢甲大學,會計學系,逢甲大學 會計學系,1107,林*,正取,元智大學,元智大學 資訊管理學系,其他學校錄取,5,"逢甲大學 會計學系(正取); 淡江大學 資訊管理學系(備取); 元智大學 資訊管理學系(備取,分發); 明志科技大學電子工程系(通過); 致理科技大學資訊管理系(正取)"
CAND_2176,113,fcu_acc,逢甲大學,會計學系,逢甲大學 會計學系,1119,*婷,正取,逢甲大學,逢甲大學 會計學系,原校系/本校留任,3,"逢甲大學 會計學系(正取,分發); 逢甲大學 經濟學系(正取); 銘傳大學 會計學系會計審計組(臺北校區)(備取)"
CAND_2177,113,fcu_acc,逢甲大學,會計學系,逢甲大學 會計學系,1137,林*妮,正取,逢甲大學,逢甲大學 會計學系,原校系/本校留任,4,"逢甲大學 會計學系(正取,分發); 東海大學 會計學系(通過); 逢甲大學 經濟學系(正取); 逢甲大學 風險管理與保險學系(正取)"
CAND_2178,113,fcu_acc,逢甲大學,會計學系,逢甲大學 會計學系,1114,吳*銘,正取,中原大學,中原大學 會計學系,其他學校錄取,4,"逢甲大學 會計學系(正取); 中原大學 會計學系(備取,分發); 淡江大學 財務金融學系(通過); 淡江大學 會計學系(備取)"
CAND_2179,113,fcu_acc,逢甲大學,會計學系,逢甲大學 會計學系,1126,陳*毅,正取,逢甲大學,逢甲大學 財務金融學系,原校系/本校留任,5,"逢甲大學 會計學系(正取); 東海大學 企業管理學系(通過); 逢甲大學 國際經營與貿易學系(備取); 逢甲大學 財務金融學系(備取,分發); 靜宜大學 法律學系(通過)"
CAND_2180,113,fcu_acc,逢甲大學,會計學系,逢甲大學 會計學系,1118,葵*如,正取,東海大學,東海大學 國際經營與貿易學系,其他學校錄取,3,"逢甲大學 會計學系(正取); 東海大學 國際經營與貿易學系(正取,分發); 淡江大學 國際企業學系國際商學全英語組(備取)"
CAND_2181,113,fcu_acc,逢甲大學,會計學系,逢甲大學 會計學系,1123,陳*惠,正取,中原大學,中原大學 會計學系,其他學校錄取,3,"逢甲大學 會計學系(正取); 中原大學 會計學系(備取,分發); 銘傳大學 會計學系會計審計組(臺北校區)(備取)"
CAND_2182,113,fcu_acc,逢甲大學,會計學系,逢甲大學 會計學系,1118,葵*恩,正取,東海大學,東海大學 統計學系(決策管理組),其他學校錄取,6,"逢甲大學 會計學系(正取); 東海大學 統計學系(決策管理組)(正取,分發); 淡江大學 統計學系(正取); 逢甲大學 統計學系商業大數據組(正取); 逢甲大學 財務工程與精算學士學位學程(通過); 國立屏東大學 商業大數據學系(正取)"
CAND_2183,113,fcu_acc,逢甲大學,會計學系,逢甲大學 會計學系,1128,*騰,正取,逢甲大學,逢甲大學 美國加州聖荷西州立大學商學大數據分析雙學士學位學程,原校系/本校留任,3,"逢甲大學 會計學系(正取); 逢甲大學 財務金融學系(備取); 逢甲大學 美國加州聖荷西州立大學商學大數據分析雙學士學位學程(正取,分發)"
CAND_2184,113,fcu_acc,逢甲大學,會計學系,逢甲大學 會計學系,1109,李*諭,正取,東海大學,東海大學 會計學系,其他學校錄取,3,"逢甲大學 會計學系(正取); 東海大學 會計學系(備取,分發); 元智大學 管理學院學士班(主修：會計)(正取)"
CAND_2185,113,fcu_acc,逢甲大學,會計學系,逢甲大學 會計學系,1128,*惠,正取,逢甲大學,逢甲大學 會計學系,原校系/本校留任,5,"逢甲大學 會計學系(正取,分發); 銘傳大學 企業管理學系品牌行銷組(臺北校區)(通過); 銘傳大學 會計學系稅務規劃組(臺北校區)(通過); 世新大學 企業管理學系(通過); 實踐大學 會計學系永續會計組(臺北校區)(備取)"
CAND_2186,113,fcu_acc,逢甲大學,會計學系,逢甲大學 會計學系,1122,林*綺,正取,逢甲大學,逢甲大學 會計學系,原校系/本校留任,3,"逢甲大學 會計學系(正取,分發); 東海大學 會計學系(正取); 逢甲大學 財稅學系(正取)"
CAND_2187,113,fcu_acc,逢甲大學,會計學系,逢甲大學 會計學系,1115,蕭*諠,正取,中原大學,中原大學 會計學系,其他學校錄取,4,"逢甲大學 會計學系(正取); 中原大學 會計學系(正取,分發); 國立高雄大學 亞太工商管理學系工業管理組(備取); 國立臺中科技大學智慧生產工程系(通過)"
CAND_2188,113,fcu_acc,逢甲大學,會計學系,逢甲大學 會計學系,1119,鄭*,正取,中原大學,中原大學 會計學系,其他學校錄取,4,"逢甲大學 會計學系(正取); 中原大學 會計學系(正取,分發); 淡江大學 會計學系(正取); 銘傳大學 會計學系會計審計組(臺北校區)(備取)"
CAND_2189,113,fcu_acc,逢甲大學,會計學系,逢甲大學 會計學系,1123,魏*,正取,逢甲大學,逢甲大學 通訊工程學系,原校系/本校留任,6,"逢甲大學 會計學系(正取); 中原大學 工業與系統工程學系管理組(備取); 中原大學 電子工程學系(備取); 中原大學 會計學系(通過); 逢甲大學 工業工程與系統管理學系B組(正取); 逢甲大學 通訊工程學系(備取,分發)"
CAND_2190,113,fcu_acc,逢甲大學,會計學系,逢甲大學 會計學系,1112,陳*瑜,正取,逢甲大學,逢甲大學 會計學系,原校系/本校留任,4,"逢甲大學 會計學系(正取,分發); 逢甲大學 行銷學系(備取); 銘傳大學 會計學系會計審計組(臺北校區)(通過); 銘傳大學 資訊管理學系電子商務管理組(桃園校區)(通過)"
CAND_2191,113,fcu_acc,逢甲大學,會計學系,逢甲大學 會計學系,1114,陳*修,正取,逢甲大學,逢甲大學 會計學系,原校系/本校留任,1,"逢甲大學 會計學系(正取,分發)"
CAND_2192,113,fcu_acc,逢甲大學,會計學系,逢甲大學 會計學系,111,*侖,正取,逢甲大學,逢甲大學 會計學系,原校系/本校留任,5,"逢甲大學 會計學系(正取,分發); 中原大學 會計學系(正取); 中原大學 財務金融學系(正取); 東海大學 會計學系(正取); 淡江大學 會計學系(正取)"
CAND_2193,113,fcu_acc,逢甲大學,會計學系,逢甲大學 會計學系,1121,黄*恩,正取,逢甲大學,逢甲大學 土地管理學系,原校系/本校留任,4,"逢甲大學 會計學系(正取); 逢甲大學 土地管理學系(正取,分發); 靜宜大學 財務工程學系(正取); 靜宜大學 財務金融學系(正取)"
CAND_2194,113,fcu_acc,逢甲大學,會計學系,逢甲大學 會計學系,1122,尤*琪,正取,東海大學,東海大學 會計學系,其他學校錄取,5,"逢甲大學 會計學系(正取); 中原大學 會計學系(正取); 東海大學 會計學系(正取,分發); 靜宜大學 會計學系(通過); 國立屏東大學 會計學系(備取)"
CAND_2195,113,fcu_acc,逢甲大學,會計學系,逢甲大學 會計學系,1113,—,正取,國立暨南國際大學,國立暨南國際大學 教育政策與行政學系,其他學校錄取,3,"逢甲大學 會計學系(正取); 逢甲大學 財稅學系(正取); 國立暨南國際大學 教育政策與行政學系(備取,分發)"
CAND_2196,113,fcu_acc,逢甲大學,會計學系,逢甲大學 會計學系,112,袁*昕,正取,逢甲大學,逢甲大學 行銷學系,原校系/本校留任,3,"逢甲大學 會計學系(正取); 逢甲大學 行銷學系(正取,分發); 國立暨南國際大學 中國語文學系(備取)"
CAND_2197,113,fcu_acc,逢甲大學,會計學系,逢甲大學 會計學系,1131,林*璉,正取,逢甲大學,逢甲大學 會計學系,原校系/本校留任,6,"逢甲大學 會計學系(正取,分發); 東海大學 企業管理學系(通過); 逢甲大學 統計學系商業大數據組(通過); 逢甲大學 財務金融學系(正取); 南華大學 企業管理學系經營管理組(通過); 國立嘉義大學 科技管理學系(通過)"
CAND_2198,113,fcu_acc,逢甲大學,會計學系,逢甲大學 會計學系,1115,李*容,正取,逢甲大學,逢甲大學 財稅學系,原校系/本校留任,4,"逢甲大學 會計學系(正取); 東海大學 會計學系(備取); 逢甲大學 財稅學系(正取,分發); 逢甲大學 都市計畫與空間資訊學系(通過)"
CAND_2199,113,fcu_acc,逢甲大學,會計學系,逢甲大學 會計學系,1114,潘*瑾,正取,淡江大學,淡江大學 財務金融學系,其他學校錄取,3,"逢甲大學 會計學系(正取); 淡江大學 財務金融學系(正取,分發); 銘傳大學 財務金融學系(臺北校區)(備取)"
CAND_2200,113,fcu_acc,逢甲大學,會計學系,逢甲大學 會計學系,1107,黄*甄,正取,元智大學,元智大學 資訊管理學系,其他學校錄取,5,"逢甲大學 會計學系(正取); 東吳大學 資訊管理學系(正取); 輔仁大學 資訊管理學系(備取); 元智大學 資訊管理學系(正取,分發); 致理科技大學會計資訊系(通過)"
CAND_2201,113,fcu_acc,逢甲大學,會計學系,逢甲大學 會計學系,1112,葵*,正取,逢甲大學,逢甲大學 會計學系,原校系/本校留任,5,"逢甲大學 會計學系(正取,分發); 東吳大學 社會工作學系(通過); 逢甲大學 行銷學系(通過); 中國文化大學 會計學系(通過); 國立暨南國際大學 經濟學系(備取)"
CAND_2202,113,fcu_acc,逢甲大學,會計學系,逢甲大學 會計學系,1126,孫*凱,正取,東吳大學,東吳大學 財務工程與精算數學系,其他學校錄取,4,"逢甲大學 會計學系(正取); 東吳大學 財務工程與精算數學系(正取,分發); 淡江大學 統計學系(正取); 國立聯合大學 財務金融學系(通過)"
CAND_2203,113,fcu_acc,逢甲大學,會計學系,逢甲大學 會計學系,1116,高*,正取,淡江大學,淡江大學 西班牙語文學系,其他學校錄取,7,"逢甲大學 會計學系(正取); 淡江大學 西班牙語文學系(正取,分發); 淡江大學 國際企業學系國際商學全英語組(通過); 逢甲大學 國際經營與貿易學系(通過); 靜宜大學 西班牙語文學系(正取); 靜宜大學 會計學系(備取); 文藻外語大學西班牙語文系(正取)"
CAND_2204,113,fcu_acc,逢甲大學,會計學系,逢甲大學 會計學系,1112,蘇*婷,正取,東海大學,東海大學 國際學院國際經營管理學位學程,其他學校錄取,3,"逢甲大學 會計學系(正取); 東海大學 財務金融學系(正取); 東海大學 國際學院國際經營管理學位學程(正取,分發)"
CAND_2205,113,fcu_acc,逢甲大學,會計學系,逢甲大學 會計學系,1117,黄*倫,備取,逢甲大學,逢甲大學 會計學系,原校系/本校留任,7,"逢甲大學 會計學系(備取,分發); 東海大學 會計學系(備取); 逢甲大學 國際經營與貿易學系(備取); 逢甲大學 室內設計學士學位學程(通過); 弘光科技大學護理系(通過); 弘光科技大學美髮造型設計系(通過); 僑光科技大學財經法律系(通過)"
CAND_2206,113,fcu_acc,逢甲大學,會計學系,逢甲大學 會計學系,1123,*珮,備取,中原大學,中原大學 財務金融學系,其他學校錄取,4,"逢甲大學 會計學系(備取); 中原大學 會計學系(備取); 中原大學 財務金融學系(正取,分發); 淡江大學 會計學系(正取)"
CAND_2207,113,fcu_acc,逢甲大學,會計學系,逢甲大學 會計學系,1115,許*尹,備取,逢甲大學,逢甲大學 會計學系,原校系/本校留任,2,"逢甲大學 會計學系(備取,分發); 逢甲大學 合作經濟暨社會事業經營學系(備取)"
CAND_2208,113,fcu_acc,逢甲大學,會計學系,逢甲大學 會計學系,1113,—,備取,逢甲大學,逢甲大學 會計學系,原校系/本校留任,2,"逢甲大學 會計學系(備取,分發); 靜宜大學 會計學系(正取)"
CAND_2209,113,fcu_acc,逢甲大學,會計學系,逢甲大學 會計學系,1116,江*,備取,逢甲大學,逢甲大學 會計學系,原校系/本校留任,2,"逢甲大學 會計學系(備取,分發); 淡江大學 會計學系(備取)"
CAND_2210,113,fcu_acc,逢甲大學,會計學系,逢甲大學 會計學系,1129,楊*鈞,備取,中原大學,中原大學 會計學系,其他學校錄取,4,"逢甲大學 會計學系(備取); 中原大學 會計學系(正取,分發); 東海大學 會計學系(備取); 淡江大學 會計學系(通過)"
CAND_2211,113,fcu_acc,逢甲大學,會計學系,逢甲大學 會計學系,〇****OTT,—,備取,逢甲大學,逢甲大學 土地管理學系,原校系/本校留任,3,"逢甲大學 會計學系(備取); 逢甲大學 都市計畫與空間資訊學系(正取); 逢甲大學 土地管理學系(正取,分發)"
CAND_2212,113,fcu_acc,逢甲大學,會計學系,逢甲大學 會計學系,1124,黄*綾,備取,長庚大學,長庚大學 數位金融科技學系(甲組),其他學校錄取,3,"逢甲大學 會計學系(備取); 長庚大學 數位金融科技學系(甲組)(備取,分發); 長庚科技大學護理系(林口校區)(正取)"
CAND_2213,113,fcu_acc,逢甲大學,會計學系,逢甲大學 會計學系,112,黄*𤩅,備取,逢甲大學,逢甲大學 財稅學系,原校系/本校留任,5,"逢甲大學 會計學系(備取); 東海大學 會計學系(通過); 逢甲大學 財稅學系(正取,分發); 逢甲大學 財務工程與精算學士學位學程(正取); 長榮大學 財務金融學系金融理財組(通過)"
CAND_2214,113,fcu_acc,逢甲大學,會計學系,逢甲大學 會計學系,1128,黄*碩,備取,東海大學,東海大學 會計學系,其他學校錄取,6,"逢甲大學 會計學系(備取); 中原大學 會計學系(通過); 中原大學 財務金融學系(通過); 東海大學 會計學系(正取,分發); 淡江大學 財務金融學系(備取); 淡江大學 會計學系(備取)"
CAND_2215,113,fcu_acc,逢甲大學,會計學系,逢甲大學 會計學系,1117,賴*珊,備取,逢甲大學,逢甲大學 財稅學系,原校系/本校留任,4,"逢甲大學 會計學系(備取); 中原大學 會計學系(通過); 淡江大學 會計學系(正取); 逢甲大學 財稅學系(正取,分發)"
CAND_2216,113,fcu_acc,逢甲大學,會計學系,逢甲大學 會計學系,1135,陳*彣,備取,元智大學,元智大學 管理學院學士班(主修：財務金融),其他學校錄取,3,"逢甲大學 會計學系(備取); 元智大學 管理學院學士班(主修：財務金融)(正取,分發); 銘傳大學 財務金融學系(臺北校區)(通過)"
CAND_2217,113,fcu_acc,逢甲大學,會計學系,逢甲大學 會計學系,1117,—,備取,逢甲大學,逢甲大學 會計學系,原校系/本校留任,4,"逢甲大學 會計學系(備取,分發); 東吳大學 財務工程與精算數學系(正取); 中原大學 會計學系(備取); 淡江大學 會計學系(正取)"
CAND_2218,113,fcu_acc,逢甲大學,會計學系,逢甲大學 會計學系,1128,陳*婷,備取,逢甲大學,逢甲大學 會計學系,原校系/本校留任,3,"逢甲大學 會計學系(備取,分發); 東海大學 會計學系(備取); 逢甲大學 財稅學系(正取)"
CAND_2219,113,fcu_acc,逢甲大學,會計學系,逢甲大學 會計學系,111,陳*廷,備取,—,—,未分發或放棄,6,逢甲大學 會計學系(備取); 靜宜大學 會計學系(備取); 國立東華大學 會計學系(正取); 元智大學 管理學院學士班(主修：會計)(正取); 國立聯合大學 能源工程學系(備取); 南臺科技大學電機工程系控制與晶片組(正取)
CAND_2220,113,fcu_acc,逢甲大學,會計學系,逢甲大學 會計學系,1124,汪*璇,備取,中山醫學大學,中山醫學大學 公共衛生學系(B組),其他學校錄取,3,"逢甲大學 會計學系(備取); 中山醫學大學 公共衛生學系(B組)(備取,分發); 臺北市立大學 歷史與地理學系(通過)"
CAND_2221,113,fcu_acc,逢甲大學,會計學系,逢甲大學 會計學系,1133,蕭*,備取,逢甲大學,逢甲大學 財務金融學系,原校系/本校留任,6,"逢甲大學 會計學系(備取); 中原大學 企業管理學系工商管理組(正取); 中原大學 財務金融學系(正取); 東海大學 企業管理學系(通過); 逢甲大學 財務金融學系(備取,分發); 國立屏東大學 行銷與流通管理學系(通過)"
CAND_2222,113,fcu_acc,逢甲大學,會計學系,逢甲大學 會計學系,1124,盧*伶,備取,淡江大學,淡江大學 會計學系,其他學校錄取,5,"逢甲大學 會計學系(備取); 東吳大學 財務工程與精算數學系(備取); 東海大學 會計學系(備取); 淡江大學 會計學系(正取,分發); 逢甲大學 經濟學系(正取)"
CAND_2223,113,fcu_acc,逢甲大學,會計學系,逢甲大學 會計學系,111,鄧*伶,備取,逢甲大學,逢甲大學 會計學系,原校系/本校留任,2,"逢甲大學 會計學系(備取,分發); 靜宜大學 法律學系(正取)"
CAND_2224,113,fcu_acc,逢甲大學,會計學系,逢甲大學 會計學系,1129,黄*瑜,備取,淡江大學,淡江大學 經濟學系,其他學校錄取,3,"逢甲大學 會計學系(備取); 東海大學 企業管理學系(備取); 淡江大學 經濟學系(正取,分發)"
CAND_2225,113,fcu_acc,逢甲大學,會計學系,逢甲大學 會計學系,1118,*筑,備取,靜宜大學,靜宜大學 西班牙語文學系,其他學校錄取,6,"逢甲大學 會計學系(備取); 淡江大學 日本語文學系(正取); 逢甲大學 土地管理學系(正取); 逢甲大學 財務工程與精算學士學位學程(備取); 靜宜大學 西班牙語文學系(正取,分發); 靜宜大學 日本語文學系(備取)"
CAND_2226,113,fcu_acc,逢甲大學,會計學系,逢甲大學 會計學系,1113,林*,備取,逢甲大學,逢甲大學 國際經營與貿易學系,原校系/本校留任,3,"逢甲大學 會計學系(備取); 逢甲大學 國際經營與貿易學系(備取,分發); 元智大學 管理學院學士班(主修：國際企業管理)(正取)"
CAND_2227,113,fcu_acc,逢甲大學,會計學系,逢甲大學 會計學系,1128,吳*穎,備取,逢甲大學,逢甲大學 會計學系,原校系/本校留任,3,"逢甲大學 會計學系(備取,分發); 東海大學 會計學系(備取); 國立東華大學 教育行政與管理學系(通過)"
CAND_2228,113,fcu_acc,逢甲大學,會計學系,逢甲大學 會計學系,1125,楊*祐,備取,逢甲大學,逢甲大學 會計學系,原校系/本校留任,2,"逢甲大學 會計學系(備取,分發); 國立嘉義大學 行銷與觀光管理學系(備取)"
CAND_2229,113,fcu_acc,逢甲大學,會計學系,逢甲大學 會計學系,1112,蘇*,備取,逢甲大學,逢甲大學 會計學系,原校系/本校留任,4,"逢甲大學 會計學系(備取,分發); 靜宜大學 財務金融學系(正取); 元智大學 管理學院學士班(主修：財務金融)(備取); 國立勤益科技大學智慧自動化工程系(通過)"
CAND_2230,113,fcu_acc,逢甲大學,會計學系,逢甲大學 會計學系,1114,張*緯,備取,逢甲大學,逢甲大學 會計學系,原校系/本校留任,3,"逢甲大學 會計學系(備取,分發); 中原大學 國際經營與貿易學系(備取); 元智大學 管理學院學士班(主修：會計)(正取)"
CAND_2231,113,fcu_acc,逢甲大學,會計學系,逢甲大學 會計學系,1107,張*,備取,淡江大學,淡江大學 會計學系,其他學校錄取,2,"逢甲大學 會計學系(備取); 淡江大學 會計學系(正取,分發)"
CAND_2232,113,fcu_acc,逢甲大學,會計學系,逢甲大學 會計學系,1127,黄*婷,備取,逢甲大學,逢甲大學 會計學系,原校系/本校留任,3,"逢甲大學 會計學系(備取,分發); 國立屏東大學 會計學系(備取); 元智大學 管理學院學士班(主修：會計)(正取)"
CAND_2233,113,fcu_acc,逢甲大學,會計學系,逢甲大學 會計學系,1111,*瑜,備取,長庚大學,長庚大學 數位金融科技學系(甲組),其他學校錄取,5,"逢甲大學 會計學系(備取); 長庚大學 數位金融科技學系(甲組)(備取,分發); 德明財經科技大學財政稅務系(通過); 長庚科技大學護理系(林口校區)(正取); 致理科技大學財務金融系(備取)"
CAND_2234,113,fcu_acc,逢甲大學,會計學系,逢甲大學 會計學系,1128,林*螢,備取,逢甲大學,逢甲大學 財務金融學系,原校系/本校留任,5,"逢甲大學 會計學系(備取); 淡江大學 財務金融學系(備取); 淡江大學 會計學系(備取); 逢甲大學 財務金融學系(備取,分發); 國立屏東大學 幼兒教育學系(通過)"
CAND_2235,113,fcu_acc,逢甲大學,會計學系,逢甲大學 會計學系,1128,邱*渝,備取,逢甲大學,逢甲大學 會計學系,原校系/本校留任,2,"逢甲大學 會計學系(備取,分發); 元智大學 管理學院學士班(主修：會計)(正取)"
CAND_2236,113,fcu_acc,逢甲大學,會計學系,逢甲大學 會計學系,1104,翁*婷,備取,—,—,未分發或放棄,2,逢甲大學 會計學系(備取); 東海大學 會計學系(備取)
CAND_2237,113,fcu_acc,逢甲大學,會計學系,逢甲大學 會計學系,1126,陳*恩,備取,逢甲大學,逢甲大學 會計學系,原校系/本校留任,2,"逢甲大學 會計學系(備取,分發); 東海大學 會計學系(備取)"
CAND_2238,113,fcu_acc,逢甲大學,會計學系,逢甲大學 會計學系,1116,江*霆,備取,逢甲大學,逢甲大學 會計學系,原校系/本校留任,7,"逢甲大學 會計學系(備取,分發); 靜宜大學 法律學系(通過); 國立臺灣體育運動大學 運動資訊與傳播學系(備取); 國立嘉義大學 外國語言學系英語教學組(備取); 國立雲林科技大學文化資產維護系(通過); 國立高雄科技大學漁業科技與管理系(通過); 國立勤益科技大學智慧自動化工程系(通過)"
CAND_2239,113,fcu_acc,逢甲大學,會計學系,逢甲大學 會計學系,1119,陳*,備取,東海大學,東海大學 會計學系,其他學校錄取,2,"逢甲大學 會計學系(備取); 東海大學 會計學系(正取,分發)"
CAND_2240,113,fcu_acc,逢甲大學,會計學系,逢甲大學 會計學系,1125,林*,備取,逢甲大學,逢甲大學 會計學系,原校系/本校留任,1,"逢甲大學 會計學系(備取,分發)"
CAND_2241,113,fcu_acc,逢甲大學,會計學系,逢甲大學 會計學系,1114,*承,備取,逢甲大學,逢甲大學 會計學系,原校系/本校留任,2,"逢甲大學 會計學系(備取,分發); 中原大學 應用華語文學系(通過)"
CAND_2242,113,fcu_acc,逢甲大學,會計學系,逢甲大學 會計學系,1122,陳*,備取,國立屏東大學,國立屏東大學 幼兒教育學系,其他學校錄取,9,"逢甲大學 會計學系(備取); 國立屏東大學 幼兒教育學系(備取,分發); 國立臺東大學 幼兒教育學系(正取); 國立臺東大學 特殊教育學系(通過); 義守大學 會計學系(通過); 中信金融管理學院 財務金融學系(正取); 國立高雄科技大學水產食品科學系(通過); 輔英科技大學護理系(通過); 文藻外語大學日本語文系(通過)"
CAND_2243,113,fcu_acc,逢甲大學,會計學系,逢甲大學 會計學系,1138,翁*綸,備取,逢甲大學,逢甲大學 會計學系,原校系/本校留任,6,"逢甲大學 會計學系(備取,分發); 淡江大學 會計學系(備取); 東吳大學 會計學系(通過); 東吳大學 資訊管理學系(通過); 淡江大學 財務金融學系(備取); 國立臺北大學 會計學系(通過)"
CAND_2244,113,fcu_acc,逢甲大學,會計學系,逢甲大學 會計學系,1122,林*竹,備取,東海大學,東海大學 社會學系,其他學校錄取,4,"逢甲大學 會計學系(備取); 東海大學 社會學系(備取,分發); 逢甲大學 經濟學系(備取); 逢甲大學 財務工程與精算學士學位學程(通過)"
CAND_2245,113,fcu_acc,逢甲大學,會計學系,逢甲大學 會計學系,1117,游*,備取,逢甲大學,逢甲大學 會計學系,原校系/本校留任,4,"逢甲大學 會計學系(備取,分發); 東吳大學 英文學系(備取); 國立東華大學 會計學系(通過); 國立嘉義大學 外國語言學系應用外語組(備取)"
CAND_2246,113,fcu_acc,逢甲大學,會計學系,逢甲大學 會計學系,1127,黄*程,備取,逢甲大學,逢甲大學 會計學系,原校系/本校留任,3,"逢甲大學 會計學系(備取,分發); 逢甲大學 行銷學系(通過); 逢甲大學 土地管理學系(備取)"
CAND_2247,113,fcu_acc,逢甲大學,會計學系,逢甲大學 會計學系,112,梁*筠,備取,東海大學,東海大學 高齡健康與運動科學學士學位學程,其他學校錄取,2,"逢甲大學 會計學系(備取); 東海大學 高齡健康與運動科學學士學位學程(備取,分發)"
CAND_2248,113,fcu_acc,逢甲大學,會計學系,逢甲大學 會計學系,1126,陳*昕,備取,逢甲大學,逢甲大學 運輸與物流學系,原校系/本校留任,5,"逢甲大學 會計學系(備取); 東吳大學 社會工作學系(備取); 中原大學 會計學系(備取); 逢甲大學 運輸與物流學系(正取,分發); 元智大學 管理學院學士班(主修：財務金融)(備取)"
CAND_2249,113,fcu_acc,逢甲大學,會計學系,逢甲大學 會計學系,1123,黄*永,備取,逢甲大學,逢甲大學 企業管理學系,原校系/本校留任,5,"逢甲大學 會計學系(備取); 東海大學 企業管理學系(備取); 逢甲大學 企業管理學系(正取,分發); 亞洲大學 經營管理學系行銷與企業管理組(備取); 亞洲大學 會計與資訊學系(正取)"
CAND_2250,113,fcu_acc,逢甲大學,會計學系,逢甲大學 會計學系,1103,陳*岑,備取,淡江大學,淡江大學 會計學系,其他學校錄取,7,"逢甲大學 會計學系(備取); 東海大學 會計學系(備取); 淡江大學 日本語文學系(備取); 淡江大學 會計學系(備取,分發); 世新大學 廣播電視電影學系廣播組(備取); 明志科技大學工業工程與管理系(通過); 致理科技大學應用日語系(通過)"
CAND_2251,113,fcu_acc,逢甲大學,會計學系,逢甲大學 會計學系,1112,林*婷,備取,逢甲大學,逢甲大學 會計學系,原校系/本校留任,3,"逢甲大學 會計學系(備取,分發); 國立東華大學 企業管理學系(通過); 元智大學 管理學院學士班(主修：會計)(通過)"
CAND_2252,113,fcu_acc,逢甲大學,會計學系,逢甲大學 會計學系,1139,林*宇,備取,逢甲大學,逢甲大學 土地管理學系,原校系/本校留任,4,"逢甲大學 會計學系(備取); 逢甲大學 土地管理學系(正取,分發); 中國文化大學 法律學系(正取); 靜宜大學 法律學系(正取)"
CAND_2253,113,fcu_acc,逢甲大學,會計學系,逢甲大學 會計學系,1122,*齊,備取,國立聯合大學,國立聯合大學 資訊管理學系,其他學校錄取,5,"逢甲大學 會計學系(備取); 國立屏東大學 資訊管理學系(備取); 國立聯合大學 資訊管理學系(備取,分發); 國立屏東科技大學水產養殖系(通過); 國立虎尾科技大學農業科技系(通過)"
CAND_2254,113,fcu_acc,逢甲大學,會計學系,逢甲大學 會計學系,1111,邱*彤,備取,逢甲大學,逢甲大學 會計學系,原校系/本校留任,4,"逢甲大學 會計學系(備取,分發); 逢甲大學 風險管理與保險學系(正取); 靜宜大學 會計學系(正取); 靜宜大學 財務金融學系(正取)"
CAND_2255,113,fcu_acc,逢甲大學,會計學系,逢甲大學 會計學系,1122,何*,備取,逢甲大學,逢甲大學 會計學系,原校系/本校留任,1,"逢甲大學 會計學系(備取,分發)"
CAND_2256,113,fcu_acc,逢甲大學,會計學系,逢甲大學 會計學系,1134,林*琦,備取,淡江大學,淡江大學 會計學系,其他學校錄取,4,"逢甲大學 會計學系(備取); 淡江大學 會計學系(正取,分發); 元智大學 管理學院學士班(主修：財務金融)(通過); 元智大學 管理學院學士班(主修：會計)(正取)"
CAND_2257,113,fcu_acc,逢甲大學,會計學系,逢甲大學 會計學系,1104,何*哲,備取,逢甲大學,逢甲大學 都市計畫與空間資訊學系,原校系/本校留任,5,"逢甲大學 會計學系(備取); 東海大學 餐旅管理學系(正取); 逢甲大學 都市計畫與空間資訊學系(正取,分發); 靜宜大學 西班牙語文學系(備取); 輔仁大學 餐旅管理學系(正取)"
CAND_2258,113,fcu_acc,逢甲大學,會計學系,逢甲大學 會計學系,112,*昕,備取,東海大學,東海大學 財務金融學系,其他學校錄取,2,"逢甲大學 會計學系(備取); 東海大學 財務金融學系(備取,分發)"
CAND_2259,113,fcu_acc,逢甲大學,會計學系,逢甲大學 會計學系,1126,林*女,備取,銘傳大學,銘傳大學 犯罪防治學系(桃園校區),其他學校錄取,5,"逢甲大學 會計學系(備取); 中原大學 會計學系(通過); 靜宜大學 法律學系(通過); 銘傳大學 犯罪防治學系(桃園校區)(備取,分發); 國立暨南國際大學 東南亞學系(通過)"
CAND_2260,113,fcu_acc,逢甲大學,會計學系,逢甲大學 會計學系,1121,張*哈,備取,逢甲大學,逢甲大學 會計學系,原校系/本校留任,1,"逢甲大學 會計學系(備取,分發)"
CAND_2261,113,fcu_acc,逢甲大學,會計學系,逢甲大學 會計學系,113,—,備取,逢甲大學,逢甲大學 會計學系,原校系/本校留任,2,"逢甲大學 會計學系(備取,分發); 逢甲大學 企業管理學系(正取)"
CAND_2262,113,fcu_acc,逢甲大學,會計學系,逢甲大學 會計學系,1129,楊*,備取,逢甲大學,逢甲大學 會計學系,原校系/本校留任,6,"逢甲大學 會計學系(備取,分發); 逢甲大學 財務工程與精算學士學位學程(正取); 亞洲大學 經營管理學系行銷與企業管理組(備取); 亞洲大學 會計與資訊學系(備取); 亞洲大學 財務金融學系金融科技組(正取); 文藻外語大學國際事務系(通過)"
CAND_2263,113,fcu_acc,逢甲大學,會計學系,逢甲大學 會計學系,1123,林*柔,備取,逢甲大學,逢甲大學 行銷學系,原校系/本校留任,5,"逢甲大學 會計學系(備取); 逢甲大學 行銷學系(備取,分發); 長榮大學 企業管理學系數位經營組(正取); 樹德科技大學金融管理系(通過); 樹德科技大學行銷管理系(通過)"
CAND_2264,113,fcu_acc,逢甲大學,會計學系,逢甲大學 會計學系,1124,林*揚,備取,逢甲大學,逢甲大學 企業管理學系,原校系/本校留任,4,"逢甲大學 會計學系(備取); 東吳大學 政治學系(備取); 東吳大學 社會學系(備取); 逢甲大學 企業管理學系(備取,分發)"
CAND_2265,113,fcu_acc,逢甲大學,會計學系,逢甲大學 會計學系,1116,*政,備取,逢甲大學,逢甲大學 會計學系,原校系/本校留任,1,"逢甲大學 會計學系(備取,分發)"
CAND_2266,113,fcu_acc,逢甲大學,會計學系,逢甲大學 會計學系,1113,葵*鈞,備取,逢甲大學,逢甲大學 會計學系,原校系/本校留任,3,"逢甲大學 會計學系(備取,分發); 東海大學 經濟學系(通過); 逢甲大學 財務金融學系(備取)"
CAND_2267,113,fcu_acc,逢甲大學,會計學系,逢甲大學 會計學系,1126,顏*展,備取,逢甲大學,逢甲大學 會計學系,原校系/本校留任,1,"逢甲大學 會計學系(備取,分發)"
CAND_2268,113,fcu_acc,逢甲大學,會計學系,逢甲大學 會計學系,1113,郭*呈,備取,逢甲大學,逢甲大學 會計學系,原校系/本校留任,4,"逢甲大學 會計學系(備取,分發); 國立暨南國際大學 東南亞學系(備取); 國立暨南國際大學 文教與比較教育學系(通過); 國立嘉義大學 行銷與觀光管理學系(備取)"
CAND_2269,113,fcu_acc,逢甲大學,會計學系,逢甲大學 會計學系,1118,葵*齊,備取,逢甲大學,逢甲大學 會計學系,原校系/本校留任,3,"逢甲大學 會計學系(備取,分發); 靜宜大學 會計學系(通過); 靜宜大學 財務金融學系(通過)"
CAND_2270,113,fcu_acc,逢甲大學,會計學系,逢甲大學 會計學系,1123,李*,備取,國立屏東大學,國立屏東大學 會計學系,其他學校錄取,2,"逢甲大學 會計學系(備取); 國立屏東大學 會計學系(備取,分發)"
CAND_2271,113,fcu_acc,逢甲大學,會計學系,逢甲大學 會計學系,1134,—,備取,國立屏東大學,國立屏東大學 商業大數據學系,其他學校錄取,4,"逢甲大學 會計學系(備取); 逢甲大學 國際經營與貿易學系(備取); 逢甲大學 財務金融學系(備取); 國立屏東大學 商業大數據學系(正取,分發)"
CAND_2272,113,fcu_acc,逢甲大學,會計學系,逢甲大學 會計學系,1118,黄*瑄,備取,逢甲大學,逢甲大學 會計學系,原校系/本校留任,1,"逢甲大學 會計學系(備取,分發)"
CAND_2273,113,fcu_acc,逢甲大學,會計學系,逢甲大學 會計學系,1113,許*,備取,逢甲大學,逢甲大學 財稅學系,原校系/本校留任,6,"逢甲大學 會計學系(備取); 東海大學 歷史學系(通過); 逢甲大學 財稅學系(備取,分發); 逢甲大學 合作經濟暨社會事業經營學系(通過); 靜宜大學 財務工程學系(通過); 靜宜大學 會計學系(通過)"
CAND_2274,113,fcu_acc,逢甲大學,會計學系,逢甲大學 會計學系,1127,吳*倢,備取,靜宜大學,靜宜大學 化粧品科學系,其他學校錄取,5,"逢甲大學 會計學系(備取); 東海大學 企業管理學系(備取); 淡江大學 經濟學系(通過); 靜宜大學 化粧品科學系(正取,分發); 靜宜大學 企業管理學系(正取)"
CAND_2275,113,fcu_acc,逢甲大學,會計學系,逢甲大學 會計學系,1122,鄭*,備取,逢甲大學,逢甲大學 會計學系,原校系/本校留任,3,"逢甲大學 會計學系(備取,分發); 輔仁大學 餐旅管理學系(備取); 輔仁大學 經濟學系(備取)"
CAND_2276,113,fcu_acc,逢甲大學,會計學系,逢甲大學 會計學系,1113,黄*永,備取,逢甲大學,逢甲大學 會計學系,原校系/本校留任,3,"逢甲大學 會計學系(備取,分發); 逢甲大學 財務工程與精算學士學位學程(備取); 亞洲大學 財務金融學系金融科技組(通過)"
CAND_2277,113,fcu_acc,逢甲大學,會計學系,逢甲大學 會計學系,1125,葵*圻,備取,國立臺中教育大學,國立臺中教育大學 臺灣語文學系,其他學校錄取,5,"逢甲大學 會計學系(備取); 中原大學 會計學系(備取); 東海大學 會計學系(正取); 逢甲大學 財稅學系(正取); 國立臺中教育大學 臺灣語文學系(正取,分發)"
CAND_2278,113,fcu_acc,逢甲大學,會計學系,逢甲大學 會計學系,1103,葵*,備取,逢甲大學,逢甲大學 國際經營與貿易學系,原校系/本校留任,4,"逢甲大學 會計學系(備取); 東吳大學 財務工程與精算數學系(備取); 逢甲大學 國際經營與貿易學系(備取,分發); 逢甲大學 企業管理學系(備取)"
CAND_2279,113,fcu_acc,逢甲大學,會計學系,逢甲大學 會計學系,1113,陳*秀,備取,東海大學,東海大學 會計學系,其他學校錄取,5,"逢甲大學 會計學系(備取); 東吳大學 歷史學系(正取); 東海大學 日本語言文化學系(備取); 東海大學 會計學系(備取,分發); 逢甲大學 財稅學系(備取)"
CAND_2280,113,fcu_acc,逢甲大學,會計學系,逢甲大學 會計學系,1121,黄*,備取,中國文化大學,中國文化大學 韓國語文學系,其他學校錄取,5,"逢甲大學 會計學系(備取); 中原大學 會計學系(通過); 淡江大學 經濟學系(通過); 淡江大學 會計學系(備取); 中國文化大學 韓國語文學系(備取,分發)"
CAND_2281,113,fcu_acc,逢甲大學,會計學系,逢甲大學 會計學系,1114,陳*,備取,逢甲大學,逢甲大學 會計學系,原校系/本校留任,2,"逢甲大學 會計學系(備取,分發); 逢甲大學 財稅學系(備取)"
CAND_2282,113,fcu_acc,逢甲大學,會計學系,逢甲大學 會計學系,1121,梁*建,備取,逢甲大學,逢甲大學 都市計畫與空間資訊學系,原校系/本校留任,3,"逢甲大學 會計學系(備取); 東海大學 企業管理學系(備取); 逢甲大學 都市計畫與空間資訊學系(備取,分發)"
CAND_2283,113,fcu_acc,逢甲大學,會計學系,逢甲大學 會計學系,1131,楊*琴,備取,逢甲大學,逢甲大學 企業管理學系,原校系/本校留任,4,"逢甲大學 會計學系(備取); 中原大學 國際經營與貿易學系(正取); 逢甲大學 企業管理學系(備取,分發); 元智大學 管理學院學士班(主修：會計)(正取)"
CAND_2284,113,fcu_acc,逢甲大學,會計學系,逢甲大學 會計學系,1133,葵*,備取,淡江大學,淡江大學 經濟學系,其他學校錄取,3,"逢甲大學 會計學系(備取); 淡江大學 經濟學系(備取,分發); 國立屏東大學 會計學系(通過)"
CAND_2285,113,fcu_acc,逢甲大學,會計學系,逢甲大學 會計學系,1109,林*軒,備取,逢甲大學,逢甲大學 財稅學系,原校系/本校留任,5,"逢甲大學 會計學系(備取); 淡江大學 會計學系(備取); 逢甲大學 財稅學系(備取,分發); 逢甲大學 經濟學系(備取); 中信金融管理學院 財務金融學系(備取)"
CAND_2286,113,fcu_acc,逢甲大學,會計學系,逢甲大學 會計學系,1102,—,備取,銘傳大學,銘傳大學 會計學系稅務規劃組(臺北校區),其他學校錄取,3,"逢甲大學 會計學系(備取); 銘傳大學 會計學系會計審計組(臺北校區)(備取); 銘傳大學 會計學系稅務規劃組(臺北校區)(正取,分發)"
CAND_2287,113,fcu_acc,逢甲大學,會計學系,逢甲大學 會計學系,1125,*綸,備取,東海大學,東海大學 社會工作學系,其他學校錄取,4,"逢甲大學 會計學系(備取); 東海大學 社會工作學系(備取,分發); 靜宜大學 社會工作與兒童少年福利學系(通過); 中山醫學大學 醫學社會暨社會工作學系(備取)"
CAND_2288,113,fcu_acc,逢甲大學,會計學系,逢甲大學 會計學系,1112,林*賢,備取,逢甲大學,逢甲大學 企業管理學系,原校系/本校留任,4,"逢甲大學 會計學系(備取); 東海大學 會計學系(備取); 逢甲大學 企業管理學系(備取,分發); 世新大學 企業管理學系(正取)"
CAND_2289,113,fcu_acc,逢甲大學,會計學系,逢甲大學 會計學系,1108,—,備取,—,—,未分發或放棄,1,逢甲大學 會計學系(通過)
CAND_2290,113,fcu_acc,逢甲大學,會計學系,逢甲大學 會計學系,1104,—,備取,—,—,未分發或放棄,1,逢甲大學 會計學系(通過)
CAND_2291,113,fcu_acc,逢甲大學,會計學系,逢甲大學 會計學系,1101,—,備取,—,—,未分發或放棄,3,逢甲大學 會計學系(通過); 中原大學 會計學系(通過); 淡江大學 會計學系(通過)
CAND_2292,113,fcu_acc,逢甲大學,會計學系,逢甲大學 會計學系,1101,—,正取,淡江大學,淡江大學 會計學系,其他學校錄取,6,"逢甲大學 會計學系(通過); 中原大學 會計學系(正取); 東海大學 會計學系(通過); 淡江大學 會計學系(正取,分發); 元智大學 管理學院學士班(主修：會計)(通過); 銘傳大學 會計學系會計審計組(臺北校區)(通過)"
CAND_2293,113,fcu_acc,逢甲大學,會計學系,逢甲大學 會計學系,1103,—,正取,淡江大學,淡江大學 會計學系,其他學校錄取,3,"逢甲大學 會計學系(通過); 中原大學 會計學系(通過); 淡江大學 會計學系(正取,分發)"
CAND_2294,113,fcu_acc,逢甲大學,會計學系,逢甲大學 會計學系,1108,—,備取,—,—,未分發或放棄,4,逢甲大學 會計學系(通過); 逢甲大學 風險管理與保險學系(通過); 實踐大學 會計學系永續會計組(臺北校區)(通過); 實踐大學 風險管理與保險學系(臺北校區)(通過)
CAND_2295,113,fcu_acc,逢甲大學,會計學系,逢甲大學 會計學系,1108,陳*,備取,淡江大學,淡江大學 外交與國際關係學系全英語學士班,其他學校錄取,6,"逢甲大學 會計學系(通過); 淡江大學 外交與國際關係學系全英語學士班(正取,分發); 淡江大學 全球政治經濟學系全英語學士班(正取); 逢甲大學 國際企業管理全英語學士學位學程(備取); 逢甲大學 外國語文學系(備取); 元智大學 應用外語學系(備取)"
CAND_2296,113,fcu_acc,逢甲大學,會計學系,逢甲大學 會計學系,1102,—,備取,—,—,未分發或放棄,1,逢甲大學 會計學系(通過)
CAND_2297,113,fcu_acc,逢甲大學,會計學系,逢甲大學 會計學系,1109,—,備取,—,—,未分發或放棄,2,逢甲大學 會計學系(通過); 輔仁大學 統計資訊學系(通過)
CAND_2298,113,fcu_acc,逢甲大學,會計學系,逢甲大學 會計學系,1103,—,備取,—,—,未分發或放棄,2,逢甲大學 會計學系(通過); 淡江大學 會計學系(通過)
CAND_2299,113,fcu_acc,逢甲大學,會計學系,逢甲大學 會計學系,1101,—,備取,淡江大學,淡江大學 經濟學系,其他學校錄取,5,"逢甲大學 會計學系(通過); 中原大學 會計學系(通過); 淡江大學 經濟學系(正取,分發); 銘傳大學 會計學系會計審計組(臺北校區)(通過); 銘傳大學 財務金融學系(臺北校區)(通過)"
CAND_2300,113,fcu_acc,逢甲大學,會計學系,逢甲大學 會計學系,1103,高*揚,備取,—,—,未分發或放棄,6,逢甲大學 會計學系(通過); 淡江大學 企業管理學系(通過); 中國文化大學 財務金融學系財務金融組(通過); 實踐大學 財務金融學系(臺北校區)(通過); 朝陽科技大學企業管理系(通過); 致理科技大學企業管理系(通過)
CAND_2301,113,fcu_acc,逢甲大學,會計學系,逢甲大學 會計學系,1106,—,備取,東吳大學,東吳大學 國際經營與貿易學系,其他學校錄取,4,"逢甲大學 會計學系(通過); 東吳大學 國際經營與貿易學系(備取,分發); 東海大學 財務金融學系(通過); 逢甲大學 財務金融學系(通過)"
CAND_2302,113,fcu_acc,逢甲大學,會計學系,逢甲大學 會計學系,111,—,備取,—,—,未分發或放棄,2,逢甲大學 會計學系(通過); 逢甲大學 財務金融學系(通過)
CAND_2303,113,fcu_acc,逢甲大學,會計學系,逢甲大學 會計學系,1116,—,正取,中原大學,中原大學 企業管理學系工商管理組,其他學校錄取,4,"逢甲大學 會計學系(通過); 中原大學 企業管理學系工商管理組(備取,分發); 元智大學 管理學院學士班(主修：會計)(正取); 銘傳大學 金融學系(桃園校區)(正取)"
CAND_2304,113,fcu_acc,逢甲大學,會計學系,逢甲大學 會計學系,1112,彭*,備取,—,—,未分發或放棄,3,逢甲大學 會計學系(通過); 東海大學 社會學系(通過); 國立高雄科技大學人力資源發展系(通過)
CAND_2305,113,fcu_acc,逢甲大學,會計學系,逢甲大學 會計學系,1117,—,備取,—,—,未分發或放棄,1,逢甲大學 會計學系(通過)
CAND_2306,113,fcu_acc,逢甲大學,會計學系,逢甲大學 會計學系,1112,—,備取,—,—,未分發或放棄,2,逢甲大學 會計學系(通過); 逢甲大學 國際經營與貿易學系(通過)
CAND_2307,113,fcu_acc,逢甲大學,會計學系,逢甲大學 會計學系,1119,—,備取,東吳大學,東吳大學 財務工程與精算數學系,其他學校錄取,4,"逢甲大學 會計學系(通過); 東吳大學 財務工程與精算數學系(備取,分發); 淡江大學 財務金融學系(備取); 逢甲大學 財務工程與精算學士學位學程(通過)"
CAND_2308,113,fcu_acc,逢甲大學,會計學系,逢甲大學 會計學系,1113,張*筑,正取,中原大學,中原大學 會計學系,其他學校錄取,3,"逢甲大學 會計學系(通過); 中原大學 會計學系(正取,分發); 東海大學 會計學系(正取)"
CAND_2309,113,fcu_acc,逢甲大學,會計學系,逢甲大學 會計學系,1116,*妤,備取,—,—,未分發或放棄,6,逢甲大學 會計學系(通過); 淡江大學 會計學系(通過); 國立東華大學 會計學系(通過); 國立臺北護理健康大學嬰幼兒保育系(通過); 文藻外語大學日本語文系(通過); 致理科技大學應用英語系(通過)
CAND_2310,113,fcu_acc,逢甲大學,會計學系,逢甲大學 會計學系,1118,范*,正取,東吳大學,東吳大學 會計學系,其他學校錄取,4,"逢甲大學 會計學系(通過); 東吳大學 會計學系(正取,分發); 中原大學 財務金融學系(正取); 輔仁大學 會計學系(正取)"
CAND_2311,113,fcu_acc,逢甲大學,會計學系,逢甲大學 會計學系,1116,孫*淯,備取,逢甲大學,逢甲大學 行銷學系,原校系/本校留任,2,"逢甲大學 會計學系(通過); 逢甲大學 行銷學系(備取,分發)"
CAND_2312,113,fcu_acc,逢甲大學,會計學系,逢甲大學 會計學系,1116,—,備取,—,—,未分發或放棄,5,逢甲大學 會計學系(通過); 東吳大學 經濟學系(通過); 淡江大學 日本語文學系(通過); 淡江大學 國際企業學系經貿管理組(通過); 銘傳大學 企業管理學系企業管理組(臺北校區)(通過)
CAND_2313,113,fcu_acc,逢甲大學,會計學系,逢甲大學 會計學系,1115,林*瑜,備取,逢甲大學,逢甲大學 財務金融學系,原校系/本校留任,5,"逢甲大學 會計學系(通過); 東吳大學 經濟學系(正取); 逢甲大學 經濟學系(正取); 逢甲大學 財務金融學系(正取,分發); 國立高雄大學 應用經濟學系(通過)"
CAND_2314,113,fcu_acc,逢甲大學,會計學系,逢甲大學 會計學系,111,柯*亦,備取,東海大學,東海大學 財務金融學系,其他學校錄取,3,"逢甲大學 會計學系(通過); 東海大學 財務金融學系(備取,分發); 逢甲大學 國際經營與貿易學系(備取)"
CAND_2315,113,fcu_acc,逢甲大學,會計學系,逢甲大學 會計學系,1119,陳*,備取,逢甲大學,逢甲大學 財稅學系,原校系/本校留任,2,"逢甲大學 會計學系(通過); 逢甲大學 財稅學系(備取,分發)"
CAND_2316,113,fcu_acc,逢甲大學,會計學系,逢甲大學 會計學系,1111,—,備取,—,—,未分發或放棄,1,逢甲大學 會計學系(通過)
CAND_2317,113,fcu_acc,逢甲大學,會計學系,逢甲大學 會計學系,1118,*婷,備取,東海大學,東海大學 工業工程與經營資訊學系(智慧經營與管理),其他學校錄取,6,"逢甲大學 會計學系(通過); 東海大學 日本語言文化學系(正取); 東海大學 哲學系(通過); 東海大學 工業工程與經營資訊學系(智慧經營與管理)(正取,分發); 逢甲大學 行銷學系(通過); 逢甲大學 中國文學系(通過)"
CAND_2318,113,fcu_acc,逢甲大學,會計學系,逢甲大學 會計學系,1112,—,備取,—,—,未分發或放棄,3,逢甲大學 會計學系(通過); 東吳大學 財務工程與精算數學系(通過); 逢甲大學 工業工程與系統管理學系B組(通過)
CAND_2319,113,fcu_acc,逢甲大學,會計學系,逢甲大學 會計學系,1112,—,備取,—,—,未分發或放棄,2,逢甲大學 會計學系(通過); 東海大學 會計學系(通過)
CAND_2320,113,fcu_acc,逢甲大學,會計學系,逢甲大學 會計學系,111,徐*侑,備取,淡江大學,淡江大學 國際企業學系經貿管理組,其他學校錄取,4,"逢甲大學 會計學系(通過); 淡江大學 國際企業學系經貿管理組(備取,分發); 中信金融管理學院 財務金融學系(通過); 國立屏東科技大學財務金融國際學士學位學程(通過)"
CAND_2321,113,fcu_acc,逢甲大學,會計學系,逢甲大學 會計學系,1113,—,備取,—,—,未分發或放棄,1,逢甲大學 會計學系(通過)
CAND_2322,113,fcu_acc,逢甲大學,會計學系,逢甲大學 會計學系,1112,—,備取,—,—,未分發或放棄,5,逢甲大學 會計學系(通過); 東吳大學 政治學系(通過); 國立東華大學 應用數學系統計科學組(通過); 國立東華大學 法律學系(通過); 銘傳大學 法律學系(臺北校區)(通過)
CAND_2323,113,fcu_acc,逢甲大學,會計學系,逢甲大學 會計學系,1117,—,備取,—,—,未分發或放棄,3,逢甲大學 會計學系(通過); 東海大學 化學系化學生物組(通過); 國立臺東大學 生命科學系(通過)
CAND_2324,113,fcu_acc,逢甲大學,會計學系,逢甲大學 會計學系,1127,林*妤,備取,輔仁大學,輔仁大學 法律學系,其他學校錄取,5,"逢甲大學 會計學系(通過); 東海大學 會計學系(通過); 輔仁大學 法律學系(備取,分發); 輔仁大學 金融與國際企業學系(備取); 銘傳大學 會計學系會計審計組(臺北校區)(備取)"
CAND_2325,113,fcu_acc,逢甲大學,會計學系,逢甲大學 會計學系,1123,許*棋,備取,逢甲大學,逢甲大學 財務金融學系,原校系/本校留任,4,"逢甲大學 會計學系(通過); 東海大學 國際經營與貿易學系(通過); 逢甲大學 國際經營與貿易學系(通過); 逢甲大學 財務金融學系(備取,分發)"
CAND_2326,113,fcu_acc,逢甲大學,會計學系,逢甲大學 會計學系,1121,—,備取,—,—,未分發或放棄,5,逢甲大學 會計學系(通過); 東海大學 企業管理學系(通過); 東海大學 財務金融學系(通過); 逢甲大學 企業管理學系(通過); 逢甲大學 財務金融學系(通過)
CAND_2327,113,fcu_acc,逢甲大學,會計學系,逢甲大學 會計學系,1121,—,備取,—,—,未分發或放棄,5,逢甲大學 會計學系(通過); 東海大學 會計學系(通過); 東海大學 政治學系(通過); 逢甲大學 財稅學系(通過); 逢甲大學 財務金融學系(通過)
CAND_2328,113,fcu_acc,逢甲大學,會計學系,逢甲大學 會計學系,1123,—,備取,—,—,未分發或放棄,2,逢甲大學 會計學系(通過); 國立暨南國際大學 經濟學系(通過)
CAND_2329,113,fcu_acc,逢甲大學,會計學系,逢甲大學 會計學系,1128,—,備取,—,—,未分發或放棄,1,逢甲大學 會計學系(通過)
CAND_2330,113,fcu_acc,逢甲大學,會計學系,逢甲大學 會計學系,1128,—,備取,—,—,未分發或放棄,4,逢甲大學 會計學系(通過); 東吳大學 中國文學系(通過); 東海大學 政治學系(通過); 靜宜大學 法律學系(通過)
CAND_2331,113,fcu_acc,逢甲大學,會計學系,逢甲大學 會計學系,112,—,備取,—,—,未分發或放棄,1,逢甲大學 會計學系(通過)
CAND_2332,113,fcu_acc,逢甲大學,會計學系,逢甲大學 會計學系,1125,蘇*庭,備取,逢甲大學,逢甲大學 行銷學系,原校系/本校留任,2,"逢甲大學 會計學系(通過); 逢甲大學 行銷學系(備取,分發)"
CAND_2333,113,fcu_acc,逢甲大學,會計學系,逢甲大學 會計學系,1129,—,備取,—,—,未分發或放棄,3,逢甲大學 會計學系(通過); 逢甲大學 經濟學系(通過); 銘傳大學 財務金融學系(臺北校區)(通過)
CAND_2334,113,fcu_acc,逢甲大學,會計學系,逢甲大學 會計學系,1126,—,備取,—,—,未分發或放棄,2,逢甲大學 會計學系(通過); 逢甲大學 國際經營與貿易學系(通過)
CAND_2335,113,fcu_acc,逢甲大學,會計學系,逢甲大學 會計學系,1129,李*庭,備取,—,—,未分發或放棄,5,逢甲大學 會計學系(通過); 淡江大學 財務金融學系(通過); 淡江大學 會計學系(通過); 逢甲大學 精密系統設計學士學位學程(通過); 國立臺北護理健康大學護理系(備取)
CAND_2336,113,fcu_acc,逢甲大學,會計學系,逢甲大學 會計學系,1125,—,備取,—,—,未分發或放棄,2,逢甲大學 會計學系(通過); 亞洲大學 視光學系(通過)
CAND_2337,113,fcu_acc,逢甲大學,會計學系,逢甲大學 會計學系,1127,張*佩,備取,—,—,未分發或放棄,8,逢甲大學 會計學系(通過); 東海大學 財務金融學系(通過); 逢甲大學 財務金融學系(通過); 國立高雄科技大學人力資源發展系(通過); 國立高雄科技大學會計資訊系(通過); 國立高雄科技大學金融資訊系(通過); 國立高雄科技大學財政稅務系(通過); 國立高雄科技大學商務資訊應用系(通過)
CAND_2338,113,fcu_acc,逢甲大學,會計學系,逢甲大學 會計學系,1124,—,備取,—,—,未分發或放棄,5,逢甲大學 會計學系(通過); 中原大學 資訊管理學系(通過); 東海大學 會計學系(通過); 中國文化大學 資訊管理學系(人工智慧組)(通過); 亞洲大學 財經法律學系(通過)
CAND_2339,113,fcu_acc,逢甲大學,會計學系,逢甲大學 會計學系,1125,李*,備取,—,—,未分發或放棄,3,逢甲大學 會計學系(通過); 國立勤益科技大學工業工程與管理系(通過); 國立臺中科技大學智慧生產工程系(通過)
CAND_2340,113,fcu_acc,逢甲大學,會計學系,逢甲大學 會計學系,1121,李*菁,備取,東海大學,東海大學 工業工程與經營資訊學系(智慧經營與管理),其他學校錄取,5,"逢甲大學 會計學系(通過); 東吳大學 德國文化學系(備取); 東海大學 外國語文學系(備取); 東海大學 工業工程與經營資訊學系(智慧經營與管理)(備取,分發); 逢甲大學 國際企業管理全英語學士學位學程(通過)"
CAND_2341,113,fcu_acc,逢甲大學,會計學系,逢甲大學 會計學系,1125,葵*蓮,正取,東吳大學,東吳大學 會計學系,其他學校錄取,5,"逢甲大學 會計學系(通過); 東吳大學 會計學系(備取,分發); 淡江大學 財務金融學系(正取); 淡江大學 會計學系(正取); 國立嘉義大學 應用經濟學系(備取)"
CAND_2342,113,fcu_acc,逢甲大學,會計學系,逢甲大學 會計學系,1121,—,備取,—,—,未分發或放棄,5,逢甲大學 會計學系(通過); 東海大學 國際經營與貿易學系(通過); 逢甲大學 財務金融學系(通過); 國立東華大學 經濟學系(通過); 國立屏東大學 會計學系(通過)
CAND_2343,113,fcu_acc,逢甲大學,會計學系,逢甲大學 會計學系,1126,—,備取,—,—,未分發或放棄,1,逢甲大學 會計學系(通過)
CAND_2344,113,fcu_acc,逢甲大學,會計學系,逢甲大學 會計學系,1124,姜*慈,正取,東海大學,東海大學 會計學系,其他學校錄取,6,"逢甲大學 會計學系(通過); 中原大學 會計學系(通過); 東海大學 會計學系(正取,分發); 靜宜大學 會計學系(通過); 國立屏東大學 會計學系(正取); 元智大學 管理學院學士班(主修：會計)(通過)"
CAND_2345,113,fcu_acc,逢甲大學,會計學系,逢甲大學 會計學系,1123,—,備取,—,—,未分發或放棄,2,逢甲大學 會計學系(通過); 中原大學 會計學系(通過)
CAND_2346,113,fcu_acc,逢甲大學,會計學系,逢甲大學 會計學系,1128,—,備取,—,—,未分發或放棄,2,逢甲大學 會計學系(通過); 淡江大學 會計學系(通過)
CAND_2347,113,fcu_acc,逢甲大學,會計學系,逢甲大學 會計學系,1123,—,備取,—,—,未分發或放棄,2,逢甲大學 會計學系(通過); 逢甲大學 應用數學系B組(通過)
CAND_2348,113,fcu_acc,逢甲大學,會計學系,逢甲大學 會計學系,1121,—,備取,—,—,未分發或放棄,1,逢甲大學 會計學系(通過)
CAND_2349,113,fcu_acc,逢甲大學,會計學系,逢甲大學 會計學系,1123,涂*善,備取,—,—,未分發或放棄,6,逢甲大學 會計學系(通過); 淡江大學 財務金融學系(通過); 淡江大學 會計學系(通過); 逢甲大學 財稅學系(通過); 逢甲大學 財務金融學系(通過); 國立高雄科技大學會計資訊系(通過)
CAND_2350,113,fcu_acc,逢甲大學,會計學系,逢甲大學 會計學系,1121,湯*琪,備取,中原大學,中原大學 工業與系統工程學系管理組,其他學校錄取,3,"逢甲大學 會計學系(通過); 中原大學 工業與系統工程學系管理組(備取,分發); 輔仁大學 化學系(備取)"
CAND_2351,113,fcu_acc,逢甲大學,會計學系,逢甲大學 會計學系,1128,—,備取,—,—,未分發或放棄,3,逢甲大學 會計學系(通過); 東海大學 社會工作學系(通過); 淡江大學 會計學系(通過)
CAND_2352,113,fcu_acc,逢甲大學,會計學系,逢甲大學 會計學系,1125,—,備取,—,—,未分發或放棄,1,逢甲大學 會計學系(通過)
CAND_2353,113,fcu_acc,逢甲大學,會計學系,逢甲大學 會計學系,1129,—,備取,—,—,未分發或放棄,4,逢甲大學 會計學系(通過); 東吳大學 財務工程與精算數學系(通過); 淡江大學 財務金融學系(通過); 淡江大學 會計學系(通過)
CAND_2354,113,fcu_acc,逢甲大學,會計學系,逢甲大學 會計學系,1128,*妤,備取,—,—,未分發或放棄,7,逢甲大學 會計學系(通過); 逢甲大學 財務金融學系(通過); 國立屏東大學 會計學系(通過); 國立高雄科技大學運籌管理系(通過); 國立高雄科技大學會計資訊系(通過); 國立高雄科技大學財政稅務系(通過); 國立高雄科技大學商務資訊應用系(通過)
CAND_2355,113,fcu_acc,逢甲大學,會計學系,逢甲大學 會計學系,1136,高*甯,備取,—,—,未分發或放棄,11,逢甲大學 會計學系(通過); 淡江大學 會計學系(通過); 義守大學 醫務管理學系(通過); 亞洲大學 視光學系(通過); 亞洲大學 職能治療學系(通過); 國立高雄科技大學土木工程系(通過); 嘉南藥理大學藥粧生技產業系(通過); 輔英科技大學護理系(通過); 弘光科技大學護理系(通過); 元培醫事科技大學視光系(通過); 長庚科技大學護理系(林口校區)(通過)
CAND_2356,113,fcu_acc,逢甲大學,會計學系,逢甲大學 會計學系,1131,—,備取,—,—,未分發或放棄,2,逢甲大學 會計學系(通過); 中山醫學大學 醫學社會暨社會工作學系(通過)
CAND_2357,113,fcu_acc,逢甲大學,會計學系,逢甲大學 會計學系,113,—,正取,中原大學,中原大學 會計學系,其他學校錄取,4,"逢甲大學 會計學系(通過); 中原大學 國際經營與貿易學系(通過); 中原大學 會計學系(正取,分發); 元智大學 管理學院學士班(主修：會計)(正取)"
CAND_2358,113,fcu_acc,逢甲大學,會計學系,逢甲大學 會計學系,1138,—,備取,—,—,未分發或放棄,5,逢甲大學 會計學系(通過); 東海大學 哲學系(通過); 國立屏東大學 會計學系(通過); 國立高雄大學 運動健康與休閒學系(通過); 國立金門大學 企業管理學系(通過)
CAND_2359,113,fcu_acc,逢甲大學,會計學系,逢甲大學 會計學系,1134,陶*,備取,—,—,未分發或放棄,6,逢甲大學 會計學系(通過); 東海大學 會計學系(通過); 東海大學 財務金融學系(通過); 逢甲大學 風險管理與保險學系(通過); 輔仁大學 金融與國際企業學系(通過); 長庚科技大學護理系(林口校區)(通過)
CAND_2360,113,fcu_acc,逢甲大學,會計學系,逢甲大學 會計學系,1132,黄*佑,備取,逢甲大學,逢甲大學 航太與系統工程學系,原校系/本校留任,3,"逢甲大學 會計學系(通過); 逢甲大學 航太與系統工程學系(正取,分發); 逢甲大學 材料科學與工程學系(正取)"
CAND_2361,113,fcu_acc,逢甲大學,會計學系,逢甲大學 會計學系,1139,—,備取,—,—,未分發或放棄,1,逢甲大學 會計學系(通過)
CAND_2362,114,fcu_acc,逢甲大學,會計學系,逢甲大學 會計學系,1117,何*岑,正取,東海大學,東海大學 財務金融學系,其他學校錄取,2,"逢甲大學 會計學系(正取); 東海大學 財務金融學系(正取,分發)"
CAND_2363,114,fcu_acc,逢甲大學,會計學系,逢甲大學 會計學系,1127,林*紜,正取,逢甲大學,逢甲大學 會計學系,原校系/本校留任,5,"逢甲大學 會計學系(正取,分發); 東吳大學 會計學系(備取); 中原大學 會計學系(正取); 東海大學 會計學系(正取); 國立屏東大學 會計學系(正取)"
CAND_2364,114,fcu_acc,逢甲大學,會計學系,逢甲大學 會計學系,1125,林*哈,正取,逢甲大學,逢甲大學 會計學系,原校系/本校留任,3,"逢甲大學 會計學系(正取,分發); 中原大學 會計學系(正取); 東海大學 財務金融學系(備取)"
CAND_2365,114,fcu_acc,逢甲大學,會計學系,逢甲大學 會計學系,1113,蘇*閎,正取,逢甲大學,逢甲大學 會計學系,原校系/本校留任,4,"逢甲大學 會計學系(正取,分發); 東海大學 會計學系(正取); 國立東華大學 法律學系(通過); 國立屏東大學 會計學系(正取)"
CAND_2366,114,fcu_acc,逢甲大學,會計學系,逢甲大學 會計學系,1128,—,正取,東海大學,東海大學 資訊管理學系,其他學校錄取,5,"逢甲大學 會計學系(正取); 東海大學 會計學系(正取); 東海大學 資訊管理學系(正取,分發); 國立彰化師範大學 國文學系(通過); 國立臺南大學 國語文學系(通過)"
CAND_2367,114,fcu_acc,逢甲大學,會計學系,逢甲大學 會計學系,113,李*倩,正取,逢甲大學,逢甲大學 會計學系,原校系/本校留任,3,"逢甲大學 會計學系(正取,分發); 中原大學 會計學系(正取); 東海大學 財務金融學系(正取)"
CAND_2368,114,fcu_acc,逢甲大學,會計學系,逢甲大學 會計學系,1122,李*瑾,正取,東吳大學,東吳大學 會計學系,其他學校錄取,3,"逢甲大學 會計學系(正取); 東吳大學 會計學系(正取,分發); 義守大學 職能治療學系(通過)"
CAND_2369,114,fcu_acc,逢甲大學,會計學系,逢甲大學 會計學系,1123,蕭*璇,正取,國立嘉義大學,國立嘉義大學 科技管理學系,其他學校錄取,5,"逢甲大學 會計學系(正取); 國立屏東大學 會計學系(正取); 國立嘉義大學 科技管理學系(正取,分發); 國立屏東科技大學財務金融國際學士學位學程(通過); 國立高雄科技大學財政稅務系(通過)"
CAND_2370,114,fcu_acc,逢甲大學,會計學系,逢甲大學 會計學系,1126,林*綺,正取,逢甲大學,逢甲大學 會計學系,原校系/本校留任,6,"逢甲大學 會計學系(正取,分發); 國立屏東科技大學財務金融國際學士學位學程(通過); 國立高雄科技大學財政稅務系(通過); 中國科技大學財務金融系(臺北校區)(通過); 德明財經科技大學會計資訊系(通過); 致理科技大學會計資訊系(通過)"
CAND_2371,114,fcu_acc,逢甲大學,會計學系,逢甲大學 會計學系,1111,吳*妮,正取,中原大學,中原大學 會計學系,其他學校錄取,4,"逢甲大學 會計學系(正取); 中原大學 會計學系(正取,分發); 東海大學 會計學系(正取); 淡江大學 會計學系(正取)"
CAND_2372,114,fcu_acc,逢甲大學,會計學系,逢甲大學 會計學系,1126,陳*,正取,東海大學,東海大學 財務金融學系,其他學校錄取,5,"逢甲大學 會計學系(正取); 東海大學 企業管理學系(正取); 東海大學 財務金融學系(備取,分發); 逢甲大學 財務金融學系(正取); 逢甲大學 風險管理與保險學系(正取)"
CAND_2373,114,fcu_acc,逢甲大學,會計學系,逢甲大學 會計學系,1126,張*,正取,逢甲大學,逢甲大學 會計學系,原校系/本校留任,4,"逢甲大學 會計學系(正取,分發); 東海大學 財務金融學系(正取); 逢甲大學 財務金融學系(正取); 靜宜大學 會計學系(正取)"
CAND_2374,114,fcu_acc,逢甲大學,會計學系,逢甲大學 會計學系,1128,謝*展,正取,東海大學,東海大學 會計學系,其他學校錄取,5,"逢甲大學 會計學系(正取); 東海大學 會計學系(正取,分發); 東海大學 財務金融學系(通過); 逢甲大學 財稅學系(正取); 靜宜大學 會計學系(通過)"
CAND_2375,114,fcu_acc,逢甲大學,會計學系,逢甲大學 會計學系,1115,彭*心,正取,中原大學,中原大學 會計學系,其他學校錄取,6,"逢甲大學 會計學系(正取); 中原大學 會計學系(正取,分發); 中原大學 財經法律學系科技法組(通過); 東海大學 會計學系(正取); 國立東華大學 會計學系(通過); 國立聯合大學 財務金融學系(通過)"
CAND_2376,114,fcu_acc,逢甲大學,會計學系,逢甲大學 會計學系,1106,—,正取,東海大學,東海大學 會計學系,其他學校錄取,5,"逢甲大學 會計學系(正取); 中原大學 會計學系(正取); 東海大學 會計學系(正取,分發); 淡江大學 會計學系(正取); 國立宜蘭大學 應用經濟與管理學系(通過)"
CAND_2377,114,fcu_acc,逢甲大學,會計學系,逢甲大學 會計學系,1126,*瑜,正取,國立東華大學,國立東華大學 會計學系,其他學校錄取,5,"逢甲大學 會計學系(正取); 東海大學 會計學系(正取); 國立東華大學 會計學系(正取,分發); 國立東華大學 財務金融學系(正取); 國立聯合大學 財務金融學系(正取)"
CAND_2378,114,fcu_acc,逢甲大學,會計學系,逢甲大學 會計學系,1121,陳*潔,正取,東海大學,東海大學 財務金融學系,其他學校錄取,5,"逢甲大學 會計學系(正取); 東海大學 企業管理學系(正取); 東海大學 財務金融學系(備取,分發); 逢甲大學 企業管理學系(正取); 逢甲大學 財務金融學系(正取)"
CAND_2379,114,fcu_acc,逢甲大學,會計學系,逢甲大學 會計學系,111,郭*伶,正取,中原大學,中原大學 會計學系,其他學校錄取,4,"逢甲大學 會計學系(正取); 中原大學 會計學系(正取,分發); 東海大學 會計學系(正取); 淡江大學 會計學系(正取)"
CAND_2380,114,fcu_acc,逢甲大學,會計學系,逢甲大學 會計學系,111,張*愷,正取,國立彰化師範大學,國立彰化師範大學 地理學系,其他學校錄取,3,"逢甲大學 會計學系(正取); 國立彰化師範大學 地理學系(正取,分發); 國立暨南國際大學 財務金融學系(備取)"
CAND_2381,114,fcu_acc,逢甲大學,會計學系,逢甲大學 會計學系,1137,柯*德,正取,東海大學,東海大學 會計學系,其他學校錄取,4,"逢甲大學 會計學系(正取); 中原大學 會計學系(正取); 東海大學 會計學系(正取,分發); 輔仁大學 財經法律學系(備取)"
CAND_2382,114,fcu_acc,逢甲大學,會計學系,逢甲大學 會計學系,1113,葵*,正取,中原大學,中原大學 會計學系,其他學校錄取,4,"逢甲大學 會計學系(正取); 中原大學 會計學系(正取,分發); 東海大學 財務金融學系(正取); 逢甲大學 財務金融學系(正取)"
CAND_2383,114,fcu_acc,逢甲大學,會計學系,逢甲大學 會計學系,1129,賴*,正取,逢甲大學,逢甲大學 會計學系,原校系/本校留任,5,"逢甲大學 會計學系(正取,分發); 東海大學 會計學系(正取); 逢甲大學 經濟學系(通過); 逢甲大學 財務金融學系(正取); 國立暨南國際大學 管理學院學士班(通過)"
CAND_2384,114,fcu_acc,逢甲大學,會計學系,逢甲大學 會計學系,1124,李*,正取,逢甲大學,逢甲大學 金融學院學士班,原校系/本校留任,5,"逢甲大學 會計學系(正取); 東海大學 財務金融學系(備取); 東海大學 經濟學系(正取); 逢甲大學 財務金融學系(正取); 逢甲大學 金融學院學士班(正取,分發)"
CAND_2385,114,fcu_acc,逢甲大學,會計學系,逢甲大學 會計學系,1113,陳*筠,正取,中原大學,中原大學 財經法律學系財貿法組,其他學校錄取,4,"逢甲大學 會計學系(正取); 中原大學 財經法律學系財貿法組(正取,分發); 東海大學 政治學系(備取); 逢甲大學 財稅學系(正取)"
CAND_2386,114,fcu_acc,逢甲大學,會計學系,逢甲大學 會計學系,1113,賴*欣,正取,逢甲大學,逢甲大學 會計學系,原校系/本校留任,2,"逢甲大學 會計學系(正取,分發); 國立嘉義大學 行銷與觀光管理學系(通過)"
CAND_2387,114,fcu_acc,逢甲大學,會計學系,逢甲大學 會計學系,1111,鄭*琦,正取,逢甲大學,逢甲大學 會計學系,原校系/本校留任,4,"逢甲大學 會計學系(正取,分發); 東海大學 會計學系(正取); 東海大學 行政管理暨政策學系(正取); 逢甲大學 外國語文學系(正取)"
CAND_2388,114,fcu_acc,逢甲大學,會計學系,逢甲大學 會計學系,1139,鄭*志,正取,東吳大學,東吳大學 會計學系,其他學校錄取,7,"逢甲大學 會計學系(正取); 東吳大學 會計學系(備取,分發); 中原大學 工業與系統工程學系工程組(正取); 輔仁大學 會計學系(備取); 元智大學 工業工程與管理學系(備取); 國立高雄科技大學工業工程與管理系(通過); 國立勤益科技大學工業工程與管理系(正取)"
CAND_2389,114,fcu_acc,逢甲大學,會計學系,逢甲大學 會計學系,1116,—,正取,中原大學,中原大學 財務金融學系,其他學校錄取,5,"逢甲大學 會計學系(正取); 中原大學 企業管理學系工商管理組(備取); 中原大學 財務金融學系(正取,分發); 逢甲大學 經濟學系(通過); 國立宜蘭大學 應用經濟與管理學系(正取)"
CAND_2390,114,fcu_acc,逢甲大學,會計學系,逢甲大學 會計學系,1127,F*華,正取,逢甲大學,逢甲大學 財務金融學系,原校系/本校留任,6,"逢甲大學 會計學系(正取); 東海大學 財務金融學系(備取); 逢甲大學 財務金融學系(正取,分發); 國立屏東科技大學財務金融國際學士學位學程(通過); 國立高雄科技大學金融資訊系(通過); 南開科技大學行銷與流通管理系(通過)"
CAND_2391,114,fcu_acc,逢甲大學,會計學系,逢甲大學 會計學系,1118,林*羽,正取,逢甲大學,逢甲大學 財稅學系,原校系/本校留任,3,"逢甲大學 會計學系(正取); 逢甲大學 財稅學系(正取,分發); 輔仁大學 會計學系(備取)"
CAND_2392,114,fcu_acc,逢甲大學,會計學系,逢甲大學 會計學系,1114,邱*庭,正取,逢甲大學,逢甲大學 會計學系,原校系/本校留任,5,"逢甲大學 會計學系(正取,分發); 東吳大學 國際經營與貿易學系(通過); 東海大學 會計學系(正取); 東海大學 財務金融學系(備取); 逢甲大學 財務金融學系(正取)"
CAND_2393,114,fcu_acc,逢甲大學,會計學系,逢甲大學 會計學系,1135,黄*瑀,正取,逢甲大學,逢甲大學 財務金融學系,原校系/本校留任,8,"逢甲大學 會計學系(正取); 東海大學 財務金融學系(備取); 逢甲大學 國際經營與貿易學系(備取); 逢甲大學 財務金融學系(備取,分發); 國立嘉義大學 數位學習設計與管理學系(備取); 國立嘉義大學 科技管理學系(備取); 國立高雄科技大學土木工程系(備取); 國立臺中科技大學智慧生產工程系(通過)"
CAND_2394,114,fcu_acc,逢甲大學,會計學系,逢甲大學 會計學系,1127,阮*若,正取,東海大學,東海大學 會計學系,其他學校錄取,5,"逢甲大學 會計學系(正取); 東海大學 企業管理學系(通過); 東海大學 會計學系(正取,分發); 淡江大學 會計學系(通過); 逢甲大學 財務金融學系(通過)"
CAND_2395,114,fcu_acc,逢甲大學,會計學系,逢甲大學 會計學系,112,盧*岑,正取,逢甲大學,逢甲大學 財務金融學系,原校系/本校留任,3,"逢甲大學 會計學系(正取); 逢甲大學 國際經營與貿易學系(正取); 逢甲大學 財務金融學系(正取,分發)"
CAND_2396,114,fcu_acc,逢甲大學,會計學系,逢甲大學 會計學系,1122,*志,正取,逢甲大學,逢甲大學 財務金融學系,原校系/本校留任,5,"逢甲大學 會計學系(正取); 東海大學 財務金融學系(通過); 東海大學 經濟學系(通過); 逢甲大學 經濟學系(正取); 逢甲大學 財務金融學系(正取,分發)"
CAND_2397,114,fcu_acc,逢甲大學,會計學系,逢甲大學 會計學系,1123,湯*甯,正取,東海大學,東海大學 會計學系,其他學校錄取,5,"逢甲大學 會計學系(正取); 中原大學 中原大學與美國天普大學商學管理雙學士學位學程(通過); 東海大學 國際經營與貿易學系(備取); 東海大學 會計學系(正取,分發); 逢甲大學 財務金融學系(備取)"
CAND_2398,114,fcu_acc,逢甲大學,會計學系,逢甲大學 會計學系,1115,李*臻,正取,逢甲大學,逢甲大學 自動控制工程學系,原校系/本校留任,4,"逢甲大學 會計學系(正取); 逢甲大學 自動控制工程學系(備取,分發); 逢甲大學 通訊工程學系(備取); 長庚科技大學護理系(嘉義校區)(正取)"
CAND_2399,114,fcu_acc,逢甲大學,會計學系,逢甲大學 會計學系,1118,葵*依,正取,中原大學,中原大學 會計學系,其他學校錄取,4,"逢甲大學 會計學系(正取); 中原大學 會計學系(正取,分發); 淡江大學 企業管理學系(通過); 逢甲大學 企業管理學系(正取)"
CAND_2400,114,fcu_acc,逢甲大學,會計學系,逢甲大學 會計學系,1123,*榛,正取,亞洲大學,亞洲大學 心理學系諮商與臨床心理組,其他學校錄取,3,"逢甲大學 會計學系(正取); 銘傳大學 諮商臨床與工商心理學系(桃園校區)(正取); 亞洲大學 心理學系諮商與臨床心理組(備取,分發)"
CAND_2401,114,fcu_acc,逢甲大學,會計學系,逢甲大學 會計學系,1129,*妤,正取,逢甲大學,逢甲大學 會計學系,原校系/本校留任,6,"逢甲大學 會計學系(正取,分發); 東海大學 會計學系(正取); 逢甲大學 土地管理學系(正取); 亞洲大學 會計與資訊學系(備取); 國立高雄科技大學財政稅務系(備取); 嶺東科技大學會計資訊系(正取)"
CAND_2402,114,fcu_acc,逢甲大學,會計學系,逢甲大學 會計學系,113,—,正取,逢甲大學,逢甲大學 會計學系,原校系/本校留任,4,"逢甲大學 會計學系(正取,分發); 國立屏東大學 會計學系(備取); 銘傳大學 會計學系會計審計組(臺北校區)(通過); 實踐大學 會計學系會計審計組(臺北校區)(通過)"
CAND_2403,114,fcu_acc,逢甲大學,會計學系,逢甲大學 會計學系,1115,*希,正取,中原大學,中原大學 會計學系,其他學校錄取,4,"逢甲大學 會計學系(正取); 中原大學 會計學系(正取,分發); 長庚大學 資訊管理學系(備取); 國立勤益科技大學智慧自動化工程系(正取)"
CAND_2404,114,fcu_acc,逢甲大學,會計學系,逢甲大學 會計學系,1103,*茨,正取,逢甲大學,逢甲大學 都市計畫與空間資訊學系,原校系/本校留任,3,"逢甲大學 會計學系(正取); 中原大學 會計學系(正取); 逢甲大學 都市計畫與空間資訊學系(正取,分發)"
CAND_2405,114,fcu_acc,逢甲大學,會計學系,逢甲大學 會計學系,1118,孫*,正取,中原大學,中原大學 會計學系,其他學校錄取,3,"逢甲大學 會計學系(正取); 中原大學 會計學系(正取,分發); 逢甲大學 土地管理學系(備取)"
CAND_2406,114,fcu_acc,逢甲大學,會計學系,逢甲大學 會計學系,1116,—,正取,逢甲大學,逢甲大學 會計學系,原校系/本校留任,2,"逢甲大學 會計學系(正取,分發); 逢甲大學 經濟學系(正取)"
CAND_2407,114,fcu_acc,逢甲大學,會計學系,逢甲大學 會計學系,1129,姜*妤,正取,逢甲大學,逢甲大學 會計學系,原校系/本校留任,5,"逢甲大學 會計學系(正取,分發); 中原大學 國際經營與貿易學系(通過); 東海大學 企業管理學系(備取); 東海大學 會計學系(備取); 逢甲大學 行銷學系(備取)"
CAND_2408,114,fcu_acc,逢甲大學,會計學系,逢甲大學 會計學系,1112,魏*旭,正取,中原大學,中原大學 會計學系,其他學校錄取,4,"逢甲大學 會計學系(正取); 中原大學 會計學系(正取,分發); 淡江大學 會計學系(正取); 逢甲大學 財務金融學系(正取)"
CAND_2409,114,fcu_acc,逢甲大學,會計學系,逢甲大學 會計學系,1115,陳*,正取,逢甲大學,逢甲大學 財務金融學系,原校系/本校留任,3,"逢甲大學 會計學系(正取); 逢甲大學 國際經營與貿易學系(備取); 逢甲大學 財務金融學系(備取,分發)"
CAND_2410,114,fcu_acc,逢甲大學,會計學系,逢甲大學 會計學系,1133,高*,正取,逢甲大學,逢甲大學 企業管理學系,原校系/本校留任,2,"逢甲大學 會計學系(正取); 逢甲大學 企業管理學系(正取,分發)"
CAND_2411,114,fcu_acc,逢甲大學,會計學系,逢甲大學 會計學系,1121,—,正取,逢甲大學,逢甲大學 會計學系,原校系/本校留任,3,"逢甲大學 會計學系(正取,分發); 逢甲大學 財務工程與精算學士學位學程(正取); 國立屏東大學 會計學系(備取)"
CAND_2412,114,fcu_acc,逢甲大學,會計學系,逢甲大學 會計學系,1129,宋*庭,正取,逢甲大學,逢甲大學 會計學系,原校系/本校留任,4,"逢甲大學 會計學系(正取,分發); 淡江大學 財務金融學系(備取); 逢甲大學 國際經營與貿易學系(通過); 逢甲大學 財務金融學系(備取)"
CAND_2413,114,fcu_acc,逢甲大學,會計學系,逢甲大學 會計學系,1131,張*淳,正取,逢甲大學,逢甲大學 財稅學系,原校系/本校留任,5,"逢甲大學 會計學系(正取); 東海大學 會計學系(正取); 逢甲大學 國際經營與貿易學系(備取); 逢甲大學 財稅學系(正取,分發); 國立屏東大學 國際經營與貿易學系(備取)"
CAND_2414,114,fcu_acc,逢甲大學,會計學系,逢甲大學 會計學系,112,維*昕,正取,元智大學,元智大學 工業工程與管理學系,其他學校錄取,8,"逢甲大學 會計學系(正取); 中原大學 工業與系統工程學系管理組(備取); 東海大學 工業工程與經營資訊學系(智慧經營與管理組)(備取); 元智大學 工業工程與管理學系(備取,分發); 國立嘉義大學 企業管理學系(備取); 國立高雄科技大學環境與安全衛生工程系(通過); 朝陽科技大學工業工程與管理系(通過); 正修科技大學工業工程與管理系(通過)"
CAND_2415,114,fcu_acc,逢甲大學,會計學系,逢甲大學 會計學系,1133,林*璇,正取,東海大學,東海大學 企業管理學系,其他學校錄取,5,"逢甲大學 會計學系(正取); 東海大學 企業管理學系(正取,分發); 逢甲大學 企業管理學系(備取); 靜宜大學 會計學系(通過); 亞洲大學 會計與資訊學系(通過)"
CAND_2416,114,fcu_acc,逢甲大學,會計學系,逢甲大學 會計學系,1114,葉*閎,正取,逢甲大學,逢甲大學 會計學系,原校系/本校留任,3,"逢甲大學 會計學系(正取,分發); 淡江大學 財務金融學系全球財務管理全英語學士班(通過); 逢甲大學 國際經營與貿易學系(正取)"
CAND_2417,114,fcu_acc,逢甲大學,會計學系,逢甲大學 會計學系,1126,李*,正取,逢甲大學,逢甲大學 會計學系,原校系/本校留任,4,"逢甲大學 會計學系(正取,分發); 靜宜大學 法律學系(通過); 亞洲大學 心理學系諮商與臨床心理組(備取); 亞洲大學 財經法律學系(正取)"
CAND_2418,114,fcu_acc,逢甲大學,會計學系,逢甲大學 會計學系,1113,許*,正取,國立中興大學,國立中興大學 歷史學系,其他學校錄取,6,"逢甲大學 會計學系(正取); 國立中興大學 歷史學系(備取,分發); 中原大學 會計學系(正取); 淡江大學 資訊傳播學系(正取); 輔仁大學 新聞傳播學系(正取); 國立中正大學 歷史學系(備取)"
CAND_2419,114,fcu_acc,逢甲大學,會計學系,逢甲大學 會計學系,111,郭*,正取,逢甲大學,逢甲大學 財務金融學系,原校系/本校留任,5,"逢甲大學 會計學系(正取); 東海大學 國際經營與貿易學系(備取); 淡江大學 財務金融學系(備取); 淡江大學 經濟學系(正取); 逢甲大學 財務金融學系(備取,分發)"
CAND_2420,114,fcu_acc,逢甲大學,會計學系,逢甲大學 會計學系,1111,陳*妏,正取,逢甲大學,逢甲大學 財稅學系,原校系/本校留任,4,"逢甲大學 會計學系(正取); 東海大學 會計學系(正取); 逢甲大學 財稅學系(正取,分發); 逢甲大學 企業管理學系(備取)"
CAND_2421,114,fcu_acc,逢甲大學,會計學系,逢甲大學 會計學系,1122,陳*鉲,正取,逢甲大學,逢甲大學 會計學系,原校系/本校留任,2,"逢甲大學 會計學系(正取,分發); 逢甲大學 財務工程與精算學士學位學程(備取)"
CAND_2422,114,fcu_acc,逢甲大學,會計學系,逢甲大學 會計學系,112,林*宇,正取,中原大學,中原大學 會計學系,其他學校錄取,3,"逢甲大學 會計學系(正取); 中原大學 會計學系(正取,分發); 淡江大學 會計學系(正取)"
CAND_2423,114,fcu_acc,逢甲大學,會計學系,逢甲大學 會計學系,〇****OTT,吳*臻,正取,國立東華大學,國立東華大學 經濟學系,其他學校錄取,7,"逢甲大學 會計學系(正取); 中原大學 會計學系(正取); 淡江大學 會計學系(正取); 逢甲大學 國際經營與貿易學系(正取); 國立東華大學 經濟學系(正取,分發); 國立暨南國際大學 經濟學系(備取); 國立高雄科技大學金融系(備取)"
CAND_2424,114,fcu_acc,逢甲大學,會計學系,逢甲大學 會計學系,1125,郭*瑜,正取,慈濟大學,慈濟大學 醫學影像暨放射科學系,其他學校錄取,5,"逢甲大學 會計學系(正取); 淡江大學 會計學系(正取); 逢甲大學 財務金融學系(備取); 慈濟大學 醫學影像暨放射科學系(備取,分發); 國立高雄科技大學財政稅務系(備取)"
CAND_2425,114,fcu_acc,逢甲大學,會計學系,逢甲大學 會計學系,1121,江*津,正取,逢甲大學,逢甲大學 國際經營與貿易學系,原校系/本校留任,4,"逢甲大學 會計學系(正取); 東吳大學 資訊管理學系(備取); 淡江大學 企業管理學系(正取); 逢甲大學 國際經營與貿易學系(正取,分發)"
CAND_2426,114,fcu_acc,逢甲大學,會計學系,逢甲大學 會計學系,1128,許*庭,正取,亞洲大學,亞洲大學 食品營養與保健生技學系藥用化粧品醫美組,其他學校錄取,6,"逢甲大學 會計學系(正取); 逢甲大學 國際企業管理全英語學士學位學程(正取); 逢甲大學 美國加州聖荷西州立大學商學大數據分析雙學士學位學程(通過); 靜宜大學 化粧品科學系(正取); 靜宜大學 寰宇管理學士學位學程(通過); 亞洲大學 食品營養與保健生技學系藥用化粧品醫美組(正取,分發)"
CAND_2427,114,fcu_acc,逢甲大學,會計學系,逢甲大學 會計學系,1121,葵*庭,正取,逢甲大學,逢甲大學 會計學系,原校系/本校留任,6,"逢甲大學 會計學系(正取,分發); 東吳大學 資訊管理學系(備取); 中原大學 國際經營與貿易學系(通過); 中原大學 資訊管理學系(備取); 逢甲大學 國際經營與貿易學系(備取); 逢甲大學 財務金融學系(通過)"
CAND_2428,114,fcu_acc,逢甲大學,會計學系,逢甲大學 會計學系,1112,林*潔,正取,逢甲大學,逢甲大學 會計學系,原校系/本校留任,3,"逢甲大學 會計學系(正取,分發); 中原大學 會計學系(正取); 淡江大學 會計學系(通過)"
CAND_2429,114,fcu_acc,逢甲大學,會計學系,逢甲大學 會計學系,1105,章*,正取,銘傳大學,銘傳大學 會計學系稅務規劃組(臺北校區),其他學校錄取,4,"逢甲大學 會計學系(正取); 中原大學 會計學系(正取); 中原大學 財經法律學系科技法組(備取); 銘傳大學 會計學系稅務規劃組(臺北校區)(備取,分發)"
CAND_2430,114,fcu_acc,逢甲大學,會計學系,逢甲大學 會計學系,1136,—,正取,國立高雄大學,國立高雄大學 財務金融學系,其他學校錄取,6,"逢甲大學 會計學系(正取); 逢甲大學 運輸與物流學系(通過); 逢甲大學 財務金融學系(正取); 淡江大學 財務金融學系(通過); 國立中山大學 企業管理學系(通過); 國立高雄大學 財務金融學系(正取,分發)"
CAND_2431,114,fcu_acc,逢甲大學,會計學系,逢甲大學 會計學系,1121,黄*,正取,國立屏東大學,國立屏東大學 幼兒教育學系,其他學校錄取,5,"逢甲大學 會計學系(正取); 逢甲大學 運輸與物流學系(正取); 國立屏東大學 教育學系(備取); 國立屏東大學 幼兒教育學系(正取,分發); 南臺科技大學幼兒保育系(正取)"
CAND_2432,114,fcu_acc,逢甲大學,會計學系,逢甲大學 會計學系,1127,許*珮,正取,逢甲大學,逢甲大學 財務金融學系,原校系/本校留任,5,"逢甲大學 會計學系(正取); 東吳大學 國際經營與貿易學系(通過); 東海大學 財務金融學系(通過); 逢甲大學 國際經營與貿易學系(通過); 逢甲大學 財務金融學系(正取,分發)"
CAND_2433,114,fcu_acc,逢甲大學,會計學系,逢甲大學 會計學系,1124,許*,正取,逢甲大學,逢甲大學 會計學系,原校系/本校留任,3,"逢甲大學 會計學系(正取,分發); 淡江大學 會計學系(正取); 國立屏東大學 會計學系(正取)"
CAND_2434,114,fcu_acc,逢甲大學,會計學系,逢甲大學 會計學系,1112,張*恩,正取,逢甲大學,逢甲大學 會計學系,原校系/本校留任,3,"逢甲大學 會計學系(正取,分發); 中原大學 會計學系(備取); 元智大學 管理學院學士班(主修：會計)(正取)"
CAND_2435,114,fcu_acc,逢甲大學,會計學系,逢甲大學 會計學系,1118,黄*瑄,正取,逢甲大學,逢甲大學 會計學系,原校系/本校留任,3,"逢甲大學 會計學系(正取,分發); 淡江大學 會計學系(通過); 逢甲大學 經濟學系(正取)"
CAND_2436,114,fcu_acc,逢甲大學,會計學系,逢甲大學 會計學系,1118,孫*盈,正取,淡江大學,淡江大學 會計學系,其他學校錄取,5,"逢甲大學 會計學系(正取); 東吳大學 資訊管理學系(通過); 中原大學 會計學系(正取); 東海大學 會計學系(通過); 淡江大學 會計學系(備取,分發)"
CAND_2437,114,fcu_acc,逢甲大學,會計學系,逢甲大學 會計學系,1128,黄*邦,正取,逢甲大學,逢甲大學 國際企業管理全英語學士學位學程,原校系/本校留任,2,"逢甲大學 會計學系(正取); 逢甲大學 國際企業管理全英語學士學位學程(正取,分發)"
CAND_2438,114,fcu_acc,逢甲大學,會計學系,逢甲大學 會計學系,113,鄭*,正取,逢甲大學,逢甲大學 會計學系,原校系/本校留任,5,"逢甲大學 會計學系(正取,分發); 逢甲大學 都市計畫與空間資訊學系(正取); 靜宜大學 會計學系(正取); 靜宜大學 財務金融學系(正取); 元智大學 管理學院學士班(主修：會計)(正取)"
CAND_2439,114,fcu_acc,逢甲大學,會計學系,逢甲大學 會計學系,1123,黄*永,正取,逢甲大學,逢甲大學 會計學系,原校系/本校留任,3,"逢甲大學 會計學系(正取,分發); 中原大學 會計學系(備取); 東海大學 會計學系(正取)"
CAND_2440,114,fcu_acc,逢甲大學,會計學系,逢甲大學 會計學系,1124,方*閔,正取,逢甲大學,逢甲大學 財務金融學系,原校系/本校留任,4,"逢甲大學 會計學系(正取); 東海大學 財務金融學系(備取); 逢甲大學 財務金融學系(備取,分發); 國立高雄科技大學財政稅務系(通過)"
CAND_2441,114,fcu_acc,逢甲大學,會計學系,逢甲大學 會計學系,1117,蘇*菲,正取,逢甲大學,逢甲大學 會計學系,原校系/本校留任,4,"逢甲大學 會計學系(正取,分發); 淡江大學 會計學系(通過); 逢甲大學 經濟學系(正取); 靜宜大學 會計學系(通過)"
CAND_2442,114,fcu_acc,逢甲大學,會計學系,逢甲大學 會計學系,1103,何*毅,正取,逢甲大學,逢甲大學 會計學系,原校系/本校留任,8,"逢甲大學 會計學系(正取,分發); 東吳大學 企業管理學系(備取); 逢甲大學 澳洲墨爾本皇家理工大學商學與創新雙學士學位學程(正取); 逢甲大學 澳洲昆士蘭大學商學雙學士學位學程(備取); 崑山科技大學電機工程系(通過); 嘉南藥理大學藥粧生技產業系(通過); 弘光科技大學醫療器材發展與應用系(通過); 長庚科技大學保健營養系(林口校區)(通過)"
CAND_2443,114,fcu_acc,逢甲大學,會計學系,逢甲大學 會計學系,1124,蘇*,正取,逢甲大學,逢甲大學 會計學系,原校系/本校留任,3,"逢甲大學 會計學系(正取,分發); 臺北市立大學 休閒運動管理學系(通過); 國立體育大學 休閒產業經營學系(正取)"
CAND_2444,114,fcu_acc,逢甲大學,會計學系,逢甲大學 會計學系,1113,陳*穎,正取,中原大學,中原大學 財務金融學系,其他學校錄取,4,"逢甲大學 會計學系(正取); 淡江大學 會計學系(通過); 中原大學 財務金融學系(正取,分發); 淡江大學 財務金融學系(正取)"
CAND_2445,114,fcu_acc,逢甲大學,會計學系,逢甲大學 會計學系,1124,话*,正取,東海大學,東海大學 會計學系,其他學校錄取,6,"逢甲大學 會計學系(正取); 義守大學 會計學系(通過); 東海大學 會計學系(正取,分發); 淡江大學 會計學系(通過); 靜宜大學 會計學系(通過); 國立屏東大學 會計學系(正取)"
CAND_2446,114,fcu_acc,逢甲大學,會計學系,逢甲大學 會計學系,1111,邱*倫,備取,中原大學,中原大學 會計學系,其他學校錄取,3,"逢甲大學 會計學系(備取); 中原大學 會計學系(正取,分發); 淡江大學 會計學系(正取)"
CAND_2447,114,fcu_acc,逢甲大學,會計學系,逢甲大學 會計學系,1123,維*伶,備取,逢甲大學,逢甲大學 土地管理學系,原校系/本校留任,7,"逢甲大學 會計學系(備取); 逢甲大學 行銷學系(備取); 逢甲大學 土地管理學系(正取,分發); 國立聯合大學 經營管理學系(正取); 國立聯合大學 財務金融學系(正取); 南臺科技大學財務金融系(通過); 僑光科技大學財經法律系(通過)"
CAND_2448,114,fcu_acc,逢甲大學,會計學系,逢甲大學 會計學系,1121,吳*倢,備取,逢甲大學,逢甲大學 財務金融學系,原校系/本校留任,3,"逢甲大學 會計學系(備取); 東海大學 國際經營與貿易學系(正取); 逢甲大學 財務金融學系(備取,分發)"
CAND_2449,114,fcu_acc,逢甲大學,會計學系,逢甲大學 會計學系,1114,陳*歆,備取,東海大學,東海大學 資訊管理學系,其他學校錄取,4,"逢甲大學 會計學系(備取); 東海大學 資訊管理學系(正取,分發); 逢甲大學 國際經營與貿易學系(正取); 元智大學 管理學院學士班(主修：財務金融)(備取)"
CAND_2450,114,fcu_acc,逢甲大學,會計學系,逢甲大學 會計學系,1123,葵*恩,備取,淡江大學,淡江大學 運輸管理學系,其他學校錄取,5,"逢甲大學 會計學系(備取); 淡江大學 企業管理學系(通過); 淡江大學 運輸管理學系(正取,分發); 逢甲大學 國際經營與貿易學系(備取); 逢甲大學 運輸與物流學系(正取)"
CAND_2451,114,fcu_acc,逢甲大學,會計學系,逢甲大學 會計學系,113,張*,備取,逢甲大學,逢甲大學 會計學系,原校系/本校留任,2,"逢甲大學 會計學系(備取,分發); 靜宜大學 會計學系(正取)"
CAND_2452,114,fcu_acc,逢甲大學,會計學系,逢甲大學 會計學系,1135,林*,備取,淡江大學,淡江大學 人工智慧學系,其他學校錄取,4,"逢甲大學 會計學系(備取); 東吳大學 財務工程與精算數學系(備取); 淡江大學 人工智慧學系(正取,分發); 逢甲大學 風險管理與保險學系(備取)"
CAND_2453,114,fcu_acc,逢甲大學,會計學系,逢甲大學 會計學系,1107,李*娟,備取,東海大學,東海大學 企業管理學系,其他學校錄取,3,"逢甲大學 會計學系(備取); 東海大學 企業管理學系(備取,分發); 東海大學 社會學系(備取)"
CAND_2454,114,fcu_acc,逢甲大學,會計學系,逢甲大學 會計學系,1128,—,備取,逢甲大學,逢甲大學 會計學系,原校系/本校留任,5,"逢甲大學 會計學系(備取,分發); 逢甲大學 經濟學系(備取); 逢甲大學 都市計畫與空間資訊學系(通過); 國立體育大學 體育推廣學系(一般組)(備取); 國立臺灣體育運動大學 體育學系(一般組)(備取)"
CAND_2455,114,fcu_acc,逢甲大學,會計學系,逢甲大學 會計學系,1121,維*湘,備取,東海大學,東海大學 會計學系,其他學校錄取,5,"逢甲大學 會計學系(備取); 中原大學 會計學系(通過); 東海大學 會計學系(正取,分發); 東海大學 行政管理暨政策學系(備取); 逢甲大學 財稅學系(通過)"
CAND_2456,114,fcu_acc,逢甲大學,會計學系,逢甲大學 會計學系,1113,宗*凱,備取,輔仁大學,輔仁大學 企業管理學系,其他學校錄取,7,"逢甲大學 會計學系(備取); 東吳大學 經濟學系(正取); 東吳大學 企業管理學系(備取); 中原大學 會計學系(備取); 輔仁大學 企業管理學系(備取,分發); 輔仁大學 經濟學系(備取); 國立高雄科技大學會計資訊系(通過)"
CAND_2457,114,fcu_acc,逢甲大學,會計學系,逢甲大學 會計學系,1128,陳*恩,備取,中原大學,中原大學 會計學系,其他學校錄取,4,"逢甲大學 會計學系(備取); 中原大學 會計學系(正取,分發); 東海大學 會計學系(備取); 元智大學 管理學院學士班(主修：會計)(正取)"
CAND_2458,114,fcu_acc,逢甲大學,會計學系,逢甲大學 會計學系,111,楊*宇,備取,逢甲大學,逢甲大學 會計學系,原校系/本校留任,2,"逢甲大學 會計學系(備取,分發); 元智大學 管理學院學士班(主修：財務金融)(正取)"
CAND_2459,114,fcu_acc,逢甲大學,會計學系,逢甲大學 會計學系,1124,葵*臻,備取,中原大學,中原大學 會計學系,其他學校錄取,3,"逢甲大學 會計學系(備取); 中原大學 會計學系(正取,分發); 東海大學 企業管理學系(備取)"
CAND_2460,114,fcu_acc,逢甲大學,會計學系,逢甲大學 會計學系,1112,吳*珍,備取,中原大學,中原大學 會計學系,其他學校錄取,3,"逢甲大學 會計學系(備取); 中原大學 會計學系(備取,分發); 元智大學 管理學院學士班(主修：會計)(通過)"
CAND_2461,114,fcu_acc,逢甲大學,會計學系,逢甲大學 會計學系,1112,盧*,備取,中原大學,中原大學 會計學系,其他學校錄取,5,"逢甲大學 會計學系(備取); 中原大學 會計學系(正取,分發); 長庚大學 醫務管理學系(通過); 元智大學 管理學院學士班(主修：會計)(正取); 銘傳大學 會計學系會計審計組(臺北校區)(備取)"
CAND_2462,114,fcu_acc,逢甲大學,會計學系,逢甲大學 會計學系,1139,*沂,備取,逢甲大學,逢甲大學 會計學系,原校系/本校留任,2,"逢甲大學 會計學系(備取,分發); 逢甲大學 國際經營與貿易學系(正取)"
CAND_2463,114,fcu_acc,逢甲大學,會計學系,逢甲大學 會計學系,1121,林*潔,備取,逢甲大學,逢甲大學 會計學系,原校系/本校留任,4,"逢甲大學 會計學系(備取,分發); 中原大學 會計學系(正取); 東海大學 會計學系(備取); 逢甲大學 財稅學系(正取)"
CAND_2464,114,fcu_acc,逢甲大學,會計學系,逢甲大學 會計學系,1106,闕*哲,備取,中原大學,中原大學 會計學系,其他學校錄取,4,"逢甲大學 會計學系(備取); 中原大學 心理學系(備取); 中原大學 會計學系(備取,分發); 東海大學 會計學系(正取)"
CAND_2465,114,fcu_acc,逢甲大學,會計學系,逢甲大學 會計學系,1121,許*,備取,逢甲大學,逢甲大學 會計學系,原校系/本校留任,6,"逢甲大學 會計學系(備取,分發); 逢甲大學 土地管理學系(備取); 逢甲大學 風險管理與保險學系(備取); 元智大學 管理學院學士班(主修：財務金融)(備取); 元智大學 管理學院學士班(主修：會計)(正取); 文藻外語大學國際事務系(通過)"
CAND_2466,114,fcu_acc,逢甲大學,會計學系,逢甲大學 會計學系,1126,林*不,備取,逢甲大學,逢甲大學 會計學系,原校系/本校留任,3,"逢甲大學 會計學系(備取,分發); 逢甲大學 經濟學系(備取); 逢甲大學 風險管理與保險學系(備取)"
CAND_2467,114,fcu_acc,逢甲大學,會計學系,逢甲大學 會計學系,1115,*恩,備取,逢甲大學,逢甲大學 會計學系,原校系/本校留任,2,"逢甲大學 會計學系(備取,分發); 逢甲大學 國際經營與貿易學系(備取)"
CAND_2468,114,fcu_acc,逢甲大學,會計學系,逢甲大學 會計學系,1111,吳*,備取,中原大學,中原大學 會計學系,其他學校錄取,5,"逢甲大學 會計學系(備取); 中原大學 會計學系(備取,分發); 淡江大學 經濟學系(通過); 淡江大學 會計學系(備取); 銘傳大學 財務金融學系(臺北校區)(通過)"
CAND_2469,114,fcu_acc,逢甲大學,會計學系,逢甲大學 會計學系,111,温*程,備取,逢甲大學,逢甲大學 財務金融學系,原校系/本校留任,5,"逢甲大學 會計學系(備取); 中原大學 會計學系(通過); 東海大學 國際經營與貿易學系(通過); 逢甲大學 國際經營與貿易學系(正取); 逢甲大學 財務金融學系(備取,分發)"
CAND_2470,114,fcu_acc,逢甲大學,會計學系,逢甲大學 會計學系,1117,張*榕,備取,逢甲大學,逢甲大學 會計學系,原校系/本校留任,5,"逢甲大學 會計學系(備取,分發); 中原大學 會計學系(備取); 靜宜大學 會計學系(通過); 國立中山大學 劇場藝術學系(通過); 世新大學 廣播電視電影學系電視組(備取)"
CAND_2471,114,fcu_acc,逢甲大學,會計學系,逢甲大學 會計學系,1103,林*,備取,逢甲大學,逢甲大學 會計學系,原校系/本校留任,2,"逢甲大學 會計學系(備取,分發); 中原大學 會計學系(備取)"
CAND_2472,114,fcu_acc,逢甲大學,會計學系,逢甲大學 會計學系,1124,宋*,備取,淡江大學,淡江大學 財務金融學系,其他學校錄取,4,"逢甲大學 會計學系(備取); 淡江大學 財務金融學系(備取,分發); 淡江大學 會計學系(備取); 逢甲大學 財務金融學系(備取)"
CAND_2473,114,fcu_acc,逢甲大學,會計學系,逢甲大學 會計學系,1138,蘇*瑜,備取,逢甲大學,逢甲大學 會計學系,原校系/本校留任,3,"逢甲大學 會計學系(備取,分發); 國立屏東大學 財務金融學系(備取); 國立高雄大學 運動健康與休閒學系(通過)"
CAND_2474,114,fcu_acc,逢甲大學,會計學系,逢甲大學 會計學系,1122,郭*,備取,元智大學,元智大學 管理學院學士班(主修：會計),其他學校錄取,7,"逢甲大學 會計學系(備取); 淡江大學 會計學系(備取); 元智大學 管理學院學士班(主修：會計)(備取,分發); 銘傳大學 會計學系稅務規劃組(臺北校區)(備取); 世新大學 廣播電視電影學系電視組(備取); 樹德科技大學表演藝術系(通過); 醒吾科技大學表演藝術系(通過)"
CAND_2475,114,fcu_acc,逢甲大學,會計學系,逢甲大學 會計學系,1124,謝*滄,備取,逢甲大學,逢甲大學 會計學系,原校系/本校留任,5,"逢甲大學 會計學系(備取,分發); 逢甲大學 風險管理與保險學系(備取); 靜宜大學 法律學系(正取); 靜宜大學 財務金融學系(正取); 亞洲大學 財經法律學系(備取)"
CAND_2476,114,fcu_acc,逢甲大學,會計學系,逢甲大學 會計學系,1113,*瑄,備取,中原大學,中原大學 企業管理學系服務業管理組,其他學校錄取,5,"逢甲大學 會計學系(備取); 中原大學 企業管理學系服務業管理組(正取,分發); 東海大學 企業管理學系(正取); 淡江大學 企業管理學系全英語學士班(正取); 逢甲大學 企業管理學系(正取)"
CAND_2477,114,fcu_acc,逢甲大學,會計學系,逢甲大學 會計學系,1122,黄*,備取,逢甲大學,逢甲大學 會計學系,原校系/本校留任,3,"逢甲大學 會計學系(備取,分發); 逢甲大學 應用數學系A組(正取); 逢甲大學 財務工程與精算學士學位學程(備取)"
CAND_2478,114,fcu_acc,逢甲大學,會計學系,逢甲大學 會計學系,1135,陳*佑,備取,逢甲大學,逢甲大學 會計學系,原校系/本校留任,4,"逢甲大學 會計學系(備取,分發); 逢甲大學 經濟學系(正取); 國立東華大學 應用數學系統計科學組(正取); 國立東華大學 經濟學系(備取)"
CAND_2479,114,fcu_acc,逢甲大學,會計學系,逢甲大學 會計學系,1122,葵*諺,備取,逢甲大學,逢甲大學 會計學系,原校系/本校留任,2,"逢甲大學 會計學系(備取,分發); 靜宜大學 會計學系(通過)"
CAND_2480,114,fcu_acc,逢甲大學,會計學系,逢甲大學 會計學系,1123,翁*桓,備取,逢甲大學,逢甲大學 會計學系,原校系/本校留任,7,"逢甲大學 會計學系(備取,分發); 中原大學 會計學系(備取); 國立高雄師範大學 工業科技教育學系能源與冷凍空調組(備取); 國立東華大學 電機工程學系智慧系統組(備取); 國立屏東大學 會計學系(備取); 國立高雄科技大學能源與冷凍空調工程系(通過); 國立勤益科技大學冷凍空調與能源系(通過)"
CAND_2481,114,fcu_acc,逢甲大學,會計學系,逢甲大學 會計學系,1124,郭*宇,備取,逢甲大學,逢甲大學 會計學系,原校系/本校留任,3,"逢甲大學 會計學系(備取,分發); 逢甲大學 國際經營與貿易學系(正取); 逢甲大學 財稅學系(備取)"
CAND_2482,114,fcu_acc,逢甲大學,會計學系,逢甲大學 會計學系,1139,林*伶,備取,逢甲大學,逢甲大學 會計學系,原校系/本校留任,4,"逢甲大學 會計學系(備取,分發); 靜宜大學 會計學系(通過); 元智大學 管理學院學士班(主修：財務金融)(備取); 長榮大學 會計資訊學系稅務應用組(正取)"
CAND_2483,114,fcu_acc,逢甲大學,會計學系,逢甲大學 會計學系,1111,李*晴,備取,逢甲大學,逢甲大學 會計學系,原校系/本校留任,5,"逢甲大學 會計學系(備取,分發); 東海大學 會計學系(備取); 中國文化大學 會計學系(備取); 銘傳大學 會計學系會計審計組(臺北校區)(正取); 亞洲大學 會計與資訊學系(備取)"
CAND_2484,114,fcu_acc,逢甲大學,會計學系,逢甲大學 會計學系,1126,*紋,備取,逢甲大學,逢甲大學 會計學系,原校系/本校留任,4,"逢甲大學 會計學系(備取,分發); 逢甲大學 企業管理學系(通過); 逢甲大學 財務金融學系(備取); 國立屏東大學 會計學系(備取)"
CAND_2485,114,fcu_acc,逢甲大學,會計學系,逢甲大學 會計學系,1127,游*琳,備取,逢甲大學,逢甲大學 會計學系,原校系/本校留任,3,"逢甲大學 會計學系(備取,分發); 靜宜大學 財務金融學系(正取); 亞洲大學 財務金融學系金融科技組(備取)"
CAND_2486,114,fcu_acc,逢甲大學,會計學系,逢甲大學 會計學系,1125,馮*滎,備取,國立屏東大學,國立屏東大學 商業大數據學系,其他學校錄取,2,"逢甲大學 會計學系(備取); 國立屏東大學 商業大數據學系(備取,分發)"
CAND_2487,114,fcu_acc,逢甲大學,會計學系,逢甲大學 會計學系,1103,周*彤,備取,逢甲大學,逢甲大學 會計學系,原校系/本校留任,3,"逢甲大學 會計學系(備取,分發); 淡江大學 會計學系(備取); 逢甲大學 金融學院學士班(備取)"
CAND_2488,114,fcu_acc,逢甲大學,會計學系,逢甲大學 會計學系,1124,林*,備取,淡江大學,淡江大學 會計學系,其他學校錄取,3,"逢甲大學 會計學系(備取); 淡江大學 國際企業學系經貿管理組(備取); 淡江大學 會計學系(備取,分發)"
CAND_2489,114,fcu_acc,逢甲大學,會計學系,逢甲大學 會計學系,1114,林*閎,備取,淡江大學,淡江大學 會計學系,其他學校錄取,5,"逢甲大學 會計學系(備取); 中原大學 會計學系(備取); 淡江大學 會計學系(備取,分發); 元智大學 管理學院學士班(主修：數位行銷與人力資源)(通過); 元智大學 管理學院學士班(主修：會計)(正取)"
CAND_2490,114,fcu_acc,逢甲大學,會計學系,逢甲大學 會計學系,1122,張*,備取,中原大學,中原大學 會計學系,其他學校錄取,2,"逢甲大學 會計學系(備取); 中原大學 會計學系(備取,分發)"
CAND_2491,114,fcu_acc,逢甲大學,會計學系,逢甲大學 會計學系,1124,鄭*,備取,逢甲大學,逢甲大學 會計學系,原校系/本校留任,4,"逢甲大學 會計學系(備取,分發); 中原大學 會計學系(備取); 逢甲大學 風險管理與保險學系(正取); 靜宜大學 會計學系(通過)"
CAND_2492,114,fcu_acc,逢甲大學,會計學系,逢甲大學 會計學系,1115,陳*丞,備取,逢甲大學,逢甲大學 財務金融學系,原校系/本校留任,5,"逢甲大學 會計學系(備取); 東海大學 會計學系(正取); 東海大學 財務金融學系(備取); 逢甲大學 經濟學系(正取); 逢甲大學 財務金融學系(備取,分發)"
CAND_2493,114,fcu_acc,逢甲大學,會計學系,逢甲大學 會計學系,1113,陳*佑,備取,逢甲大學,逢甲大學 會計學系,原校系/本校留任,3,"逢甲大學 會計學系(備取,分發); 東海大學 會計學系(正取); 逢甲大學 財務金融學系(備取)"
CAND_2494,114,fcu_acc,逢甲大學,會計學系,逢甲大學 會計學系,1103,葵*,備取,中原大學,中原大學 會計學系,其他學校錄取,3,"逢甲大學 會計學系(備取); 中原大學 企業管理學系工商管理組(備取); 中原大學 會計學系(正取,分發)"
CAND_2495,114,fcu_acc,逢甲大學,會計學系,逢甲大學 會計學系,1118,張*珊,備取,逢甲大學,逢甲大學 行銷學系,原校系/本校留任,5,"逢甲大學 會計學系(備取); 東海大學 餐旅管理學系(正取); 逢甲大學 行銷學系(正取,分發); 靜宜大學 行銷與數位經營管理學系(備取); 靜宜大學 國際企業學系(正取)"
CAND_2496,114,fcu_acc,逢甲大學,會計學系,逢甲大學 會計學系,1115,鄭*佑,備取,逢甲大學,逢甲大學 企業管理學系,原校系/本校留任,3,"逢甲大學 會計學系(備取); 逢甲大學 企業管理學系(備取,分發); 國立屏東科技大學木材科學與設計系(通過)"
CAND_2497,114,fcu_acc,逢甲大學,會計學系,逢甲大學 會計學系,111,林*均,備取,逢甲大學,逢甲大學 會計學系,原校系/本校留任,3,"逢甲大學 會計學系(備取,分發); 中國醫藥大學 公共衛生學院大一不分系(備取); 元智大學 管理學院學士班(主修：會計)(正取)"
CAND_2498,114,fcu_acc,逢甲大學,會計學系,逢甲大學 會計學系,1112,林*廷,備取,逢甲大學,逢甲大學 經濟學系,原校系/本校留任,4,"逢甲大學 會計學系(備取); 東海大學 會計學系(備取); 淡江大學 會計學系(備取); 逢甲大學 經濟學系(備取,分發)"
CAND_2499,114,fcu_acc,逢甲大學,會計學系,逢甲大學 會計學系,1137,黎*,備取,逢甲大學,逢甲大學 經濟學系,原校系/本校留任,4,"逢甲大學 會計學系(備取); 逢甲大學 經濟學系(備取,分發); 銘傳大學 財務金融學系(臺北校區)(備取); 中信金融管理學院 財務金融學系(備取)"
CAND_2500,114,fcu_acc,逢甲大學,會計學系,逢甲大學 會計學系,1125,吳*永,備取,中信金融管理學院,中信金融管理學院 企業管理學系,其他學校錄取,3,"逢甲大學 會計學系(備取); 東海大學 企業管理學系(備取); 中信金融管理學院 企業管理學系(正取,分發)"
CAND_2501,114,fcu_acc,逢甲大學,會計學系,逢甲大學 會計學系,1121,吳*甄,備取,亞洲大學,亞洲大學 會計與資訊學系,其他學校錄取,7,"逢甲大學 會計學系(備取); 淡江大學 會計學系(正取); 逢甲大學 風險管理與保險學系(正取); 亞洲大學 會計與資訊學系(正取,分發); 亞洲大學 財務金融學系金融科技組(備取); 嶺東科技大學會計資訊系(備取); 僑光科技大學資訊科技系(備取)"
CAND_2502,114,fcu_acc,逢甲大學,會計學系,逢甲大學 會計學系,1117,葵*,備取,逢甲大學,逢甲大學 會計學系,原校系/本校留任,2,"逢甲大學 會計學系(備取,分發); 淡江大學 會計學系(備取)"
CAND_2503,114,fcu_acc,逢甲大學,會計學系,逢甲大學 會計學系,1126,*綸,備取,逢甲大學,逢甲大學 會計學系,原校系/本校留任,3,"逢甲大學 會計學系(備取,分發); 逢甲大學 合作經濟暨社會事業經營學系(備取); 亞洲大學 心理學系工商與社會心理組(備取)"
CAND_2504,114,fcu_acc,逢甲大學,會計學系,逢甲大學 會計學系,1117,徐*秝,備取,逢甲大學,逢甲大學 會計學系,原校系/本校留任,5,"逢甲大學 會計學系(備取,分發); 東吳大學 經濟學系(備取); 中原大學 會計學系(備取); 逢甲大學 國際經營與貿易學系(備取); 中山醫學大學 醫療產業科技管理學系(備取)"
CAND_2505,114,fcu_acc,逢甲大學,會計學系,逢甲大學 會計學系,1128,朱*華,備取,逢甲大學,逢甲大學 會計學系,原校系/本校留任,2,"逢甲大學 會計學系(備取,分發); 中原大學 會計學系(備取)"
CAND_2506,114,fcu_acc,逢甲大學,會計學系,逢甲大學 會計學系,1113,鄭*恩,備取,淡江大學,淡江大學 會計學系,其他學校錄取,7,"逢甲大學 會計學系(備取); 中原大學 會計學系(備取); 淡江大學 會計學系(備取,分發); 淡江大學 資訊管理學系(通過); 逢甲大學 土地管理學系(通過); 國立高雄科技大學會計資訊系(通過); 龍華科技大學財務金融系(通過)"
CAND_2507,114,fcu_acc,逢甲大學,會計學系,逢甲大學 會計學系,1113,林*慈,備取,逢甲大學,逢甲大學 行銷學系,原校系/本校留任,3,"逢甲大學 會計學系(備取); 中原大學 財經法律學系科技法組(通過); 逢甲大學 行銷學系(備取,分發)"
CAND_2508,114,fcu_acc,逢甲大學,會計學系,逢甲大學 會計學系,1113,粘*致,備取,逢甲大學,逢甲大學 會計學系,原校系/本校留任,3,"逢甲大學 會計學系(備取,分發); 東海大學 經濟學系(正取); 國立暨南國際大學 教育學院學士班教育心理與輔導組(備取)"
CAND_2509,114,fcu_acc,逢甲大學,會計學系,逢甲大學 會計學系,1118,余*,備取,東海大學,東海大學 政治學系,其他學校錄取,5,"逢甲大學 會計學系(備取); 東海大學 政治學系(正取,分發); 逢甲大學 土地管理學系(備取); 輔仁大學 體育學系運動健康管理組(通過); 國立高雄大學 運動健康與休閒學系(備取)"
CAND_2510,114,fcu_acc,逢甲大學,會計學系,逢甲大學 會計學系,1129,*玥,備取,逢甲大學,逢甲大學 會計學系,原校系/本校留任,2,"逢甲大學 會計學系(備取,分發); 逢甲大學 行銷學系(正取)"
CAND_2511,114,fcu_acc,逢甲大學,會計學系,逢甲大學 會計學系,1116,陳*伶,備取,逢甲大學,逢甲大學 財務金融學系,原校系/本校留任,5,"逢甲大學 會計學系(備取); 東海大學 經濟學系(備取); 逢甲大學 經濟學系(正取); 逢甲大學 財務金融學系(備取,分發); 亞洲大學 心理學系心理師研修組(通過)"
CAND_2512,114,fcu_acc,逢甲大學,會計學系,逢甲大學 會計學系,1128,郭*宏,備取,逢甲大學,逢甲大學 國際經營與貿易學系,原校系/本校留任,5,"逢甲大學 會計學系(備取); 東海大學 國際經營與貿易學系(正取); 東海大學 財務金融學系(備取); 逢甲大學 國際經營與貿易學系(正取,分發); 逢甲大學 企業管理學系(備取)"
CAND_2513,114,fcu_acc,逢甲大學,會計學系,逢甲大學 會計學系,1124,陳*帆,備取,國立臺灣體育運動大學,國立臺灣體育運動大學 體育學系(一般組),其他學校錄取,6,"逢甲大學 會計學系(備取); 東海大學 企業管理學系(通過); 逢甲大學 企業管理學系(備取); 國立高雄師範大學 體育學系(備取); 國立臺灣體育運動大學 體育學系(一般組)(正取,分發); 國立嘉義大學 體育與健康休閒學系(通過)"
CAND_2514,114,fcu_acc,逢甲大學,會計學系,逢甲大學 會計學系,1116,陳*妤,備取,靜宜大學,靜宜大學 法律學系,其他學校錄取,5,"逢甲大學 會計學系(備取); 靜宜大學 法律學系(備取,分發); 靜宜大學 財務金融學系(備取); 亞洲大學 會計與資訊學系(備取); 亞洲大學 財經法律學系(備取)"
CAND_2515,114,fcu_acc,逢甲大學,會計學系,逢甲大學 會計學系,1105,*丞,備取,東海大學,東海大學 資訊管理學系,其他學校錄取,9,"逢甲大學 會計學系(備取); 中原大學 會計學系(備取); 東海大學 資訊管理學系(備取,分發); 逢甲大學 企業管理學系(備取); 銘傳大學 資訊管理學系人工智慧應用組(桃園校區)(正取); 朝陽科技大學資訊管理系數位多媒體組(正取); 嶺東科技大學數位媒體設計系(通過); 台南應用科技大學流行音樂系(通過); 致理科技大學資訊管理系(通過)"
CAND_2516,114,fcu_acc,逢甲大學,會計學系,逢甲大學 會計學系,1115,經*恩,備取,中原大學,中原大學 企業管理學系高科技業管理組,其他學校錄取,4,"逢甲大學 會計學系(備取); 中原大學 企業管理學系高科技業管理組(備取,分發); 逢甲大學 企業管理學系(備取); 國立聯合大學 財務金融學系(備取)"
CAND_2517,114,fcu_acc,逢甲大學,會計學系,逢甲大學 會計學系,1117,許*,備取,逢甲大學,逢甲大學 統計學系大數據分析與市場決策組,原校系/本校留任,2,"逢甲大學 會計學系(備取); 逢甲大學 統計學系大數據分析與市場決策組(備取,分發)"
CAND_2518,114,fcu_acc,逢甲大學,會計學系,逢甲大學 會計學系,1122,吳*臻,備取,國立暨南國際大學,國立暨南國際大學 經濟學系,其他學校錄取,3,"逢甲大學 會計學系(備取); 東海大學 企業管理學系(備取); 國立暨南國際大學 經濟學系(備取,分發)"
CAND_2519,114,fcu_acc,逢甲大學,會計學系,逢甲大學 會計學系,1139,沈*兴,備取,中原大學,中原大學 會計學系,其他學校錄取,3,"逢甲大學 會計學系(備取); 中原大學 會計學系(備取,分發); 東海大學 會計學系(備取)"
CAND_2520,114,fcu_acc,逢甲大學,會計學系,逢甲大學 會計學系,1116,林*,備取,逢甲大學,逢甲大學 會計學系,原校系/本校留任,2,"逢甲大學 會計學系(備取,分發); 元智大學 應用外語學系(備取)"
CAND_2521,114,fcu_acc,逢甲大學,會計學系,逢甲大學 會計學系,1129,汪*,備取,亞洲大學,亞洲大學 視光學系,其他學校錄取,3,"逢甲大學 會計學系(備取); 逢甲大學 風險管理與保險學系(備取); 亞洲大學 視光學系(正取,分發)"
CAND_2522,114,fcu_acc,逢甲大學,會計學系,逢甲大學 會計學系,1116,陳*恩,備取,東海大學,東海大學 統計學系(巨量資料管理組),其他學校錄取,3,"逢甲大學 會計學系(備取); 東海大學 統計學系(巨量資料管理組)(備取,分發); 逢甲大學 合作經濟暨社會事業經營學系(備取)"
CAND_2523,114,fcu_acc,逢甲大學,會計學系,逢甲大學 會計學系,1116,鄭*昀,備取,靜宜大學,靜宜大學 會計學系,其他學校錄取,6,"逢甲大學 會計學系(備取); 東海大學 會計學系(通過); 靜宜大學 會計學系(備取,分發); 銘傳大學 會計學系會計審計組(臺北校區)(通過); 實踐大學 會計學系會計審計組(臺北校區)(通過); 亞洲大學 會計與資訊學系(通過)"
CAND_2524,114,fcu_acc,逢甲大學,會計學系,逢甲大學 會計學系,1114,賴*,備取,逢甲大學,逢甲大學 行銷學系,原校系/本校留任,6,"逢甲大學 會計學系(備取); 東海大學 日本語言文化學系(正取); 逢甲大學 企業管理學系(備取); 逢甲大學 行銷學系(備取,分發); 銘傳大學 應用日語學系(桃園校區)(備取); 世新大學 傳播管理學系(通過)"
CAND_2525,114,fcu_acc,逢甲大學,會計學系,逢甲大學 會計學系,111,徐*亨,備取,淡江大學,淡江大學 會計學系,其他學校錄取,4,"逢甲大學 會計學系(備取); 中原大學 會計學系(備取); 淡江大學 會計學系(備取,分發); 元智大學 管理學院學士班(主修：會計)(通過)"
CAND_2526,114,fcu_acc,逢甲大學,會計學系,逢甲大學 會計學系,1119,江*華,備取,逢甲大學,逢甲大學 土地管理學系,原校系/本校留任,3,"逢甲大學 會計學系(備取); 逢甲大學 土地管理學系(備取,分發); 靜宜大學 法律學系(備取)"
CAND_2527,114,fcu_acc,逢甲大學,會計學系,逢甲大學 會計學系,1118,周*日,備取,逢甲大學,逢甲大學 經濟學系,原校系/本校留任,5,"逢甲大學 會計學系(備取); 東海大學 統計學系(巨量資料管理組)(備取); 逢甲大學 經濟學系(正取,分發); 逢甲大學 財務工程與精算學士學位學程(備取); 國立高雄科技大學人力資源發展系(備取)"
CAND_2528,114,fcu_acc,逢甲大學,會計學系,逢甲大學 會計學系,1133,唐*庭,備取,國立屏東大學,國立屏東大學 商業大數據學系,其他學校錄取,2,"逢甲大學 會計學系(備取); 國立屏東大學 商業大數據學系(備取,分發)"
CAND_2529,114,fcu_acc,逢甲大學,會計學系,逢甲大學 會計學系,1125,涂*,備取,逢甲大學,逢甲大學 會計學系,原校系/本校留任,5,"逢甲大學 會計學系(備取,分發); 國立屏東大學 商業大數據學系(備取); 朝陽科技大學保險金融管理系(通過); 南臺科技大學財務金融系(備取); 南臺科技大學應用日語系(正取)"
CAND_2530,114,fcu_acc,逢甲大學,會計學系,逢甲大學 會計學系,1116,陳*,備取,中原大學,中原大學 會計學系,其他學校錄取,5,"逢甲大學 會計學系(備取); 中原大學 會計學系(備取,分發); 元智大學 管理學院學士班(主修：國際企業管理)(備取); 元智大學 管理學院學士班(主修：會計)(備取); 銘傳大學 金融學系(桃園校區)(備取)"
CAND_2531,114,fcu_acc,逢甲大學,會計學系,逢甲大學 會計學系,1116,陳*琛,備取,逢甲大學,逢甲大學 經濟學系,原校系/本校留任,6,"逢甲大學 會計學系(備取); 中原大學 會計學系(通過); 逢甲大學 財稅學系(備取); 逢甲大學 經濟學系(備取,分發); 銘傳大學 財務金融學系(臺北校區)(備取); 國立高雄科技大學金融資訊系(通過)"
CAND_2532,114,fcu_acc,逢甲大學,會計學系,逢甲大學 會計學系,1126,楊*喬,備取,逢甲大學,逢甲大學 會計學系,原校系/本校留任,2,"逢甲大學 會計學系(備取,分發); 淡江大學 企業管理學系全英語學士班(備取)"
CAND_2533,114,fcu_acc,逢甲大學,會計學系,逢甲大學 會計學系,1123,—,備取,輔仁大學,輔仁大學 德語語文學系,其他學校錄取,5,"逢甲大學 會計學系(備取); 淡江大學 日本語文學系(備取); 輔仁大學 德語語文學系(備取,分發); 銘傳大學 會計學系稅務規劃組(臺北校區)(通過); 世新大學 廣播電視電影學系電視組(通過)"
CAND_2534,114,fcu_acc,逢甲大學,會計學系,逢甲大學 會計學系,1117,*珈,備取,逢甲大學,逢甲大學 會計學系,原校系/本校留任,2,"逢甲大學 會計學系(備取,分發); 元智大學 管理學院學士班(主修：會計)(備取)"
CAND_2535,114,fcu_acc,逢甲大學,會計學系,逢甲大學 會計學系,1125,郭*雅,備取,逢甲大學,逢甲大學 合作經濟暨社會事業經營學系,原校系/本校留任,5,"逢甲大學 會計學系(備取); 逢甲大學 合作經濟暨社會事業經營學系(備取,分發); 靜宜大學 大眾傳播學系(通過); 靜宜大學 國際企業學系(通過); 靜宜大學 會計學系(通過)"
CAND_2536,114,fcu_acc,逢甲大學,會計學系,逢甲大學 會計學系,112,紀*恩,備取,—,—,未分發或放棄,3,逢甲大學 會計學系(備取); 逢甲大學 土地管理學系(備取); 國立屏東大學 不動產經營學系(通過)
CAND_2537,114,fcu_acc,逢甲大學,會計學系,逢甲大學 會計學系,1113,林*穎,備取,逢甲大學,逢甲大學 會計學系,原校系/本校留任,4,"逢甲大學 會計學系(備取,分發); 元智大學 管理學院學士班(主修：會計)(備取); 實踐大學 財務金融學系(臺北校區)(備取); 致理科技大學會計資訊系(通過)"
CAND_2538,114,fcu_acc,逢甲大學,會計學系,逢甲大學 會計學系,1112,*甄,備取,逢甲大學,逢甲大學 會計學系,原校系/本校留任,2,"逢甲大學 會計學系(備取,分發); 銘傳大學 國際企業學系外貿行銷管理組(臺北校區)(備取)"
CAND_2539,114,fcu_acc,逢甲大學,會計學系,逢甲大學 會計學系,1125,陳*洧,備取,逢甲大學,逢甲大學 會計學系,原校系/本校留任,3,"逢甲大學 會計學系(備取,分發); 東海大學 工業工程與經營資訊學系(智慧設計與生產組)(備取); 逢甲大學 應用數學系A組(正取)"
CAND_2540,114,fcu_acc,逢甲大學,會計學系,逢甲大學 會計學系,111,*鴻,備取,東海大學,東海大學 社會工作學系,其他學校錄取,3,"逢甲大學 會計學系(備取); 東海大學 社會工作學系(備取,分發); 慈濟大學 護理學系(通過)"
CAND_2541,114,fcu_acc,逢甲大學,會計學系,逢甲大學 會計學系,111,張*芛,備取,逢甲大學,逢甲大學 會計學系,原校系/本校留任,4,"逢甲大學 會計學系(備取,分發); 中國文化大學 財務金融學系金融行銷組(通過); 銘傳大學 金融學系(桃園校區)(備取); 實踐大學 風險管理與保險學系(臺北校區)(備取)"
CAND_2542,114,fcu_acc,逢甲大學,會計學系,逢甲大學 會計學系,1129,—,備取,逢甲大學,逢甲大學 會計學系,原校系/本校留任,3,"逢甲大學 會計學系(備取,分發); 中原大學 會計學系(通過); 亞洲大學 會計與資訊學系(通過)"
CAND_2543,114,fcu_acc,逢甲大學,會計學系,逢甲大學 會計學系,1124,徐*慈,備取,逢甲大學,逢甲大學 會計學系,原校系/本校留任,2,"逢甲大學 會計學系(備取,分發); 逢甲大學 國際經營與貿易學系(備取)"
CAND_2544,114,fcu_acc,逢甲大學,會計學系,逢甲大學 會計學系,1107,許*媛,備取,世新大學,世新大學 廣播電視電影學系電影組,其他學校錄取,3,"逢甲大學 會計學系(備取); 東海大學 政治學系(備取); 世新大學 廣播電視電影學系電影組(備取,分發)"
CAND_2545,114,fcu_acc,逢甲大學,會計學系,逢甲大學 會計學系,1118,謝*華,備取,逢甲大學,逢甲大學 會計學系,原校系/本校留任,3,"逢甲大學 會計學系(備取,分發); 靜宜大學 財務金融學系(通過); 亞洲大學 會計與資訊學系(正取)"
CAND_2546,114,fcu_acc,逢甲大學,會計學系,逢甲大學 會計學系,1114,陳*深,備取,逢甲大學,逢甲大學 會計學系,原校系/本校留任,1,"逢甲大學 會計學系(備取,分發)"
CAND_2547,114,fcu_acc,逢甲大學,會計學系,逢甲大學 會計學系,1126,徐*竣,備取,逢甲大學,逢甲大學 會計學系,原校系/本校留任,3,"逢甲大學 會計學系(備取,分發); 銘傳大學 電機工程學系(桃園校區)(備取); 世新大學 經濟學系(備取)"
CAND_2548,114,fcu_acc,逢甲大學,會計學系,逢甲大學 會計學系,1119,林*謙,備取,逢甲大學,逢甲大學 會計學系,原校系/本校留任,2,"逢甲大學 會計學系(備取,分發); 逢甲大學 土地管理學系(備取)"
CAND_2549,114,fcu_acc,逢甲大學,會計學系,逢甲大學 會計學系,1135,蘇*楷,備取,逢甲大學,逢甲大學 會計學系,原校系/本校留任,6,"逢甲大學 會計學系(備取,分發); 東海大學 企業管理學系(備取); 淡江大學 風險管理與保險學系(通過); 淡江大學 會計學系(正取); 逢甲大學 合作經濟暨社會事業經營學系(正取); 靜宜大學 寰宇管理學士學位學程(通過)"
CAND_2550,114,fcu_acc,逢甲大學,會計學系,逢甲大學 會計學系,1114,李*么,備取,元智大學,元智大學 管理學院學士班(主修：財務金融),其他學校錄取,5,"逢甲大學 會計學系(備取); 元智大學 管理學院學士班(主修：財務金融)(正取,分發); 銘傳大學 會計學系會計審計組(臺北校區)(正取); 銘傳大學 財務金融學系(臺北校區)(正取); 世新大學 口語傳播暨社群媒體學系(正取)"
CAND_2551,114,fcu_acc,逢甲大學,會計學系,逢甲大學 會計學系,〇****OTT,—,備取,—,—,未分發或放棄,2,逢甲大學 會計學系(通過); 中原大學 會計學系(通過)
CAND_2552,114,fcu_acc,逢甲大學,會計學系,逢甲大學 會計學系,1102,—,備取,—,—,未分發或放棄,4,逢甲大學 會計學系(通過); 銘傳大學 會計學系會計審計組(臺北校區)(通過); 銘傳大學 會計學系稅務規劃組(臺北校區)(通過); 國立高雄科技大學會計資訊系(通過)
CAND_2553,114,fcu_acc,逢甲大學,會計學系,逢甲大學 會計學系,1106,—,備取,—,—,未分發或放棄,3,逢甲大學 會計學系(通過); 高雄醫學大學 醫學社會學與社會工作學系(通過); 中原大學 國際經營與貿易學系(通過)
CAND_2554,114,fcu_acc,逢甲大學,會計學系,逢甲大學 會計學系,1102,—,備取,—,—,未分發或放棄,3,逢甲大學 會計學系(通過); 東吳大學 社會工作學系(通過); 中山醫學大學 醫學社會暨社會工作學系(通過)
CAND_2555,114,fcu_acc,逢甲大學,會計學系,逢甲大學 會計學系,1101,—,備取,—,—,未分發或放棄,3,逢甲大學 會計學系(通過); 逢甲大學 室內設計學士學位學程(通過); 世新大學 廣播電視電影學系電影組(通過)
CAND_2556,114,fcu_acc,逢甲大學,會計學系,逢甲大學 會計學系,1118,—,正取,中原大學,中原大學 會計學系,其他學校錄取,4,"逢甲大學 會計學系(通過); 中原大學 會計學系(正取,分發); 淡江大學 財務金融學系(備取); 淡江大學 會計學系(備取)"
CAND_2557,114,fcu_acc,逢甲大學,會計學系,逢甲大學 會計學系,1116,—,備取,—,—,未分發或放棄,4,逢甲大學 會計學系(通過); 淡江大學 企業管理學系(通過); 逢甲大學 合作經濟暨社會事業經營學系(通過); 逢甲大學 企業管理學系(通過)
CAND_2558,114,fcu_acc,逢甲大學,會計學系,逢甲大學 會計學系,1116,—,備取,—,—,未分發或放棄,3,逢甲大學 會計學系(通過); 中原大學 會計學系(通過); 逢甲大學 經濟學系(通過)
CAND_2559,114,fcu_acc,逢甲大學,會計學系,逢甲大學 會計學系,1118,黄*渝,備取,東海大學,東海大學 景觀學系,其他學校錄取,4,"逢甲大學 會計學系(通過); 東海大學 景觀學系(備取,分發); 逢甲大學 都市計畫與空間資訊學系(正取); 逢甲大學 室內設計學士學位學程(備取)"
CAND_2560,114,fcu_acc,逢甲大學,會計學系,逢甲大學 會計學系,111,—,備取,中原大學,中原大學 企業管理學系服務業管理組,其他學校錄取,3,"逢甲大學 會計學系(通過); 中原大學 企業管理學系服務業管理組(正取,分發); 東海大學 企業管理學系(正取)"
CAND_2561,114,fcu_acc,逢甲大學,會計學系,逢甲大學 會計學系,1115,—,正取,中原大學,中原大學 會計學系,其他學校錄取,5,"逢甲大學 會計學系(通過); 東吳大學 經濟學系(通過); 中原大學 會計學系(正取,分發); 中原大學 財務金融學系(正取); 淡江大學 會計學系(正取)"
CAND_2562,114,fcu_acc,逢甲大學,會計學系,逢甲大學 會計學系,1114,葉*妤,備取,世新大學,世新大學 公共關係暨廣告學系,其他學校錄取,3,"逢甲大學 會計學系(通過); 逢甲大學 企業管理學系(通過); 世新大學 公共關係暨廣告學系(正取,分發)"
CAND_2563,114,fcu_acc,逢甲大學,會計學系,逢甲大學 會計學系,1111,李*明,備取,東海大學,東海大學 外國語文學系,其他學校錄取,5,"逢甲大學 會計學系(通過); 東海大學 外國語文學系(正取,分發); 東海大學 企業管理學系(通過); 東海大學 國際學院國際經營管理學位學程(通過); 逢甲大學 行銷學系(正取)"
CAND_2564,114,fcu_acc,逢甲大學,會計學系,逢甲大學 會計學系,1117,—,備取,淡江大學,淡江大學 企業管理學系,其他學校錄取,2,"逢甲大學 會計學系(通過); 淡江大學 企業管理學系(備取,分發)"
CAND_2565,114,fcu_acc,逢甲大學,會計學系,逢甲大學 會計學系,1113,—,備取,—,—,未分發或放棄,3,逢甲大學 會計學系(通過); 東海大學 會計學系(通過); 逢甲大學 財務金融學系(通過)
CAND_2566,114,fcu_acc,逢甲大學,會計學系,逢甲大學 會計學系,1114,—,備取,—,—,未分發或放棄,4,逢甲大學 會計學系(通過); 東海大學 經濟學系(通過); 逢甲大學 國際經營與貿易學系(通過); 逢甲大學 財務金融學系(通過)
CAND_2567,114,fcu_acc,逢甲大學,會計學系,逢甲大學 會計學系,1118,—,備取,中信金融管理學院,中信金融管理學院 財經法律學系,其他學校錄取,4,"逢甲大學 會計學系(通過); 東海大學 日本語言文化學系(通過); 東海大學 會計學系(通過); 中信金融管理學院 財經法律學系(正取,分發)"
CAND_2568,114,fcu_acc,逢甲大學,會計學系,逢甲大學 會計學系,1111,—,備取,—,—,未分發或放棄,3,逢甲大學 會計學系(通過); 東海大學 國際經營與貿易學系(通過); 逢甲大學 行銷學系(通過)
CAND_2569,114,fcu_acc,逢甲大學,會計學系,逢甲大學 會計學系,1115,—,備取,—,—,未分發或放棄,2,逢甲大學 會計學系(通過); 逢甲大學 財務金融學系(通過)
CAND_2570,114,fcu_acc,逢甲大學,會計學系,逢甲大學 會計學系,1111,陳*潔,備取,淡江大學,淡江大學 歐洲語文學系德文組,其他學校錄取,4,"逢甲大學 會計學系(通過); 淡江大學 歐洲語文學系德文組(正取,分發); 淡江大學 外交與國際關係學系全英語學士班(正取); 輔仁大學 德語語文學系(正取)"
CAND_2571,114,fcu_acc,逢甲大學,會計學系,逢甲大學 會計學系,1117,*筑,正取,東海大學,東海大學 法律學系,其他學校錄取,3,"逢甲大學 會計學系(通過); 東海大學 法律學系(正取,分發); 國立彰化師範大學 會計學系(正取)"
CAND_2572,114,fcu_acc,逢甲大學,會計學系,逢甲大學 會計學系,1112,吳*,備取,東海大學,東海大學 企業管理學系,其他學校錄取,4,"逢甲大學 會計學系(通過); 東海大學 企業管理學系(備取,分發); 逢甲大學 企業管理學系(備取); 靜宜大學 財務金融學系(通過)"
CAND_2573,114,fcu_acc,逢甲大學,會計學系,逢甲大學 會計學系,1116,—,備取,—,—,未分發或放棄,2,逢甲大學 會計學系(通過); 亞洲大學 視光學系(通過)
CAND_2574,114,fcu_acc,逢甲大學,會計學系,逢甲大學 會計學系,1114,—,備取,—,—,未分發或放棄,1,逢甲大學 會計學系(通過)
CAND_2575,114,fcu_acc,逢甲大學,會計學系,逢甲大學 會計學系,1129,—,備取,—,—,未分發或放棄,2,逢甲大學 會計學系(通過); 國立暨南國際大學 護理學系(通過)
CAND_2576,114,fcu_acc,逢甲大學,會計學系,逢甲大學 會計學系,1123,—,備取,—,—,未分發或放棄,1,逢甲大學 會計學系(通過)
CAND_2577,114,fcu_acc,逢甲大學,會計學系,逢甲大學 會計學系,1122,—,備取,—,—,未分發或放棄,2,逢甲大學 會計學系(通過); 東吳大學 哲學系(通過)
CAND_2578,114,fcu_acc,逢甲大學,會計學系,逢甲大學 會計學系,1127,—,備取,—,—,未分發或放棄,3,逢甲大學 會計學系(通過); 逢甲大學 財稅學系(通過); 亞洲大學 心理學系工商與社會心理組(通過)
CAND_2579,114,fcu_acc,逢甲大學,會計學系,逢甲大學 會計學系,1129,—,備取,—,—,未分發或放棄,2,逢甲大學 會計學系(通過); 東海大學 會計學系(通過)
CAND_2580,114,fcu_acc,逢甲大學,會計學系,逢甲大學 會計學系,1124,—,備取,—,—,未分發或放棄,4,逢甲大學 會計學系(通過); 逢甲大學 財務金融學系(通過); 國立暨南國際大學 教育政策與行政學系(通過); 中信金融管理學院 財經法律學系(通過)
CAND_2581,114,fcu_acc,逢甲大學,會計學系,逢甲大學 會計學系,1129,—,備取,亞洲大學,亞洲大學 心理學系諮商與臨床心理組,其他學校錄取,4,"逢甲大學 會計學系(通過); 世新大學 廣播電視電影學系電視組(通過); 亞洲大學 心理學系諮商與臨床心理組(備取,分發); 亞洲大學 視光學系(備取)"
CAND_2582,114,fcu_acc,逢甲大學,會計學系,逢甲大學 會計學系,1124,林*女,備取,逢甲大學,逢甲大學 行銷學系,原校系/本校留任,5,"逢甲大學 會計學系(通過); 東海大學 政治學系(通過); 東海大學 社會工作學系(備取); 逢甲大學 行銷學系(備取,分發); 亞洲大學 經營管理學系行銷與企業管理組(備取)"
CAND_2583,114,fcu_acc,逢甲大學,會計學系,逢甲大學 會計學系,112,—,備取,—,—,未分發或放棄,2,逢甲大學 會計學系(通過); 逢甲大學 風險管理與保險學系(通過)
CAND_2584,114,fcu_acc,逢甲大學,會計學系,逢甲大學 會計學系,1124,—,備取,東海大學,東海大學 餐旅管理學系,其他學校錄取,4,"逢甲大學 會計學系(通過); 東海大學 餐旅管理學系(正取,分發); 逢甲大學 土地管理學系(通過); 靜宜大學 行銷與數位經營管理學系(通過)"
CAND_2585,114,fcu_acc,逢甲大學,會計學系,逢甲大學 會計學系,1129,—,備取,—,—,未分發或放棄,3,逢甲大學 會計學系(通過); 逢甲大學 國際經營與貿易學系(通過); 靜宜大學 會計學系(通過)
CAND_2586,114,fcu_acc,逢甲大學,會計學系,逢甲大學 會計學系,1129,薛*,備取,國立暨南國際大學,國立暨南國際大學 資訊管理學系,其他學校錄取,5,"逢甲大學 會計學系(通過); 東海大學 國際經營與貿易學系(通過); 東海大學 資訊管理學系(正取); 元智大學 資訊管理學系(通過); 國立暨南國際大學 資訊管理學系(備取,分發)"
CAND_2587,114,fcu_acc,逢甲大學,會計學系,逢甲大學 會計學系,1123,—,備取,—,—,未分發或放棄,4,逢甲大學 會計學系(通過); 逢甲大學 都市計畫與空間資訊學系(通過); 逢甲大學 土地管理學系(通過); 靜宜大學 西班牙語文學系(通過)
CAND_2588,114,fcu_acc,逢甲大學,會計學系,逢甲大學 會計學系,112,—,備取,淡江大學,淡江大學 英文學系,其他學校錄取,2,"逢甲大學 會計學系(通過); 淡江大學 英文學系(備取,分發)"
CAND_2589,114,fcu_acc,逢甲大學,會計學系,逢甲大學 會計學系,1121,—,備取,—,—,未分發或放棄,2,逢甲大學 會計學系(通過); 靜宜大學 法律學系(通過)
CAND_2590,114,fcu_acc,逢甲大學,會計學系,逢甲大學 會計學系,1128,張*禎,備取,逢甲大學,逢甲大學 土地管理學系,原校系/本校留任,5,"逢甲大學 會計學系(通過); 逢甲大學 企業管理學系(通過); 逢甲大學 土地管理學系(正取,分發); 靜宜大學 寰宇外語教育學士學位學程(通過); 國立暨南國際大學 國際文教與比較教育學系(通過)"
CAND_2591,114,fcu_acc,逢甲大學,會計學系,逢甲大學 會計學系,1128,*彦,備取,輔仁大學,輔仁大學 統計資訊學系,其他學校錄取,5,"逢甲大學 會計學系(通過); 東吳大學 財務工程與精算數學系(備取); 東海大學 統計學系(巨量資料管理組)(正取); 輔仁大學 統計資訊學系(正取,分發); 國立嘉義大學 企業管理學系(備取)"
CAND_2592,114,fcu_acc,逢甲大學,會計學系,逢甲大學 會計學系,1124,—,備取,—,—,未分發或放棄,2,逢甲大學 會計學系(通過); 逢甲大學 風險管理與保險學系(通過)
CAND_2593,114,fcu_acc,逢甲大學,會計學系,逢甲大學 會計學系,1126,—,備取,—,—,未分發或放棄,2,逢甲大學 會計學系(通過); 朝陽科技大學景觀及都市設計系(正取)
CAND_2594,114,fcu_acc,逢甲大學,會計學系,逢甲大學 會計學系,1121,—,備取,—,—,未分發或放棄,5,逢甲大學 會計學系(通過); 中國文化大學 化學工程與材料工程學系(通過); 中國文化大學 機械工程學系(通過); 大同大學 機械與材料工程學系(通過); 南華大學 生死學系殯葬服務組(通過)
CAND_2595,114,fcu_acc,逢甲大學,會計學系,逢甲大學 會計學系,1126,—,備取,—,—,未分發或放棄,3,逢甲大學 會計學系(通過); 淡江大學 會計學系(通過); 國立東華大學 管理學院會計與資訊管理國際學士班會計資訊與電腦稽核組(通過)
CAND_2596,114,fcu_acc,逢甲大學,會計學系,逢甲大學 會計學系,1125,—,備取,—,—,未分發或放棄,4,逢甲大學 會計學系(通過); 中原大學 土木工程學系(通過); 中原大學 會計學系(通過); 逢甲大學 建築專業學院學士班(通過)
CAND_2597,114,fcu_acc,逢甲大學,會計學系,逢甲大學 會計學系,1125,—,備取,—,—,未分發或放棄,8,逢甲大學 會計學系(通過); 東海大學 企業管理學系(通過); 國立聯合大學 經營管理學系(通過); 國立聯合大學 財務金融學系(通過); 明新科技大學財務金融系智慧理財組(通過); 中華醫事科技大學視光系(通過); 臺北城市科技大學企業管理系(通過); 致理科技大學財務金融系(通過)
CAND_2598,114,fcu_acc,逢甲大學,會計學系,逢甲大學 會計學系,1122,—,備取,—,—,未分發或放棄,4,逢甲大學 會計學系(通過); 東吳大學 微生物學系(通過); 中原大學 生物科技學系(通過); 國立臺東大學 生命科學系(通過)
CAND_2599,114,fcu_acc,逢甲大學,會計學系,逢甲大學 會計學系,1122,—,備取,—,—,未分發或放棄,1,逢甲大學 會計學系(通過)
CAND_2600,114,fcu_acc,逢甲大學,會計學系,逢甲大學 會計學系,112,—,備取,—,—,未分發或放棄,5,逢甲大學 會計學系(通過); 東吳大學 經濟學系(通過); 淡江大學 經濟學系(通過); 逢甲大學 財稅學系(通過); 逢甲大學 經濟學系(通過)
CAND_2601,114,fcu_acc,逢甲大學,會計學系,逢甲大學 會計學系,1126,—,備取,—,—,未分發或放棄,1,逢甲大學 會計學系(通過)
CAND_2602,114,fcu_acc,逢甲大學,會計學系,逢甲大學 會計學系,1121,謝*,備取,亞洲大學,亞洲大學 視光學系,其他學校錄取,8,"逢甲大學 會計學系(通過); 逢甲大學 建築專業學院學士班(正取); 國立嘉義大學 景觀學系(通過); 亞洲大學 視光學系(正取,分發); 國立高雄科技大學土木工程系(通過); 正修科技大學建築與室內設計系建築設計組(通過); 台南應用科技大學室內設計系(通過); 中華醫事科技大學視光系(備取)"
CAND_2603,114,fcu_acc,逢甲大學,會計學系,逢甲大學 會計學系,1127,—,備取,—,—,未分發或放棄,2,逢甲大學 會計學系(通過); 逢甲大學 國際經營與貿易學系(通過)
CAND_2604,114,fcu_acc,逢甲大學,會計學系,逢甲大學 會計學系,1126,楊*偉,備取,逢甲大學,逢甲大學 企業管理學系,原校系/本校留任,6,"逢甲大學 會計學系(通過); 國立臺中教育大學 體育學系運動專長組(通過); 逢甲大學 企業管理學系(備取,分發); 國立屏東大學 企業管理學系(通過); 國立臺灣體育運動大學 體育學系(一般組)(備取); 亞洲大學 財經法律學系(通過)"
CAND_2605,114,fcu_acc,逢甲大學,會計學系,逢甲大學 會計學系,112,梁*宇,備取,逢甲大學,逢甲大學 經濟學系,原校系/本校留任,5,"逢甲大學 會計學系(通過); 東吳大學 經濟學系(通過); 東海大學 經濟學系(備取); 逢甲大學 經濟學系(正取,分發); 逢甲大學 財務金融學系(備取)"
CAND_2606,114,fcu_acc,逢甲大學,會計學系,逢甲大學 會計學系,1128,—,正取,國立臺灣海洋大學,國立臺灣海洋大學 運輸科學系A組,其他學校錄取,5,"逢甲大學 會計學系(通過); 中原大學 會計學系(正取); 國立臺灣海洋大學 運輸科學系A組(備取,分發); 國立東華大學 會計學系(正取); 國立東華大學 財務金融學系(備取)"
CAND_2607,114,fcu_acc,逢甲大學,會計學系,逢甲大學 會計學系,1125,—,備取,—,—,未分發或放棄,1,逢甲大學 會計學系(通過)
CAND_2608,114,fcu_acc,逢甲大學,會計學系,逢甲大學 會計學系,1125,—,備取,—,—,未分發或放棄,1,逢甲大學 會計學系(通過)
CAND_2609,114,fcu_acc,逢甲大學,會計學系,逢甲大學 會計學系,112,—,備取,—,—,未分發或放棄,1,逢甲大學 會計學系(通過)
CAND_2610,114,fcu_acc,逢甲大學,會計學系,逢甲大學 會計學系,1126,—,備取,—,—,未分發或放棄,4,逢甲大學 會計學系(通過); 東海大學 企業管理學系(通過); 逢甲大學 企業管理學系(通過); 國立屏東大學 商業大數據學系(通過)
CAND_2611,114,fcu_acc,逢甲大學,會計學系,逢甲大學 會計學系,1139,—,備取,東海大學,東海大學 生命科學系生態暨生物多樣性組,其他學校錄取,5,"逢甲大學 會計學系(通過); 東吳大學 微生物學系(備取); 中原大學 生物科技學系(備取); 東海大學 生命科學系生態暨生物多樣性組(備取,分發); 嘉南藥理大學藥粧生技產業系(通過)"
CAND_2612,114,fcu_acc,逢甲大學,會計學系,逢甲大學 會計學系,1136,—,備取,—,—,未分發或放棄,3,逢甲大學 會計學系(通過); 東海大學 會計學系(通過); 淡江大學 會計學系(通過)
CAND_2613,114,fcu_acc,逢甲大學,會計學系,逢甲大學 會計學系,1133,—,備取,—,—,未分發或放棄,3,逢甲大學 會計學系(通過); 中原大學 室內設計學系(通過); 元智大學 資訊傳播學系(智慧科技應用組)(通過)
CAND_2614,114,fcu_acc,逢甲大學,會計學系,逢甲大學 會計學系,1441,—,備取,—,—,未分發或放棄,5,逢甲大學 會計學系(通過); 逢甲大學 土地管理學系(通過); 靜宜大學 會計學系(通過); 元智大學 管理學院學士班(主修：會計)(通過); 亞洲大學 會計與資訊學系(通過)
CAND_2615,115,fcu_acc,逢甲大學,會計學系,逢甲大學 會計學系,1125,林*潔,正取,東吳大學,東吳大學 會計學系,其他學校錄取,4,"逢甲大學 會計學系(正取); 東吳大學 會計學系(正取,分發); 輔仁大學 會計學系(正取); 國立彰化師範大學 會計學系(正取)"
CAND_2616,115,fcu_acc,逢甲大學,會計學系,逢甲大學 會計學系,1123,*永,正取,東海大學,東海大學 會計學系,其他學校錄取,3,"逢甲大學 會計學系(正取); 東海大學 會計學系(正取,分發); 東海大學 財務金融學系(正取)"
CAND_2617,115,fcu_acc,逢甲大學,會計學系,逢甲大學 會計學系,1115,陳*晴,正取,國立暨南國際大學,國立暨南國際大學 財務金融學系,其他學校錄取,3,"逢甲大學 會計學系(正取); 國立暨南國際大學 資訊管理學系(通過); 國立暨南國際大學 財務金融學系(正取,分發)"
CAND_2618,115,fcu_acc,逢甲大學,會計學系,逢甲大學 會計學系,1126,張*,正取,亞洲大學,亞洲大學 職能治療學系,其他學校錄取,3,"逢甲大學 會計學系(正取); 逢甲大學 財稅學系(正取); 亞洲大學 職能治療學系(正取,分發)"
CAND_2619,115,fcu_acc,逢甲大學,會計學系,逢甲大學 會計學系,1133,柯*謙,正取,逢甲大學,逢甲大學 會計學系,原校系/本校留任,5,"逢甲大學 會計學系(正取,分發); 逢甲大學 行銷學系(通過); 國立屏東大學 行銷與流通管理學系(正取); 國立屏東大學 會計學系(正取); 義守大學 會計學系(通過)"
CAND_2620,115,fcu_acc,逢甲大學,會計學系,逢甲大學 會計學系,1115,*媗,正取,東吳大學,東吳大學 會計學系,其他學校錄取,3,"逢甲大學 會計學系(正取); 東吳大學 會計學系(備取,分發); 東海大學 會計學系(正取)"
CAND_2621,115,fcu_acc,逢甲大學,會計學系,逢甲大學 會計學系,1112,楊*瑄,正取,逢甲大學,逢甲大學 財稅學系,原校系/本校留任,5,"逢甲大學 會計學系(正取); 東海大學 會計學系(正取); 逢甲大學 財稅學系(正取,分發); 靜宜大學 會計學系(通過); 靜宜大學 財務金融學系(正取)"
CAND_2622,115,fcu_acc,逢甲大學,會計學系,逢甲大學 會計學系,1111,何*穎,正取,東吳大學,東吳大學 經濟學系,其他學校錄取,5,"逢甲大學 會計學系(正取); 東吳大學 經濟學系(正取,分發); 逢甲大學 經濟學系(正取); 輔仁大學 會計學系(備取); 輔仁大學 經濟學系(備取)"
CAND_2623,115,fcu_acc,逢甲大學,會計學系,逢甲大學 會計學系,1109,葵*妤,正取,中原大學,中原大學 財經法律學系科技法組,其他學校錄取,4,"逢甲大學 會計學系(正取); 中原大學 會計學系(正取); 中原大學 財經法律學系科技法組(正取,分發); 東海大學 會計學系(正取)"
CAND_2624,115,fcu_acc,逢甲大學,會計學系,逢甲大學 會計學系,1138,胡*恩,正取,逢甲大學,逢甲大學 財務金融學系,原校系/本校留任,3,"逢甲大學 會計學系(正取); 中原大學 會計學系(通過); 逢甲大學 財務金融學系(正取,分發)"
CAND_2625,115,fcu_acc,逢甲大學,會計學系,逢甲大學 會計學系,1115,林*婷,正取,逢甲大學,逢甲大學 澳洲昆士蘭大學商學雙學士學位學程,原校系/本校留任,6,"逢甲大學 會計學系(正取); 東吳大學 企業管理學系(通過); 逢甲大學 企業管理學系(正取); 逢甲大學 澳洲昆士蘭大學商學雙學士學位學程(正取,分發); 輔仁大學 企業管理學系(通過); 輔仁大學 經濟學系(正取)"
CAND_2626,115,fcu_acc,逢甲大學,會計學系,逢甲大學 會計學系,1123,李*瑄,正取,中原大學,中原大學 會計學系,其他學校錄取,4,"逢甲大學 會計學系(正取); 東吳大學 會計學系(備取); 中原大學 會計學系(正取,分發); 淡江大學 會計學系(正取)"
CAND_2627,115,fcu_acc,逢甲大學,會計學系,逢甲大學 會計學系,1126,邱*,正取,東吳大學,東吳大學 會計學系,其他學校錄取,4,"逢甲大學 會計學系(正取); 東吳大學 會計學系(備取,分發); 東海大學 財務金融學系(備取); 國立高雄科技大學會計資訊系(通過)"
CAND_2628,115,fcu_acc,逢甲大學,會計學系,逢甲大學 會計學系,1116,魏*言,正取,逢甲大學,逢甲大學 財務金融學系,原校系/本校留任,4,"逢甲大學 會計學系(正取); 東吳大學 財務工程與精算數學系(正取); 逢甲大學 財務金融學系(正取,分發); 逢甲大學 財務工程與精算學士學位學程(正取)"
CAND_2629,115,fcu_acc,逢甲大學,會計學系,逢甲大學 會計學系,1126,盧*希,正取,逢甲大學,逢甲大學 財務金融學系,原校系/本校留任,4,"逢甲大學 會計學系(正取); 逢甲大學 企業管理學系(備取); 逢甲大學 財務金融學系(正取,分發); 輔仁大學 教育領導與科技發展學士學位學程(正取)"
CAND_2630,115,fcu_acc,逢甲大學,會計學系,逢甲大學 會計學系,1114,*誼,正取,輔仁大學,輔仁大學 資訊工程學系,其他學校錄取,8,"逢甲大學 會計學系(正取); 輔仁大學 資訊工程學系(備取,分發); 輔仁大學 人工智慧與資訊安全學士學位學程(通過); 輔仁大學 統計資訊學系(正取); 國立中山大學 企業管理學系(通過); 元智大學 管理學院學士班(主修：財務金融)(正取); 國立雲林科技大學創意生活設計系(通過); 國立高雄科技大學會計資訊系(通過)"
CAND_2631,115,fcu_acc,逢甲大學,會計學系,逢甲大學 會計學系,1122,魏*修,正取,逢甲大學,逢甲大學 財務金融學系,原校系/本校留任,5,"逢甲大學 會計學系(正取); 東海大學 會計學系(通過); 東海大學 財務金融學系(備取); 逢甲大學 財務金融學系(正取,分發); 逢甲大學 財務工程與精算學士學位學程(正取)"
CAND_2632,115,fcu_acc,逢甲大學,會計學系,逢甲大學 會計學系,1119,*珊,正取,逢甲大學,逢甲大學 會計學系,原校系/本校留任,5,"逢甲大學 會計學系(正取,分發); 國立體育大學 運動保健學系(一般組)(正取); 亞洲大學 職能治療學系(備取); 輔英科技大學物理治療系(通過); 弘光科技大學語言治療與聽力學系(通過)"
CAND_2633,115,fcu_acc,逢甲大學,會計學系,逢甲大學 會計學系,1124,黄*鈞,正取,輔仁大學,輔仁大學 會計學系,其他學校錄取,6,"逢甲大學 會計學系(正取); 東吳大學 經濟學系(備取); 淡江大學 經濟學系(通過); 淡江大學 會計學系(備取); 輔仁大學 會計學系(備取,分發); 銘傳大學 會計學系會計審計組(臺北校區)(正取)"
CAND_2634,115,fcu_acc,逢甲大學,會計學系,逢甲大學 會計學系,1104,陳*晴,正取,國立臺北大學,國立臺北大學 社會學系,其他學校錄取,3,"逢甲大學 會計學系(正取); 中原大學 會計學系(正取); 國立臺北大學 社會學系(正取,分發)"
CAND_2635,115,fcu_acc,逢甲大學,會計學系,逢甲大學 會計學系,1122,邱*琁,正取,逢甲大學,逢甲大學 財務金融學系,原校系/本校留任,4,"逢甲大學 會計學系(正取); 淡江大學 風險管理與保險學系(通過); 逢甲大學 國際經營與貿易學系(正取); 逢甲大學 財務金融學系(備取,分發)"
CAND_2636,115,fcu_acc,逢甲大學,會計學系,逢甲大學 會計學系,1137,吳*育,正取,逢甲大學,逢甲大學 會計學系,原校系/本校留任,3,"逢甲大學 會計學系(正取,分發); 逢甲大學 財務金融學系(備取); 國立屏東大學 國際經營與貿易學系(正取)"
CAND_2637,115,fcu_acc,逢甲大學,會計學系,逢甲大學 會計學系,1121,張*,正取,世新大學,世新大學 財務金融學系,其他學校錄取,4,"逢甲大學 會計學系(正取); 逢甲大學 財務金融學系(備取); 逢甲大學 金融學院學士班(正取); 世新大學 財務金融學系(正取,分發)"
CAND_2638,115,fcu_acc,逢甲大學,會計學系,逢甲大學 會計學系,1109,蘇*誠,正取,東海大學,東海大學 財務金融學系,其他學校錄取,5,"逢甲大學 會計學系(正取); 東海大學 會計學系(正取); 東海大學 財務金融學系(正取,分發); 逢甲大學 統計學系大數據分析與市場決策組(正取); 逢甲大學 財務金融學系(備取)"
CAND_2639,115,fcu_acc,逢甲大學,會計學系,逢甲大學 會計學系,1121,苗*祥,正取,逢甲大學,逢甲大學 財務金融學系,原校系/本校留任,4,"逢甲大學 會計學系(正取); 中原大學 會計學系(通過); 逢甲大學 經濟學系(正取); 逢甲大學 財務金融學系(備取,分發)"
CAND_2640,115,fcu_acc,逢甲大學,會計學系,逢甲大學 會計學系,1111,陳*珊,正取,中原大學,中原大學 會計學系,其他學校錄取,5,"逢甲大學 會計學系(正取); 中原大學 會計學系(正取,分發); 淡江大學 財務金融學系(備取); 淡江大學 會計學系(正取); 逢甲大學 財務金融學系(正取)"
CAND_2641,115,fcu_acc,逢甲大學,會計學系,逢甲大學 會計學系,1126,*鳴,正取,國立高雄大學,國立高雄大學 應用經濟學系,其他學校錄取,3,"逢甲大學 會計學系(正取); 國立臺北大學 會計學系(備取); 國立高雄大學 應用經濟學系(備取,分發)"
CAND_2642,115,fcu_acc,逢甲大學,會計學系,逢甲大學 會計學系,1115,林*凱,正取,逢甲大學,逢甲大學 會計學系,原校系/本校留任,6,"逢甲大學 會計學系(正取,分發); 中原大學 財務金融學系(通過); 東海大學 會計學系(通過); 東海大學 財務金融學系(通過); 逢甲大學 財稅學系(正取); 逢甲大學 財務金融學系(備取)"
CAND_2643,115,fcu_acc,逢甲大學,會計學系,逢甲大學 會計學系,1125,林*,正取,中原大學,中原大學 會計學系,其他學校錄取,3,"逢甲大學 會計學系(正取); 中原大學 會計學系(正取,分發); 淡江大學 會計學系(正取)"
CAND_2644,115,fcu_acc,逢甲大學,會計學系,逢甲大學 會計學系,1128,黄*珊,正取,逢甲大學,逢甲大學 會計學系,原校系/本校留任,2,"逢甲大學 會計學系(正取,分發); 東海大學 高齡健康與運動科學學士學位學程(通過)"
CAND_2645,115,fcu_acc,逢甲大學,會計學系,逢甲大學 會計學系,1105,—,正取,中原大學,中原大學 會計學系,其他學校錄取,4,"逢甲大學 會計學系(正取); 中原大學 會計學系(正取,分發); 逢甲大學 企業管理學系(正取); 銘傳大學 企業管理學系品牌行銷組(臺北校區)(通過)"
CAND_2646,115,fcu_acc,逢甲大學,會計學系,逢甲大學 會計學系,1114,*威,正取,東吳大學,東吳大學 會計學系,其他學校錄取,6,"逢甲大學 會計學系(正取); 東吳大學 會計學系(備取,分發); 中原大學 會計學系(備取); 淡江大學 會計學系(正取); 輔仁大學 會計學系(備取); 銘傳大學 會計學系稅務規劃組(臺北校區)(備取)"
CAND_2647,115,fcu_acc,逢甲大學,會計學系,逢甲大學 會計學系,1115,賴*堯,正取,東海大學,東海大學 會計學系,其他學校錄取,4,"逢甲大學 會計學系(正取); 東海大學 會計學系(正取,分發); 逢甲大學 財稅學系(正取); 亞洲大學 財經法律學系(正取)"
CAND_2648,115,fcu_acc,逢甲大學,會計學系,逢甲大學 會計學系,1111,張*珊,正取,逢甲大學,逢甲大學 工業工程與系統管理學系A組,原校系/本校留任,7,"逢甲大學 會計學系(正取); 中原大學 工業與系統工程學系工程組(正取); 東海大學 資訊管理學系(正取); 逢甲大學 工業工程與系統管理學系A組(正取,分發); 逢甲大學 資訊工程學系(備取); 中山醫學大學 醫學資訊學系(備取); 國立高雄科技大學智慧商務系(通過)"
CAND_2649,115,fcu_acc,逢甲大學,會計學系,逢甲大學 會計學系,1112,周*彤,正取,逢甲大學,逢甲大學 會計學系,原校系/本校留任,3,"逢甲大學 會計學系(正取,分發); 中原大學 會計學系(正取); 淡江大學 會計學系(正取)"
CAND_2650,115,fcu_acc,逢甲大學,會計學系,逢甲大學 會計學系,1123,陳*晰,正取,東海大學,東海大學 資訊管理學系,其他學校錄取,2,"逢甲大學 會計學系(正取); 東海大學 資訊管理學系(正取,分發)"
CAND_2651,115,fcu_acc,逢甲大學,會計學系,逢甲大學 會計學系,1125,—,正取,逢甲大學,逢甲大學 財務金融學系,原校系/本校留任,4,"逢甲大學 會計學系(正取); 東海大學 會計學系(正取); 逢甲大學 財務金融學系(正取,分發); 國立東華大學 財務金融學系(通過)"
CAND_2652,115,fcu_acc,逢甲大學,會計學系,逢甲大學 會計學系,1129,黄*媗,正取,逢甲大學,逢甲大學 會計學系,原校系/本校留任,7,"逢甲大學 會計學系(正取,分發); 中原大學 財經法律學系財貿法組(備取); 國立暨南國際大學 國際企業學系(備取); 國立聯合大學 財務金融學系(通過); 國立雲林科技大學工業工程與管理系(通過); 國立高雄科技大學會計資訊系(通過); 致理科技大學財務金融系(通過)"
CAND_2653,115,fcu_acc,逢甲大學,會計學系,逢甲大學 會計學系,1116,楊*,正取,中原大學,中原大學 會計學系,其他學校錄取,4,"逢甲大學 會計學系(正取); 中原大學 企業管理學系工商管理組(通過); 中原大學 會計學系(正取,分發); 東海大學 會計學系(正取)"
CAND_2654,115,fcu_acc,逢甲大學,會計學系,逢甲大學 會計學系,1112,賴*恩,正取,中原大學,中原大學 會計學系,其他學校錄取,7,"逢甲大學 會計學系(正取); 中原大學 會計學系(正取,分發); 淡江大學 運輸管理學系(正取); 逢甲大學 都市計畫與空間資訊學系(通過); 元智大學 管理學院學士班(主修：財務金融)(正取); 元智大學 管理學院學士班(主修：會計)(正取); 國立高雄科技大學金融資訊系(備取)"
CAND_2655,115,fcu_acc,逢甲大學,會計學系,逢甲大學 會計學系,1125,葉*,正取,逢甲大學,逢甲大學 財稅學系,原校系/本校留任,6,"逢甲大學 會計學系(正取); 中原大學 國際經營與貿易學系(備取); 中原大學 會計學系(備取); 逢甲大學 國際經營與貿易學系(正取); 逢甲大學 財稅學系(正取,分發); 國立嘉義大學 企業管理學系(備取)"
CAND_2656,115,fcu_acc,逢甲大學,會計學系,逢甲大學 會計學系,1125,許*木,正取,逢甲大學,逢甲大學 會計學系,原校系/本校留任,4,"逢甲大學 會計學系(正取,分發); 逢甲大學 國際企業管理全英語學士學位學程(通過); 靜宜大學 法律學系(正取); 實踐大學 法律學系(臺北校區)(通過)"
CAND_2657,115,fcu_acc,逢甲大學,會計學系,逢甲大學 會計學系,1113,*盲,正取,中原大學,中原大學 會計學系,其他學校錄取,4,"逢甲大學 會計學系(正取); 中原大學 會計學系(正取,分發); 元智大學 管理學院學士班(主修：會計)(正取); 銘傳大學 會計學系會計審計組(臺北校區)(通過)"
CAND_2658,115,fcu_acc,逢甲大學,會計學系,逢甲大學 會計學系,1118,—,正取,國立彰化師範大學,國立彰化師範大學 公共事務與公民教育學系公民教育組,其他學校錄取,6,"逢甲大學 會計學系(正取); 中原大學 會計學系(正取); 東海大學 會計學系(正取); 東海大學 財務金融學系(通過); 東海大學 資訊管理學系(正取); 國立彰化師範大學 公共事務與公民教育學系公民教育組(備取,分發)"
CAND_2659,115,fcu_acc,逢甲大學,會計學系,逢甲大學 會計學系,1134,李*玲,正取,東吳大學,東吳大學 日本語文學系,其他學校錄取,6,"逢甲大學 會計學系(正取); 東吳大學 日本語文學系(備取,分發); 東海大學 日本語言文化學系(正取); 淡江大學 日本語文學系(備取); 輔仁大學 德語語文學系(通過); 銘傳大學 犯罪防治學系(桃園校區)(通過)"
CAND_2660,115,fcu_acc,逢甲大學,會計學系,逢甲大學 會計學系,1119,維*豪,正取,逢甲大學,逢甲大學 財務金融學系,原校系/本校留任,5,"逢甲大學 會計學系(正取); 中原大學 土木工程學系(通過); 東海大學 財務金融學系(備取); 逢甲大學 土木工程學系(備取); 逢甲大學 財務金融學系(備取,分發)"
CAND_2661,115,fcu_acc,逢甲大學,會計學系,逢甲大學 會計學系,1117,金*,正取,逢甲大學,逢甲大學 會計學系,原校系/本校留任,6,"逢甲大學 會計學系(正取,分發); 中原大學 會計學系(正取); 東海大學 會計學系(正取); 淡江大學 會計學系(正取); 逢甲大學 財務金融學系(備取); 銘傳大學 財務金融學系(臺北校區)(備取)"
CAND_2662,115,fcu_acc,逢甲大學,會計學系,逢甲大學 會計學系,1119,何*謙,正取,逢甲大學,逢甲大學 財稅學系,原校系/本校留任,3,"逢甲大學 會計學系(正取); 逢甲大學 國際經營與貿易學系(正取); 逢甲大學 財稅學系(正取,分發)"
CAND_2663,115,fcu_acc,逢甲大學,會計學系,逢甲大學 會計學系,1129,蕭*妤,正取,東吳大學,東吳大學 會計學系,其他學校錄取,5,"逢甲大學 會計學系(正取); 東吳大學 會計學系(備取,分發); 中原大學 會計學系(正取); 東海大學 會計學系(正取); 淡江大學 會計學系(正取)"
CAND_2664,115,fcu_acc,逢甲大學,會計學系,逢甲大學 會計學系,1121,陳*閑,正取,逢甲大學,逢甲大學 會計學系,原校系/本校留任,3,"逢甲大學 會計學系(正取,分發); 逢甲大學 國際經營與貿易學系(正取); 靜宜大學 會計學系(正取)"
CAND_2665,115,fcu_acc,逢甲大學,會計學系,逢甲大學 會計學系,112,張*秝,正取,中原大學,中原大學 會計學系,其他學校錄取,3,"逢甲大學 會計學系(正取); 中原大學 會計學系(正取,分發); 東海大學 會計學系(正取)"
CAND_2666,115,fcu_acc,逢甲大學,會計學系,逢甲大學 會計學系,1122,蘇*盲,正取,逢甲大學,逢甲大學 會計學系,原校系/本校留任,3,"逢甲大學 會計學系(正取,分發); 中原大學 會計學系(正取); 國立高雄大學 應用經濟學系(通過)"
CAND_2667,115,fcu_acc,逢甲大學,會計學系,逢甲大學 會計學系,1128,邴*,正取,逢甲大學,逢甲大學 財稅學系,原校系/本校留任,3,"逢甲大學 會計學系(正取); 中原大學 會計學系(備取); 逢甲大學 財稅學系(正取,分發)"
CAND_2668,115,fcu_acc,逢甲大學,會計學系,逢甲大學 會計學系,1121,邱*,正取,逢甲大學,逢甲大學 會計學系,原校系/本校留任,3,"逢甲大學 會計學系(正取,分發); 中原大學 財務金融學系(通過); 中山醫學大學 醫學社會暨社會工作學系(備取)"
CAND_2669,115,fcu_acc,逢甲大學,會計學系,逢甲大學 會計學系,1111,*婕,正取,國立屏東大學,國立屏東大學 會計學系,其他學校錄取,3,"逢甲大學 會計學系(正取); 淡江大學 會計學系(正取); 國立屏東大學 會計學系(正取,分發)"
CAND_2670,115,fcu_acc,逢甲大學,會計學系,逢甲大學 會計學系,1123,張*盲,正取,逢甲大學,逢甲大學 財務金融學系,原校系/本校留任,4,"逢甲大學 會計學系(正取); 東海大學 會計學系(正取); 逢甲大學 經濟學系(通過); 逢甲大學 財務金融學系(備取,分發)"
CAND_2671,115,fcu_acc,逢甲大學,會計學系,逢甲大學 會計學系,1126,*齊,正取,東海大學,東海大學 會計學系,其他學校錄取,6,"逢甲大學 會計學系(正取); 中原大學 會計學系(正取); 東海大學 企業管理學系(備取); 東海大學 會計學系(正取,分發); 淡江大學 會計學系(正取); 逢甲大學 企業管理學系(通過)"
CAND_2672,115,fcu_acc,逢甲大學,會計學系,逢甲大學 會計學系,1125,黄*綺,正取,逢甲大學,逢甲大學 財稅學系,原校系/本校留任,5,"逢甲大學 會計學系(正取); 東海大學 國際經營與貿易學系(備取); 淡江大學 會計學系(通過); 逢甲大學 國際經營與貿易學系(備取); 逢甲大學 財稅學系(正取,分發)"
CAND_2673,115,fcu_acc,逢甲大學,會計學系,逢甲大學 會計學系,112,許*媛,正取,逢甲大學,逢甲大學 會計學系,原校系/本校留任,3,"逢甲大學 會計學系(正取,分發); 中原大學 會計學系(正取); 淡江大學 會計學系(備取)"
CAND_2674,115,fcu_acc,逢甲大學,會計學系,逢甲大學 會計學系,1119,楊*,正取,逢甲大學,逢甲大學 會計學系,原校系/本校留任,4,"逢甲大學 會計學系(正取,分發); 東海大學 統計學系(決策管理組)(備取); 逢甲大學 國際經營與貿易學系(備取); 逢甲大學 金融學院學士班(備取)"
CAND_2675,115,fcu_acc,逢甲大學,會計學系,逢甲大學 會計學系,112,吳*蓉,正取,中原大學,中原大學 會計學系,其他學校錄取,5,"逢甲大學 會計學系(正取); 中原大學 會計學系(正取,分發); 淡江大學 會計學系(正取); 逢甲大學 企業管理學系(通過); 元智大學 管理學院學士班(主修：會計)(正取)"
CAND_2676,115,fcu_acc,逢甲大學,會計學系,逢甲大學 會計學系,1123,*琪,正取,逢甲大學,逢甲大學 財務工程與精算學士學位學程,原校系/本校留任,3,"逢甲大學 會計學系(正取); 逢甲大學 財務工程與精算學士學位學程(備取,分發); 靜宜大學 財務金融學系(正取)"
CAND_2677,115,fcu_acc,逢甲大學,會計學系,逢甲大學 會計學系,1112,蘇*婕,正取,東吳大學,東吳大學 會計學系,其他學校錄取,4,"逢甲大學 會計學系(正取); 東吳大學 會計學系(備取,分發); 淡江大學 會計學系(備取); 輔仁大學 會計學系(通過)"
CAND_2678,115,fcu_acc,逢甲大學,會計學系,逢甲大學 會計學系,1109,張*碩,正取,逢甲大學,逢甲大學 會計學系,原校系/本校留任,2,"逢甲大學 會計學系(正取,分發); 逢甲大學 經濟學系(正取)"
CAND_2679,115,fcu_acc,逢甲大學,會計學系,逢甲大學 會計學系,1115,陳*女,正取,東海大學,東海大學 工業設計學系(B組),其他學校錄取,4,"逢甲大學 會計學系(正取); 中原大學 會計學系(正取); 中原大學 財經法律學系財貿法組(正取); 東海大學 工業設計學系(B組)(正取,分發)"
CAND_2680,115,fcu_acc,逢甲大學,會計學系,逢甲大學 會計學系,1126,吳*澄,正取,逢甲大學,逢甲大學 土地管理學系,原校系/本校留任,5,"逢甲大學 會計學系(正取); 東海大學 會計學系(通過); 淡江大學 財務金融學系(備取); 淡江大學 會計學系(備取); 逢甲大學 土地管理學系(正取,分發)"
CAND_2681,115,fcu_acc,逢甲大學,會計學系,逢甲大學 會計學系,1126,—,正取,東海大學,東海大學 會計學系,其他學校錄取,4,"逢甲大學 會計學系(正取); 東吳大學 財務工程與精算數學系(備取); 東海大學 會計學系(正取,分發); 淡江大學 財務金融學系(備取)"
CAND_2682,115,fcu_acc,逢甲大學,會計學系,逢甲大學 會計學系,1104,*孜,正取,逢甲大學,逢甲大學 會計學系,原校系/本校留任,4,"逢甲大學 會計學系(正取,分發); 淡江大學 會計學系(正取); 銘傳大學 會計學系會計審計組(臺北校區)(通過); 銘傳大學 會計學系稅務規劃組(臺北校區)(備取)"
CAND_2683,115,fcu_acc,逢甲大學,會計學系,逢甲大學 會計學系,1122,*佑,正取,淡江大學,淡江大學 會計學系,其他學校錄取,4,"逢甲大學 會計學系(正取); 中原大學 會計學系(通過); 淡江大學 會計學系(正取,分發); 國立東華大學 會計學系(正取)"
CAND_2684,115,fcu_acc,逢甲大學,會計學系,逢甲大學 會計學系,1111,葉*宇,正取,中原大學,中原大學 會計學系,其他學校錄取,3,"逢甲大學 會計學系(正取); 中原大學 會計學系(正取,分發); 東海大學 會計學系(正取)"
CAND_2685,115,fcu_acc,逢甲大學,會計學系,逢甲大學 會計學系,1128,張*,正取,中原大學,中原大學 會計學系,其他學校錄取,4,"逢甲大學 會計學系(正取); 中原大學 會計學系(備取,分發); 國立屏東大學 幼兒教育學系(備取); 國立嘉義大學 幼兒教育學系(備取)"
CAND_2686,115,fcu_acc,逢甲大學,會計學系,逢甲大學 會計學系,1113,李*蓉,正取,逢甲大學,逢甲大學 國際經營與貿易學系,原校系/本校留任,4,"逢甲大學 會計學系(正取); 東海大學 國際經營與貿易學系(正取); 逢甲大學 國際經營與貿易學系(正取,分發); 逢甲大學 土地管理學系(正取)"
CAND_2687,115,fcu_acc,逢甲大學,會計學系,逢甲大學 會計學系,1119,沈*瑜,正取,東吳大學,東吳大學 經濟學系,其他學校錄取,6,"逢甲大學 會計學系(正取); 東吳大學 經濟學系(備取,分發); 逢甲大學 金融學院學士班(備取); 國立高雄科技大學財政稅務系(通過); 中國科技大學財務金融系(臺北校區)(通過); 致理科技大學會計資訊系(通過)"
CAND_2688,115,fcu_acc,逢甲大學,會計學系,逢甲大學 會計學系,1114,葉*緯,正取,逢甲大學,逢甲大學 會計學系,原校系/本校留任,3,"逢甲大學 會計學系(正取,分發); 中原大學 會計學系(備取); 逢甲大學 國際經營與貿易學系(通過)"
CAND_2689,115,fcu_acc,逢甲大學,會計學系,逢甲大學 會計學系,1114,—,正取,逢甲大學,逢甲大學 國際經營與貿易學系,原校系/本校留任,5,"逢甲大學 會計學系(正取); 逢甲大學 國際經營與貿易學系(備取,分發); 中山醫學大學 醫學社會暨社會工作學系(備取); 國立臺北教育大學 心理與諮商學系(芝山組)(通過); 亞洲大學 心理學系工商與社會心理組(備取)"
CAND_2690,115,fcu_acc,逢甲大學,會計學系,逢甲大學 會計學系,1129,陳*𨧤,正取,逢甲大學,逢甲大學 會計學系,原校系/本校留任,10,"逢甲大學 會計學系(正取,分發); 靜宜大學 食品營養學系(正取); 銘傳大學 諮商臨床與工商心理學系(桃園校區)(通過); 亞洲大學 心理學系工商與社會心理組(通過); 朝陽科技大學航空運務系(正取); 南臺科技大學高齡福祉服務系(通過); 嘉南藥理大學食品科技系(通過); 弘光科技大學醫療器材發展與應用系(通過); 長庚科技大學呼吸照護系(嘉義校區)(通過); 文藻外語大學外語教學系(備取)"
CAND_2691,115,fcu_acc,逢甲大學,會計學系,逢甲大學 會計學系,1103,陳*蓉,正取,世新大學,世新大學 圖文傳播學系,其他學校錄取,4,"逢甲大學 會計學系(正取); 逢甲大學 國際經營與貿易學系(通過); 國立東華大學 會計學系(通過); 世新大學 圖文傳播學系(備取,分發)"
CAND_2692,115,fcu_acc,逢甲大學,會計學系,逢甲大學 會計學系,1121,蘇*綺,正取,逢甲大學,逢甲大學 會計學系,原校系/本校留任,5,"逢甲大學 會計學系(正取,分發); 東海大學 外國語文學系(備取); 淡江大學 英文學系(備取); 逢甲大學 企業管理學系(備取); 文藻外語大學英國語文系(備取)"
CAND_2693,115,fcu_acc,逢甲大學,會計學系,逢甲大學 會計學系,112,周*恩,正取,東海大學,東海大學 餐旅管理學系,其他學校錄取,2,"逢甲大學 會計學系(正取); 東海大學 餐旅管理學系(正取,分發)"
CAND_2694,115,fcu_acc,逢甲大學,會計學系,逢甲大學 會計學系,1121,曹*諿,正取,逢甲大學,逢甲大學 金融學院學士班,原校系/本校留任,5,"逢甲大學 會計學系(正取); 東海大學 經濟學系(正取); 逢甲大學 金融學院學士班(備取,分發); 輔仁大學 統計資訊學系(備取); 台鋼科技大學電機工程系(通過)"
CAND_2695,115,fcu_acc,逢甲大學,會計學系,逢甲大學 會計學系,1126,朱*,正取,逢甲大學,逢甲大學 會計學系,原校系/本校留任,6,"逢甲大學 會計學系(正取,分發); 中原大學 會計學系(通過); 東海大學 會計學系(正取); 逢甲大學 國際經營與貿易學系(通過); 逢甲大學 財稅學系(正取); 靜宜大學 會計學系(通過)"
CAND_2696,115,fcu_acc,逢甲大學,會計學系,逢甲大學 會計學系,1136,侯*翔,正取,逢甲大學,逢甲大學 財稅學系,原校系/本校留任,4,"逢甲大學 會計學系(正取); 淡江大學 會計學系(備取); 逢甲大學 財稅學系(正取,分發); 世新大學 財務金融學系(備取)"
CAND_2697,115,fcu_acc,逢甲大學,會計學系,逢甲大學 會計學系,1127,余*妍,正取,逢甲大學,逢甲大學 財稅學系,原校系/本校留任,4,"逢甲大學 會計學系(正取); 中原大學 會計學系(正取); 東海大學 會計學系(備取); 逢甲大學 財稅學系(正取,分發)"
CAND_2698,115,fcu_acc,逢甲大學,會計學系,逢甲大學 會計學系,112,李*恩,正取,逢甲大學,逢甲大學 會計學系,原校系/本校留任,3,"逢甲大學 會計學系(正取,分發); 東海大學 會計學系(通過); 逢甲大學 經濟學系(通過)"
CAND_2699,115,fcu_acc,逢甲大學,會計學系,逢甲大學 會計學系,1109,許*永,正取,銘傳大學,銘傳大學 金融學系(桃園校區),其他學校錄取,3,"逢甲大學 會計學系(正取); 銘傳大學 金融學系(桃園校區)(正取,分發); 亞洲大學 財經法律學系(正取)"
CAND_2700,115,fcu_acc,逢甲大學,會計學系,逢甲大學 會計學系,1136,—,正取,國立中興大學,國立中興大學 會計學系,其他學校錄取,5,"逢甲大學 會計學系(正取); 國立中興大學 會計學系(備取,分發); 逢甲大學 工業工程與系統管理學系B組(正取); 逢甲大學 財務金融學系(正取); 國立高雄大學 應用經濟學系(正取)"
CAND_2701,115,fcu_acc,逢甲大學,會計學系,逢甲大學 會計學系,1121,—,正取,國立高雄大學,國立高雄大學 財務金融學系,其他學校錄取,5,"逢甲大學 會計學系(正取); 國立中興大學 會計學系(通過); 國立成功大學 會計學系(通過); 國立中正大學 財務金融學系(通過); 國立高雄大學 財務金融學系(正取,分發)"
CAND_2702,115,fcu_acc,逢甲大學,會計學系,逢甲大學 會計學系,1126,張*,備取,國立臺灣海洋大學,國立臺灣海洋大學 海洋經營管理學士學位學程,其他學校錄取,6,"逢甲大學 會計學系(備取); 中原大學 會計學系(備取); 淡江大學 歐洲語文學系法文組(備取); 國立臺灣海洋大學 海洋經營管理學士學位學程(正取,分發); 國立高雄科技大學航運管理系(備取); 文藻外語大學法國語文系(通過)"
CAND_2703,115,fcu_acc,逢甲大學,會計學系,逢甲大學 會計學系,1121,林*孜,備取,國立嘉義大學,國立嘉義大學 行銷與觀光管理學系,其他學校錄取,4,"逢甲大學 會計學系(備取); 中原大學 會計學系(正取); 東海大學 企業管理學系(正取); 國立嘉義大學 行銷與觀光管理學系(備取,分發)"
CAND_2704,115,fcu_acc,逢甲大學,會計學系,逢甲大學 會計學系,1122,鄭*秀,備取,逢甲大學,逢甲大學 會計學系,原校系/本校留任,4,"逢甲大學 會計學系(備取,分發); 淡江大學 會計學系(通過); 靜宜大學 會計學系(通過); 義守大學 會計學系(通過)"
CAND_2705,115,fcu_acc,逢甲大學,會計學系,逢甲大學 會計學系,1109,陳*希,備取,淡江大學,淡江大學 會計學系,其他學校錄取,11,"逢甲大學 會計學系(備取); 淡江大學 風險管理與保險學系(備取); 淡江大學 會計學系(備取,分發); 逢甲大學 金融學院學士班(備取); 元智大學 管理學院學士班(主修：財務金融)(備取); 元智大學 管理學院學士班(主修：會計)(正取); 明志科技大學數位行銷設計學士學位學程(通過); 中國科技大學企業管理系(臺北校區)(通過); 德明財經科技大學財務金融系(通過); 致理科技大學財務金融系(備取); 黎明技術學院數位行銷管理系(通過)"
CAND_2706,115,fcu_acc,逢甲大學,會計學系,逢甲大學 會計學系,1121,吳*,備取,逢甲大學,逢甲大學 運輸與物流學系,原校系/本校留任,5,"逢甲大學 會計學系(備取); 逢甲大學 運輸與物流學系(正取,分發); 國立暨南國際大學 經濟學系(備取); 亞洲大學 財務金融學系智能投資組(備取); 亞洲大學 財務金融學系金融科技組(備取)"
CAND_2707,115,fcu_acc,逢甲大學,會計學系,逢甲大學 會計學系,1119,魏*儀,備取,逢甲大學,逢甲大學 會計學系,原校系/本校留任,1,"逢甲大學 會計學系(備取,分發)"
CAND_2708,115,fcu_acc,逢甲大學,會計學系,逢甲大學 會計學系,1112,陳*浩,備取,逢甲大學,逢甲大學 財稅學系,原校系/本校留任,4,"逢甲大學 會計學系(備取); 中原大學 會計學系(通過); 淡江大學 風險管理與保險學系(通過); 逢甲大學 財稅學系(正取,分發)"
CAND_2709,115,fcu_acc,逢甲大學,會計學系,逢甲大學 會計學系,1122,*潔,備取,逢甲大學,逢甲大學 行銷學系,原校系/本校留任,4,"逢甲大學 會計學系(備取); 東海大學 企業管理學系(備取); 東海大學 社會工作學系(備取); 逢甲大學 行銷學系(正取,分發)"
CAND_2710,115,fcu_acc,逢甲大學,會計學系,逢甲大學 會計學系,1103,陳*勛,備取,中原大學,中原大學 會計學系,其他學校錄取,3,"逢甲大學 會計學系(備取); 中原大學 會計學系(備取,分發); 銘傳大學 會計學系會計審計組(臺北校區)(備取)"
CAND_2711,115,fcu_acc,逢甲大學,會計學系,逢甲大學 會計學系,1131,黄*,備取,逢甲大學,逢甲大學 財務金融學系,原校系/本校留任,5,"逢甲大學 會計學系(備取); 東海大學 國際經營與貿易學系(通過); 東海大學 財務金融學系(通過); 逢甲大學 統計學系大數據分析與市場決策組(正取); 逢甲大學 財務金融學系(正取,分發)"
CAND_2712,115,fcu_acc,逢甲大學,會計學系,逢甲大學 會計學系,1125,—,備取,逢甲大學,逢甲大學 會計學系,原校系/本校留任,1,"逢甲大學 會計學系(備取,分發)"
CAND_2713,115,fcu_acc,逢甲大學,會計學系,逢甲大學 會計學系,1108,郭*,備取,逢甲大學,逢甲大學 會計學系,原校系/本校留任,3,"逢甲大學 會計學系(備取,分發); 元智大學 管理學院學士班(主修：會計)(通過); 銘傳大學 會計學系會計審計組(臺北校區)(正取)"
CAND_2714,115,fcu_acc,逢甲大學,會計學系,逢甲大學 會計學系,1103,周*育,備取,逢甲大學,逢甲大學 會計學系,原校系/本校留任,2,"逢甲大學 會計學系(備取,分發); 國立屏東大學 商業大數據學系(備取)"
CAND_2715,115,fcu_acc,逢甲大學,會計學系,逢甲大學 會計學系,1124,郭*語,備取,逢甲大學,逢甲大學 會計學系,原校系/本校留任,6,"逢甲大學 會計學系(備取,分發); 中原大學 會計學系(正取); 亞洲大學 視光學系(備取); 中臺科技大學視光系(通過); 元培醫事科技大學醫學影像暨放射技術系(備取); 中華醫事科技大學視光系(通過)"
CAND_2716,115,fcu_acc,逢甲大學,會計學系,逢甲大學 會計學系,1118,陳*榛,備取,國立嘉義大學,國立嘉義大學 資訊管理學系,其他學校錄取,3,"逢甲大學 會計學系(備取); 國立臺南大學 數位學習科技學系(備取); 國立嘉義大學 資訊管理學系(備取,分發)"
CAND_2717,115,fcu_acc,逢甲大學,會計學系,逢甲大學 會計學系,1126,*妍,備取,中原大學,中原大學 財經法律學系科技法組,其他學校錄取,3,"逢甲大學 會計學系(備取); 中原大學 財務金融學系(備取); 中原大學 財經法律學系科技法組(備取,分發)"
CAND_2718,115,fcu_acc,逢甲大學,會計學系,逢甲大學 會計學系,1123,陳*,備取,逢甲大學,逢甲大學 會計學系,原校系/本校留任,5,"逢甲大學 會計學系(備取,分發); 中原大學 國際經營與貿易學系(通過); 東海大學 企業管理學系(備取); 東海大學 國際經營與貿易學系(備取); 逢甲大學 企業管理學系(通過)"
CAND_2719,115,fcu_acc,逢甲大學,會計學系,逢甲大學 會計學系,1139,*駿,備取,逢甲大學,逢甲大學 會計學系,原校系/本校留任,5,"逢甲大學 會計學系(備取,分發); 逢甲大學 國際經營與貿易學系(備取); 逢甲大學 經濟學系(正取); 國立屏東大學 國際經營與貿易學系(通過); 國立暨南國際大學 諮商心理與人力資源發展學系諮商心理組(通過)"
CAND_2720,115,fcu_acc,逢甲大學,會計學系,逢甲大學 會計學系,1116,黄*,備取,淡江大學,淡江大學 會計學系,其他學校錄取,4,"逢甲大學 會計學系(備取); 中原大學 會計學系(備取); 淡江大學 會計學系(正取,分發); 朝陽科技大學保險金融管理系(備取)"
CAND_2721,115,fcu_acc,逢甲大學,會計學系,逢甲大學 會計學系,1112,梁*瑜,備取,逢甲大學,逢甲大學 國際經營與貿易學系,原校系/本校留任,5,"逢甲大學 會計學系(備取); 逢甲大學 國際經營與貿易學系(備取,分發); 逢甲大學 金融學院學士班(備取); 元智大學 管理學院學士班(主修：會計)(正取); 國立聯合大學 財務金融學系(正取)"
CAND_2722,115,fcu_acc,逢甲大學,會計學系,逢甲大學 會計學系,1118,林*霆,備取,中原大學,中原大學 會計學系,其他學校錄取,6,"逢甲大學 會計學系(備取); 中原大學 會計學系(備取,分發); 東海大學 會計學系(通過); 淡江大學 人工智慧學系(通過); 國立東華大學 財務金融學系(通過); 國立宜蘭大學 應用經濟與管理學系(通過)"
CAND_2723,115,fcu_acc,逢甲大學,會計學系,逢甲大學 會計學系,1116,林*瑜,備取,逢甲大學,逢甲大學 會計學系,原校系/本校留任,3,"逢甲大學 會計學系(備取,分發); 中原大學 財務金融學系(通過); 東海大學 會計學系(正取)"
CAND_2724,115,fcu_acc,逢甲大學,會計學系,逢甲大學 會計學系,1114,陳*綺,備取,逢甲大學,逢甲大學 會計學系,原校系/本校留任,3,"逢甲大學 會計學系(備取,分發); 逢甲大學 都市計畫與空間資訊學系(通過); 銘傳大學 會計學系會計審計組(臺北校區)(備取)"
CAND_2725,115,fcu_acc,逢甲大學,會計學系,逢甲大學 會計學系,1121,張*,備取,逢甲大學,逢甲大學 會計學系,原校系/本校留任,5,"逢甲大學 會計學系(備取,分發); 淡江大學 會計學系(備取); 銘傳大學 會計學系會計審計組(臺北校區)(正取); 銘傳大學 會計學系稅務規劃組(臺北校區)(備取); 國立高雄科技大學會計資訊系(通過)"
CAND_2726,115,fcu_acc,逢甲大學,會計學系,逢甲大學 會計學系,1125,李*銘,備取,中原大學,中原大學 會計學系,其他學校錄取,4,"逢甲大學 會計學系(備取); 中原大學 會計學系(備取,分發); 東海大學 國際經營與貿易學系(備取); 元智大學 管理學院學士班(主修：國際企業管理)(備取)"
CAND_2727,115,fcu_acc,逢甲大學,會計學系,逢甲大學 會計學系,1136,楊*哈,備取,中原大學,中原大學 會計學系,其他學校錄取,4,"逢甲大學 會計學系(備取); 中原大學 會計學系(備取,分發); 國立東華大學 會計學系(正取); 元智大學 管理學院學士班(主修：會計)(正取)"
CAND_2728,115,fcu_acc,逢甲大學,會計學系,逢甲大學 會計學系,1111,陳*竹,備取,逢甲大學,逢甲大學 會計學系,原校系/本校留任,4,"逢甲大學 會計學系(備取,分發); 中原大學 會計學系(備取); 逢甲大學 財稅學系(備取); 國立暨南國際大學 經濟學系(備取)"
CAND_2729,115,fcu_acc,逢甲大學,會計學系,逢甲大學 會計學系,1126,林*錦,備取,逢甲大學,逢甲大學 會計學系,原校系/本校留任,1,"逢甲大學 會計學系(備取,分發)"
CAND_2730,115,fcu_acc,逢甲大學,會計學系,逢甲大學 會計學系,1123,張*恩,備取,逢甲大學,逢甲大學 會計學系,原校系/本校留任,2,"逢甲大學 會計學系(備取,分發); 逢甲大學 合作經濟暨社會事業經營學系(備取)"
CAND_2731,115,fcu_acc,逢甲大學,會計學系,逢甲大學 會計學系,1112,楊*語,備取,逢甲大學,逢甲大學 會計學系,原校系/本校留任,5,"逢甲大學 會計學系(備取,分發); 淡江大學 會計學系(正取); 逢甲大學 財務金融學系(備取); 靜宜大學 會計學系(通過); 靜宜大學 財務金融學系(備取)"
CAND_2732,115,fcu_acc,逢甲大學,會計學系,逢甲大學 會計學系,1129,蘇*婷,備取,中原大學,中原大學 會計學系,其他學校錄取,7,"逢甲大學 會計學系(備取); 中原大學 會計學系(備取,分發); 逢甲大學 風險管理與保險學系(正取); 靜宜大學 國際企業學系(通過); 銘傳大學 國際企業學系跨境電商經營組(臺北校區)(通過); 亞洲大學 財經法律學系(通過); 國立高雄科技大學財政稅務系(備取)"
CAND_2733,115,fcu_acc,逢甲大學,會計學系,逢甲大學 會計學系,1119,陳*寓,備取,逢甲大學,逢甲大學 會計學系,原校系/本校留任,5,"逢甲大學 會計學系(備取,分發); 逢甲大學 應用數學系A組(備取); 逢甲大學 統計學系大數據分析與市場決策組(正取); 國立臺中教育大學 體育學系非運動專長組(備取); 國立臺灣體育運動大學 運動資訊與傳播學系(備取)"
CAND_2734,115,fcu_acc,逢甲大學,會計學系,逢甲大學 會計學系,1119,吳*,備取,逢甲大學,逢甲大學 國際經營與貿易學系,原校系/本校留任,4,"逢甲大學 會計學系(備取); 淡江大學 歐洲語文學系法文組(正取); 逢甲大學 國際經營與貿易學系(備取,分發); 逢甲大學 財務金融學系(備取)"
CAND_2735,115,fcu_acc,逢甲大學,會計學系,逢甲大學 會計學系,1114,*潔,備取,逢甲大學,逢甲大學 會計學系,原校系/本校留任,2,"逢甲大學 會計學系(備取,分發); 淡江大學 會計學系(備取)"
CAND_2736,115,fcu_acc,逢甲大學,會計學系,逢甲大學 會計學系,1103,梁*豪,備取,元智大學,元智大學 管理學院學士班(主修：會計),其他學校錄取,5,"逢甲大學 會計學系(備取); 國立東華大學 會計學系(通過); 元智大學 管理學院學士班(主修：財務金融)(備取); 元智大學 管理學院學士班(主修：會計)(正取,分發); 銘傳大學 金融科技應用學系(桃園校區)(備取)"
CAND_2737,115,fcu_acc,逢甲大學,會計學系,逢甲大學 會計學系,1126,余*賢,備取,東海大學,東海大學 會計學系,其他學校錄取,5,"逢甲大學 會計學系(備取); 東海大學 會計學系(正取,分發); 淡江大學 國際企業學系經貿管理組(通過); 淡江大學 會計學系(通過); 逢甲大學 行銷學系(備取)"
CAND_2738,115,fcu_acc,逢甲大學,會計學系,逢甲大學 會計學系,1111,*銘,備取,中原大學,中原大學 會計學系,其他學校錄取,5,"逢甲大學 會計學系(備取); 中原大學 會計學系(備取,分發); 元智大學 管理學院學士班(主修：財務金融)(備取); 國立聯合大學 財務金融學系(正取); 龍華科技大學財務金融系(通過)"
CAND_2739,115,fcu_acc,逢甲大學,會計學系,逢甲大學 會計學系,1125,葵*珊,備取,東海大學,東海大學 企業管理學系,其他學校錄取,5,"逢甲大學 會計學系(備取); 東海大學 企業管理學系(備取,分發); 元智大學 管理學院學士班(主修：國際企業管理)(正取); 實踐大學 會計學系會計審計組(臺北校區)(正取); 實踐大學 國際經營與貿易學系經貿管理組(臺北校區)(備取)"
CAND_2740,115,fcu_acc,逢甲大學,會計學系,逢甲大學 會計學系,1129,陳*,備取,逢甲大學,逢甲大學 土地管理學系,原校系/本校留任,3,"逢甲大學 會計學系(備取); 逢甲大學 土地管理學系(備取,分發); 靜宜大學 會計學系(備取)"
CAND_2741,115,fcu_acc,逢甲大學,會計學系,逢甲大學 會計學系,1124,郭*呈,備取,逢甲大學,逢甲大學 會計學系,原校系/本校留任,4,"逢甲大學 會計學系(備取,分發); 中原大學 會計學系(通過); 東海大學 經濟學系(通過); 逢甲大學 經濟學系(正取)"
CAND_2742,115,fcu_acc,逢甲大學,會計學系,逢甲大學 會計學系,1129,*蓉,備取,逢甲大學,逢甲大學 國際經營與貿易學系,原校系/本校留任,4,"逢甲大學 會計學系(備取); 中原大學 會計學系(正取); 東海大學 會計學系(備取); 逢甲大學 國際經營與貿易學系(備取,分發)"
CAND_2743,115,fcu_acc,逢甲大學,會計學系,逢甲大學 會計學系,1137,—,備取,逢甲大學,逢甲大學 會計學系,原校系/本校留任,3,"逢甲大學 會計學系(備取,分發); 逢甲大學 經濟學系(正取); 國立宜蘭大學 應用經濟與管理學系(備取)"
CAND_2744,115,fcu_acc,逢甲大學,會計學系,逢甲大學 會計學系,1125,李*右,備取,逢甲大學,逢甲大學 會計學系,原校系/本校留任,3,"逢甲大學 會計學系(備取,分發); 東海大學 企業管理學系(備取); 逢甲大學 國際經營與貿易學系(通過)"
CAND_2745,115,fcu_acc,逢甲大學,會計學系,逢甲大學 會計學系,1133,蘇*語,備取,逢甲大學,逢甲大學 財稅學系,原校系/本校留任,7,"逢甲大學 會計學系(備取); 東海大學 經濟學系(正取); 逢甲大學 財稅學系(正取,分發); 逢甲大學 統計學系商業大數據組(通過); 國立高雄科技大學會計資訊系(備取); 南臺科技大學國際企業系(通過); 南臺科技大學財務金融系(備取)"
CAND_2746,115,fcu_acc,逢甲大學,會計學系,逢甲大學 會計學系,111,陳*彤,備取,中國醫藥大學,中國醫藥大學 公共衛生學院大一不分系,其他學校錄取,3,"逢甲大學 會計學系(備取); 中國醫藥大學 公共衛生學院大一不分系(備取,分發); 淡江大學 國際企業學系國際商學全英語組(通過)"
CAND_2747,115,fcu_acc,逢甲大學,會計學系,逢甲大學 會計學系,1125,*庭,備取,東海大學,東海大學 工業工程與經營資訊學系(智慧經營與管理組),其他學校錄取,5,"逢甲大學 會計學系(備取); 東海大學 工業工程與經營資訊學系(智慧經營與管理組)(備取,分發); 逢甲大學 行銷學系(備取); 亞洲大學 財務金融學系金融科技組(通過); 朝陽科技大學工業工程與管理系(通過)"
CAND_2748,115,fcu_acc,逢甲大學,會計學系,逢甲大學 會計學系,1138,唐*,備取,逢甲大學,逢甲大學 會計學系,原校系/本校留任,3,"逢甲大學 會計學系(備取,分發); 逢甲大學 國際經營與貿易學系(備取); 國立屏東大學 國際經營與貿易學系(備取)"
CAND_2749,115,fcu_acc,逢甲大學,會計學系,逢甲大學 會計學系,1114,陳*歆,備取,逢甲大學,逢甲大學 會計學系,原校系/本校留任,2,"逢甲大學 會計學系(備取,分發); 逢甲大學 國際經營與貿易學系(備取)"
CAND_2750,115,fcu_acc,逢甲大學,會計學系,逢甲大學 會計學系,1131,林*頡,備取,淡江大學,淡江大學 會計學系,其他學校錄取,4,"逢甲大學 會計學系(備取); 淡江大學 會計學系(正取,分發); 逢甲大學 財稅學系(備取); 銘傳大學 會計學系會計審計組(臺北校區)(備取)"
CAND_2751,115,fcu_acc,逢甲大學,會計學系,逢甲大學 會計學系,1115,張*宇,備取,中國醫藥大學,中國醫藥大學 公共衛生學院大一不分系,其他學校錄取,4,"逢甲大學 會計學系(備取); 中國醫藥大學 公共衛生學院大一不分系(備取,分發); 逢甲大學 土地管理學系(備取); 中臺科技大學視光系(通過)"
CAND_2752,115,fcu_acc,逢甲大學,會計學系,逢甲大學 會計學系,1124,段*,備取,國立屏東大學,國立屏東大學 商業大數據學系,其他學校錄取,10,"逢甲大學 會計學系(備取); 國立屏東大學 應用英語學系(備取); 國立屏東大學 商業大數據學系(備取,分發); 義守大學 財務金融管理學系(備取); 國立嘉義大學 外國語言學系應用外語組(備取); 國立高雄大學 西洋語文學系(備取); 國立屏東科技大學財務金融國際學士學位學程(通過); 國立高雄科技大學財務管理系(通過); 正修科技大學建築與室內設計系建築設計組(通過); 正修科技大學建築與室內設計系室內設計組(通過)"
CAND_2753,115,fcu_acc,逢甲大學,會計學系,逢甲大學 會計學系,1111,楊*,備取,中原大學,中原大學 會計學系,其他學校錄取,3,"逢甲大學 會計學系(備取); 中原大學 會計學系(備取,分發); 元智大學 管理學院學士班(主修：會計)(正取)"
CAND_2754,115,fcu_acc,逢甲大學,會計學系,逢甲大學 會計學系,1128,葵*娟,備取,亞洲大學,亞洲大學 視光學系,其他學校錄取,4,"逢甲大學 會計學系(備取); 亞洲大學 心理學系工商與社會心理組(備取); 亞洲大學 視光學系(備取,分發); 亞洲大學 社會工作學系醫務與心衛社工組(備取)"
CAND_2755,115,fcu_acc,逢甲大學,會計學系,逢甲大學 會計學系,1101,*唧,備取,東海大學,東海大學 會計學系,其他學校錄取,4,"逢甲大學 會計學系(備取); 東海大學 會計學系(備取,分發); 輔仁大學 織品服裝學系織品設計組(備取); 世新大學 公共關係暨廣告學系(通過)"
CAND_2756,115,fcu_acc,逢甲大學,會計學系,逢甲大學 會計學系,1118,尤*君,備取,東海大學,東海大學 會計學系,其他學校錄取,4,"逢甲大學 會計學系(備取); 中原大學 會計學系(備取); 東海大學 會計學系(正取,分發); 逢甲大學 財稅學系(正取)"
CAND_2757,115,fcu_acc,逢甲大學,會計學系,逢甲大學 會計學系,1124,張*女,備取,逢甲大學,逢甲大學 會計學系,原校系/本校留任,2,"逢甲大學 會計學系(備取,分發); 元智大學 管理學院學士班(主修：會計)(正取)"
CAND_2758,115,fcu_acc,逢甲大學,會計學系,逢甲大學 會計學系,1128,*華,備取,逢甲大學,逢甲大學 會計學系,原校系/本校留任,8,"逢甲大學 會計學系(備取,分發); 逢甲大學 財務金融學系(備取); 輔仁大學 會計學系(備取); 中山醫學大學 醫療產業科技管理學系(通過); 國立屏東大學 會計學系(正取); 國立高雄科技大學財政稅務系(通過); 嘉南藥理大學醫務管理系(通過); 中臺科技大學醫學檢驗生物技術系(通過)"
CAND_2759,115,fcu_acc,逢甲大學,會計學系,逢甲大學 會計學系,1129,蘇*毅,備取,—,—,未分發或放棄,4,逢甲大學 會計學系(備取); 高雄醫學大學 醫學社會學與社會工作學系(通過); 中原大學 會計學系(備取); 國立臺灣海洋大學 海洋觀光管理學士學位學程(通過)
CAND_2760,115,fcu_acc,逢甲大學,會計學系,逢甲大學 會計學系,1102,翁*耀,備取,逢甲大學,逢甲大學 會計學系,原校系/本校留任,3,"逢甲大學 會計學系(備取,分發); 中原大學 會計學系(備取); 國立宜蘭大學 應用經濟與管理學系(正取)"
CAND_2761,115,fcu_acc,逢甲大學,會計學系,逢甲大學 會計學系,1133,許*庭,備取,逢甲大學,逢甲大學 會計學系,原校系/本校留任,1,"逢甲大學 會計學系(備取,分發)"
CAND_2762,115,fcu_acc,逢甲大學,會計學系,逢甲大學 會計學系,1126,鄭*么,備取,逢甲大學,逢甲大學 會計學系,原校系/本校留任,4,"逢甲大學 會計學系(備取,分發); 中原大學 會計學系(備取); 逢甲大學 經濟學系(備取); 銘傳大學 資訊應用與金融保險學系金融組(臺北校區)(通過)"
CAND_2763,115,fcu_acc,逢甲大學,會計學系,逢甲大學 會計學系,1133,張*臻,備取,逢甲大學,逢甲大學 水利工程與資源保育學系,原校系/本校留任,5,"逢甲大學 會計學系(備取); 東海大學 畜產與生物科技學系(通過); 東海大學 食品科學系(備取); 逢甲大學 水利工程與資源保育學系(備取,分發); 國立臺東大學 應用科學系化學及奈米科學組(通過)"
CAND_2764,115,fcu_acc,逢甲大學,會計學系,逢甲大學 會計學系,1116,陳*,備取,中原大學,中原大學 生物科技學系,其他學校錄取,3,"逢甲大學 會計學系(備取); 中原大學 生物科技學系(備取,分發); 中原大學 會計學系(備取)"
CAND_2765,115,fcu_acc,逢甲大學,會計學系,逢甲大學 會計學系,1125,謝*呈,備取,逢甲大學,逢甲大學 會計學系,原校系/本校留任,2,"逢甲大學 會計學系(備取,分發); 逢甲大學 土地管理學系(備取)"
CAND_2766,115,fcu_acc,逢甲大學,會計學系,逢甲大學 會計學系,1104,陳*妍,備取,中原大學,中原大學 會計學系,其他學校錄取,3,"逢甲大學 會計學系(備取); 中原大學 會計學系(備取,分發); 淡江大學 歐洲語文學系法文組(通過)"
CAND_2767,115,fcu_acc,逢甲大學,會計學系,逢甲大學 會計學系,1115,彭*庭,備取,逢甲大學,逢甲大學 會計學系,原校系/本校留任,4,"逢甲大學 會計學系(備取,分發); 中原大學 會計學系(備取); 東海大學 國際學院國際經營管理學位學程(備取); 淡江大學 企業管理學系全英語學士班(備取)"
CAND_2768,115,fcu_acc,逢甲大學,會計學系,逢甲大學 會計學系,1117,陳*祥,備取,逢甲大學,逢甲大學 會計學系,原校系/本校留任,4,"逢甲大學 會計學系(備取,分發); 逢甲大學 財稅學系(正取); 國立高雄科技大學財政稅務系(通過); 朝陽科技大學保險金融管理系(通過)"
CAND_2769,115,fcu_acc,逢甲大學,會計學系,逢甲大學 會計學系,1101,陳*豪,備取,逢甲大學,逢甲大學 會計學系,原校系/本校留任,1,"逢甲大學 會計學系(備取,分發)"
CAND_2770,115,fcu_acc,逢甲大學,會計學系,逢甲大學 會計學系,1111,陳*愷,備取,逢甲大學,逢甲大學 國際經營與貿易學系,原校系/本校留任,4,"逢甲大學 會計學系(備取); 逢甲大學 國際經營與貿易學系(備取,分發); 亞洲大學 資訊工程學系人工智慧與機器人組(通過); 亞洲大學 財務金融學系智能投資組(備取)"
CAND_2771,115,fcu_acc,逢甲大學,會計學系,逢甲大學 會計學系,1125,于*,備取,東吳大學,東吳大學 財務工程與精算數學系,其他學校錄取,4,"逢甲大學 會計學系(備取); 東吳大學 財務工程與精算數學系(備取,分發); 東海大學 會計學系(通過); 淡江大學 會計學系(備取)"
CAND_2772,115,fcu_acc,逢甲大學,會計學系,逢甲大學 會計學系,1135,游*,備取,中原大學,中原大學 會計學系,其他學校錄取,4,"逢甲大學 會計學系(備取); 中原大學 會計學系(備取,分發); 淡江大學 會計學系(備取); 國立東華大學 會計學系(通過)"
CAND_2773,115,fcu_acc,逢甲大學,會計學系,逢甲大學 會計學系,1111,鄭*婷,備取,東海大學,東海大學 會計學系,其他學校錄取,6,"逢甲大學 會計學系(備取); 中原大學 會計學系(備取); 東海大學 會計學系(備取,分發); 淡江大學 會計學系(備取); 逢甲大學 財稅學系(正取); 逢甲大學 風險管理與保險學系(備取)"
CAND_2774,115,fcu_acc,逢甲大學,會計學系,逢甲大學 會計學系,1117,葵*叡,備取,靜宜大學,靜宜大學 化粧品科學系,其他學校錄取,7,"逢甲大學 會計學系(備取); 靜宜大學 化粧品科學系(正取,分發); 靜宜大學 資訊工程學系(備取); 明新科技大學電機工程系(備取); 明新科技大學電子工程系(備取); 明新科技大學財務金融系智慧理財組(正取); 元培醫事科技大學視光系(正取)"
CAND_2775,115,fcu_acc,逢甲大學,會計學系,逢甲大學 會計學系,1121,*翔,備取,逢甲大學,逢甲大學 會計學系,原校系/本校留任,4,"逢甲大學 會計學系(備取,分發); 中原大學 會計學系(通過); 逢甲大學 國際經營與貿易學系(備取); 靜宜大學 財務金融學系(備取)"
CAND_2776,115,fcu_acc,逢甲大學,會計學系,逢甲大學 會計學系,1138,陳*璇,備取,逢甲大學,逢甲大學 合作經濟暨社會事業經營學系,原校系/本校留任,3,"逢甲大學 會計學系(備取); 中原大學 會計學系(備取); 逢甲大學 合作經濟暨社會事業經營學系(備取,分發)"
CAND_2777,115,fcu_acc,逢甲大學,會計學系,逢甲大學 會計學系,1113,陳*,備取,逢甲大學,逢甲大學 會計學系,原校系/本校留任,4,"逢甲大學 會計學系(備取,分發); 東海大學 餐旅管理學系(備取); 逢甲大學 財稅學系(備取); 亞洲大學 財務金融學系金融科技組(備取)"
CAND_2778,115,fcu_acc,逢甲大學,會計學系,逢甲大學 會計學系,1123,*彤,備取,逢甲大學,逢甲大學 會計學系,原校系/本校留任,3,"逢甲大學 會計學系(備取,分發); 逢甲大學 都市計畫與空間資訊學系(備取); 靜宜大學 人工智慧應用學系(備取)"
CAND_2779,115,fcu_acc,逢甲大學,會計學系,逢甲大學 會計學系,1129,林*豪,備取,逢甲大學,逢甲大學 會計學系,原校系/本校留任,2,"逢甲大學 會計學系(備取,分發); 靜宜大學 寰宇外語教育學士學位學程(通過)"
CAND_2780,115,fcu_acc,逢甲大學,會計學系,逢甲大學 會計學系,111,蕭*穎,備取,逢甲大學,逢甲大學 國際經營與貿易學系,原校系/本校留任,5,"逢甲大學 會計學系(備取); 逢甲大學 國際經營與貿易學系(備取,分發); 銘傳大學 資訊管理學系人工智慧應用組(桃園校區)(備取); 銘傳大學 資訊管理學系電子商務管理組(桃園校區)(正取); 國立高雄科技大學人力資源發展系(通過)"
CAND_2781,115,fcu_acc,逢甲大學,會計學系,逢甲大學 會計學系,1114,伍*陽,備取,逢甲大學,逢甲大學 會計學系,原校系/本校留任,5,"逢甲大學 會計學系(備取,分發); 淡江大學 會計學系(備取); 逢甲大學 經濟學系(正取); 靜宜大學 財務金融學系(通過); 國立聯合大學 財務金融學系(通過)"
CAND_2782,115,fcu_acc,逢甲大學,會計學系,逢甲大學 會計學系,1102,吳*呈,備取,東吳大學,東吳大學 社會學系,其他學校錄取,5,"逢甲大學 會計學系(備取); 東吳大學 社會學系(備取,分發); 東海大學 歷史學系(備取); 輔仁大學 社會學系(備取); 銘傳大學 會計學系會計審計組(臺北校區)(備取)"
CAND_2783,115,fcu_acc,逢甲大學,會計學系,逢甲大學 會計學系,1118,康*,備取,逢甲大學,逢甲大學 會計學系,原校系/本校留任,2,"逢甲大學 會計學系(備取,分發); 銘傳大學 國際事務與外交學士學位學程(全英語授課．臺北校區)(通過)"
CAND_2784,115,fcu_acc,逢甲大學,會計學系,逢甲大學 會計學系,1119,陳*彣,備取,逢甲大學,逢甲大學 會計學系,原校系/本校留任,5,"逢甲大學 會計學系(備取,分發); 東海大學 永續科學與管理學士學位學程(通過); 國立高雄大學 東亞語文學系越語組(通過); 亞洲大學 生物資訊與醫學工程學系生醫資訊組(備取); 國立勤益科技大學智慧自動化工程系(通過)"
CAND_2785,115,fcu_acc,逢甲大學,會計學系,逢甲大學 會計學系,1118,沈*宇,備取,逢甲大學,逢甲大學 會計學系,原校系/本校留任,1,"逢甲大學 會計學系(備取,分發)"
CAND_2786,115,fcu_acc,逢甲大學,會計學系,逢甲大學 會計學系,1116,—,備取,逢甲大學,逢甲大學 會計學系,原校系/本校留任,5,"逢甲大學 會計學系(備取,分發); 逢甲大學 財稅學系(備取); 靜宜大學 大眾傳播學系(備取); 靜宜大學 智慧媒體與創新科技應用學士學位學程(備取); 世新大學 新聞學系(通過)"
CAND_2787,115,fcu_acc,逢甲大學,會計學系,逢甲大學 會計學系,1104,—,備取,國立中央大學,國立中央大學 向日葵聯合招生戊組(人社),其他學校錄取,3,"逢甲大學 會計學系(備取); 國立中央大學 向日葵聯合招生戊組(人社)(備取,分發); 國立東華大學 資訊管理學系人工智慧與商務組(備取)"
CAND_2788,115,fcu_acc,逢甲大學,會計學系,逢甲大學 會計學系,1111,*丞,備取,逢甲大學,逢甲大學 會計學系,原校系/本校留任,5,"逢甲大學 會計學系(備取,分發); 中原大學 企業管理學系高科技業管理組(備取); 東海大學 工業工程與經營資訊學系(智慧經營與管理組)(備取); 輔仁大學 織品服裝學系織品設計組(備取); 輔仁大學 織品服裝學系織品服飾行銷組(備取)"
CAND_2789,115,fcu_acc,逢甲大學,會計學系,逢甲大學 會計學系,1122,陳*晴,備取,逢甲大學,逢甲大學 會計學系,原校系/本校留任,4,"逢甲大學 會計學系(備取,分發); 高雄醫學大學 醫學社會學與社會工作學系(通過); 靜宜大學 財務金融學系(通過); 亞洲大學 視光學系(通過)"
CAND_2790,115,fcu_acc,逢甲大學,會計學系,逢甲大學 會計學系,1112,F*甄,備取,逢甲大學,逢甲大學 會計學系,原校系/本校留任,2,"逢甲大學 會計學系(備取,分發); 亞洲大學 健康產業管理學系醫療機構管理組(正取)"
CAND_2791,115,fcu_acc,逢甲大學,會計學系,逢甲大學 會計學系,〇****OTT,張*女,備取,淡江大學,淡江大學 會計學系,其他學校錄取,4,"逢甲大學 會計學系(備取); 淡江大學 會計學系(備取,分發); 國立東華大學 會計學系(正取); 國立金門大學 企業管理學系(正取)"
CAND_2792,115,fcu_acc,逢甲大學,會計學系,逢甲大學 會計學系,1139,張*,備取,淡江大學,淡江大學 會計學系,其他學校錄取,3,"逢甲大學 會計學系(備取); 淡江大學 會計學系(備取,分發); 中國文化大學 會計學系(備取)"
CAND_2793,115,fcu_acc,逢甲大學,會計學系,逢甲大學 會計學系,1102,張*瑀,備取,逢甲大學,逢甲大學 會計學系,原校系/本校留任,10,"逢甲大學 會計學系(備取,分發); 中國文化大學 國際貿易學系(備取); 輔仁大學 醫學資訊與創新應用學士學位學程(資安組)(通過); 亞洲大學 護理學系臨床照護組(通過); 國立臺北護理健康大學護理系(通過); 中臺科技大學醫學檢驗生物技術系(通過); 中臺科技大學牙體技術暨材料系(通過); 僑光科技大學財經法律系(通過); 致理科技大學財務金融系(通過); 亞東科技大學護理系(通過)"
CAND_2794,115,fcu_acc,逢甲大學,會計學系,逢甲大學 會計學系,111,陳*,備取,世新大學,世新大學 新聞學系,其他學校錄取,3,"逢甲大學 會計學系(備取); 輔仁大學 織品服裝學系織品服飾行銷組(備取); 世新大學 新聞學系(備取,分發)"
CAND_2795,115,fcu_acc,逢甲大學,會計學系,逢甲大學 會計學系,1102,林*,備取,逢甲大學,逢甲大學 會計學系,原校系/本校留任,4,"逢甲大學 會計學系(備取,分發); 國立東華大學 會計學系(備取); 實踐大學 餐飲管理學系廚藝組(臺北校區)(備取); 國立暨南國際大學 觀光休閒與餐旅管理學系餐旅管理組(備取)"
CAND_2796,115,fcu_acc,逢甲大學,會計學系,逢甲大學 會計學系,1116,*善,備取,逢甲大學,逢甲大學 會計學系,原校系/本校留任,3,"逢甲大學 會計學系(備取,分發); 亞洲大學 會計與資訊學系(備取); 國立高雄科技大學運籌管理系(通過)"
CAND_2797,115,fcu_acc,逢甲大學,會計學系,逢甲大學 會計學系,1114,葵*斐,備取,逢甲大學,逢甲大學 會計學系,原校系/本校留任,1,"逢甲大學 會計學系(備取,分發)"
CAND_2798,115,fcu_acc,逢甲大學,會計學系,逢甲大學 會計學系,1126,江*峯,備取,逢甲大學,逢甲大學 會計學系,原校系/本校留任,4,"逢甲大學 會計學系(備取,分發); 國立東華大學 會計學系(通過); 國立暨南國際大學 觀光休閒與餐旅管理學系餐旅管理組(通過); 亞洲大學 護理學系國際護理組(備取)"
CAND_2799,115,fcu_acc,逢甲大學,會計學系,逢甲大學 會計學系,1129,速*,備取,—,—,未分發或放棄,3,逢甲大學 會計學系(備取); 逢甲大學 財稅學系(備取); 義守大學 生物醫學工程學系(通過)
CAND_2800,115,fcu_acc,逢甲大學,會計學系,逢甲大學 會計學系,1121,—,備取,逢甲大學,逢甲大學 會計學系,原校系/本校留任,5,"逢甲大學 會計學系(備取,分發); 靜宜大學 會計學系(正取); 亞洲大學 會計與資訊學系(正取); 東海大學 會計學系(正取); 淡江大學 會計學系(備取)"
CAND_2801,115,fcu_acc,逢甲大學,會計學系,逢甲大學 會計學系,1134,—,備取,中山醫學大學,中山醫學大學 公共衛生學系(B組),其他學校錄取,3,"逢甲大學 會計學系(備取); 東海大學 資訊管理學系(通過); 中山醫學大學 公共衛生學系(B組)(備取,分發)"
CAND_2802,115,fcu_acc,逢甲大學,會計學系,逢甲大學 會計學系,1113,—,備取,逢甲大學,逢甲大學 會計學系,原校系/本校留任,5,"逢甲大學 會計學系(備取,分發); 國立屏東大學 會計學系(正取); 淡江大學 國際企業學系經貿管理組(正取); 元智大學 管理學院學士班(主修：會計)(正取); 實踐大學 財務金融學系(臺北校區)(通過)"
CAND_2803,115,fcu_acc,逢甲大學,會計學系,逢甲大學 會計學系,1109,—,備取,—,—,未分發或放棄,6,逢甲大學 會計學系(通過); 輔仁大學 織品服裝學系服飾設計組(通過); 國立高雄師範大學 體育學系(通過); 世新大學 廣播電視電影學系電影組(通過); 國立高雄科技大學企業管理系(通過); 輔英科技大學物理治療系(正取)
CAND_2804,115,fcu_acc,逢甲大學,會計學系,逢甲大學 會計學系,1106,—,備取,—,—,未分發或放棄,2,逢甲大學 會計學系(通過); 國立宜蘭大學 應用經濟與管理學系(通過)
CAND_2805,115,fcu_acc,逢甲大學,會計學系,逢甲大學 會計學系,1103,林*佑,正取,淡江大學,淡江大學 會計學系,其他學校錄取,5,"逢甲大學 會計學系(通過); 淡江大學 會計學系(正取,分發); 國立東華大學 會計學系(通過); 銘傳大學 會計學系稅務規劃組(臺北校區)(備取); 實踐大學 會計學系會計審計組(臺北校區)(通過)"
CAND_2806,115,fcu_acc,逢甲大學,會計學系,逢甲大學 會計學系,〇****OTT,胡*恬,備取,世新大學,世新大學 廣播電視電影學系電影組,其他學校錄取,3,"逢甲大學 會計學系(通過); 輔仁大學 宗教學系(通過); 世新大學 廣播電視電影學系電影組(正取,分發)"
CAND_2807,115,fcu_acc,逢甲大學,會計學系,逢甲大學 會計學系,1108,黄*丞,正取,東吳大學,東吳大學 會計學系,其他學校錄取,3,"逢甲大學 會計學系(通過); 東吳大學 會計學系(備取,分發); 淡江大學 會計學系(正取)"
CAND_2808,115,fcu_acc,逢甲大學,會計學系,逢甲大學 會計學系,〇****OTT,—,備取,—,—,未分發或放棄,2,逢甲大學 會計學系(通過); 國立臺灣海洋大學 商船學系(通過)
CAND_2809,115,fcu_acc,逢甲大學,會計學系,逢甲大學 會計學系,1109,—,備取,淡江大學,淡江大學 運輸管理學系,其他學校錄取,3,"逢甲大學 會計學系(通過); 淡江大學 運輸管理學系(備取,分發); 逢甲大學 運輸與物流學系(通過)"
CAND_2810,115,fcu_acc,逢甲大學,會計學系,逢甲大學 會計學系,1101,*富,備取,東吳大學,東吳大學 企業管理學系,其他學校錄取,5,"逢甲大學 會計學系(通過); 東吳大學 企業管理學系(備取,分發); 東吳大學 財務工程與精算數學系(備取); 中原大學 會計學系(通過); 輔仁大學 企業管理學系(備取)"
CAND_2811,115,fcu_acc,逢甲大學,會計學系,逢甲大學 會計學系,1107,—,備取,—,—,未分發或放棄,4,逢甲大學 會計學系(通過); 東海大學 會計學系(通過); 淡江大學 財務金融學系(通過); 淡江大學 會計學系(通過)
CAND_2812,115,fcu_acc,逢甲大學,會計學系,逢甲大學 會計學系,1104,—,備取,—,—,未分發或放棄,2,逢甲大學 會計學系(通過); 銘傳大學 資訊管理學系人工智慧應用組(桃園校區)(通過)
CAND_2813,115,fcu_acc,逢甲大學,會計學系,逢甲大學 會計學系,1104,林*慈,正取,銘傳大學,銘傳大學 會計學系會計審計組(臺北校區),其他學校錄取,6,"逢甲大學 會計學系(通過); 中原大學 會計學系(通過); 東海大學 會計學系(通過); 淡江大學 會計學系(通過); 銘傳大學 會計學系會計審計組(臺北校區)(正取,分發); 銘傳大學 會計學系稅務規劃組(臺北校區)(備取)"
CAND_2814,115,fcu_acc,逢甲大學,會計學系,逢甲大學 會計學系,1101,—,備取,—,—,未分發或放棄,2,逢甲大學 會計學系(通過); 逢甲大學 經濟學系(通過)
CAND_2815,115,fcu_acc,逢甲大學,會計學系,逢甲大學 會計學系,1115,張*彣,正取,東吳大學,東吳大學 財務工程與精算數學系,其他學校錄取,3,"逢甲大學 會計學系(通過); 東吳大學 財務工程與精算數學系(備取,分發); 淡江大學 會計學系(正取)"
CAND_2816,115,fcu_acc,逢甲大學,會計學系,逢甲大學 會計學系,1119,*語,備取,—,—,未分發或放棄,3,逢甲大學 會計學系(通過); 逢甲大學 人工智慧技術與應用學士學位學程(通過); 輔仁大學 人工智慧與資訊安全學士學位學程(資安組)(備取)
CAND_2817,115,fcu_acc,逢甲大學,會計學系,逢甲大學 會計學系,1113,—,備取,—,—,未分發或放棄,2,逢甲大學 會計學系(通過); 淡江大學 會計學系(通過)
CAND_2818,115,fcu_acc,逢甲大學,會計學系,逢甲大學 會計學系,1114,—,備取,中原大學,中原大學 特殊教育學系,其他學校錄取,4,"逢甲大學 會計學系(通過); 中原大學 特殊教育學系(備取,分發); 淡江大學 會計學系(通過); 淡江大學 企業管理學系(備取)"
CAND_2819,115,fcu_acc,逢甲大學,會計學系,逢甲大學 會計學系,1115,謝*,備取,銘傳大學,銘傳大學 金融學系(桃園校區),其他學校錄取,4,"逢甲大學 會計學系(通過); 銘傳大學 金融學系(桃園校區)(備取,分發); 銘傳大學 金融科技應用學系(桃園校區)(備取); 亞洲大學 財務金融學系金融科技組(通過)"
CAND_2820,115,fcu_acc,逢甲大學,會計學系,逢甲大學 會計學系,1118,—,備取,—,—,未分發或放棄,1,逢甲大學 會計學系(通過)
CAND_2821,115,fcu_acc,逢甲大學,會計學系,逢甲大學 會計學系,1111,—,備取,—,—,未分發或放棄,4,逢甲大學 會計學系(通過); 東吳大學 會計學系(通過); 東吳大學 財務工程與精算數學系(通過); 逢甲大學 財務金融學系(通過)
CAND_2822,115,fcu_acc,逢甲大學,會計學系,逢甲大學 會計學系,1117,—,備取,—,—,未分發或放棄,3,逢甲大學 會計學系(通過); 東吳大學 企業管理學系(通過); 東海大學 財務金融學系(通過)
CAND_2823,115,fcu_acc,逢甲大學,會計學系,逢甲大學 會計學系,1116,—,備取,—,—,未分發或放棄,2,逢甲大學 會計學系(通過); 淡江大學 風險管理與保險學系(通過)
CAND_2824,115,fcu_acc,逢甲大學,會計學系,逢甲大學 會計學系,1116,—,備取,—,—,未分發或放棄,2,逢甲大學 會計學系(通過); 東吳大學 經濟學系(通過)
CAND_2825,115,fcu_acc,逢甲大學,會計學系,逢甲大學 會計學系,1115,—,備取,—,—,未分發或放棄,3,逢甲大學 會計學系(通過); 中原大學 財經法律學系科技法組(通過); 東海大學 會計學系(通過)
CAND_2826,115,fcu_acc,逢甲大學,會計學系,逢甲大學 會計學系,1114,謝*,備取,國立聯合大學,國立聯合大學 資訊管理學系,其他學校錄取,7,"逢甲大學 會計學系(通過); 東吳大學 資訊管理學系(人工智慧組)(備取); 中原大學 會計學系(備取); 元智大學 管理學院學士班(主修：財務金融)(備取); 國立聯合大學 資訊管理學系(備取,分發); 國立高雄科技大學財政稅務系(備取); 致理科技大學會計資訊系(通過)"
CAND_2827,115,fcu_acc,逢甲大學,會計學系,逢甲大學 會計學系,1115,—,備取,中原大學,中原大學 會計學系,其他學校錄取,3,"逢甲大學 會計學系(通過); 中原大學 會計學系(備取,分發); 銘傳大學 諮商臨床與工商心理學系(桃園校區)(通過)"
CAND_2828,115,fcu_acc,逢甲大學,會計學系,逢甲大學 會計學系,1119,黄*存,備取,逢甲大學,逢甲大學 行銷學系,原校系/本校留任,5,"逢甲大學 會計學系(通過); 中原大學 會計學系(通過); 東海大學 餐旅管理學系(通過); 逢甲大學 行銷學系(備取,分發); 世新大學 廣播電視電影學系電視組(通過)"
CAND_2829,115,fcu_acc,逢甲大學,會計學系,逢甲大學 會計學系,1115,—,備取,—,—,未分發或放棄,2,逢甲大學 會計學系(通過); 東海大學 會計學系(通過)
CAND_2830,115,fcu_acc,逢甲大學,會計學系,逢甲大學 會計學系,1114,温*穎,備取,東吳大學,東吳大學 資料科學系,其他學校錄取,3,"逢甲大學 會計學系(通過); 東吳大學 資料科學系(正取,分發); 中原大學 會計學系(通過)"
CAND_2831,115,fcu_acc,逢甲大學,會計學系,逢甲大學 會計學系,1112,—,備取,—,—,未分發或放棄,6,逢甲大學 會計學系(通過); 中原大學 會計學系(通過); 東海大學 歷史學系(通過); 逢甲大學 財稅學系(通過); 國立金門大學 應用英語學系(通過); 朝陽科技大學飛行與民航人員技術系(通過)
CAND_2832,115,fcu_acc,逢甲大學,會計學系,逢甲大學 會計學系,1114,—,備取,—,—,未分發或放棄,2,逢甲大學 會計學系(通過); 東海大學 餐旅管理學系(通過)
CAND_2833,115,fcu_acc,逢甲大學,會計學系,逢甲大學 會計學系,1111,邱*宇,備取,輔仁大學,輔仁大學 會計學系,其他學校錄取,5,"逢甲大學 會計學系(通過); 東吳大學 經濟學系(通過); 東吳大學 會計學系(備取); 東吳大學 企業管理學系(通過); 輔仁大學 會計學系(備取,分發)"
CAND_2834,115,fcu_acc,逢甲大學,會計學系,逢甲大學 會計學系,1111,—,備取,—,—,未分發或放棄,1,逢甲大學 會計學系(通過)
CAND_2835,115,fcu_acc,逢甲大學,會計學系,逢甲大學 會計學系,1113,—,備取,—,—,未分發或放棄,4,逢甲大學 會計學系(通過); 逢甲大學 財務金融學系(通過); 逢甲大學 財務工程與精算學士學位學程(通過); 靜宜大學 法律學系(通過)
CAND_2836,115,fcu_acc,逢甲大學,會計學系,逢甲大學 會計學系,1119,—,備取,—,—,未分發或放棄,3,逢甲大學 會計學系(通過); 東吳大學 資訊管理學系(人工智慧組)(通過); 東海大學 會計學系(通過)
CAND_2837,115,fcu_acc,逢甲大學,會計學系,逢甲大學 會計學系,1119,—,備取,亞洲大學,亞洲大學 財經法律學系,其他學校錄取,5,"逢甲大學 會計學系(通過); 靜宜大學 法律學系(通過); 亞洲大學 健康產業管理學系醫療機構管理組(備取); 亞洲大學 心理學系諮商與臨床心理組(備取); 亞洲大學 財經法律學系(備取,分發)"
CAND_2838,115,fcu_acc,逢甲大學,會計學系,逢甲大學 會計學系,1114,—,備取,—,—,未分發或放棄,3,逢甲大學 會計學系(通過); 東海大學 國際經營與貿易學系(通過); 逢甲大學 行銷學系(通過)
CAND_2839,115,fcu_acc,逢甲大學,會計學系,逢甲大學 會計學系,1112,—,備取,—,—,未分發或放棄,2,逢甲大學 會計學系(通過); 逢甲大學 統計學系商業大數據組(通過)
CAND_2840,115,fcu_acc,逢甲大學,會計學系,逢甲大學 會計學系,1126,—,備取,—,—,未分發或放棄,6,逢甲大學 會計學系(通過); 國立高雄大學 工藝與創意設計學系(通過); 國立聯合大學 建築學系(通過); 國立高雄科技大學風險管理與保險系(通過); 國立臺北護理健康大學護理系(通過); 弘光科技大學護理系(通過)
CAND_2841,115,fcu_acc,逢甲大學,會計學系,逢甲大學 會計學系,112,—,備取,—,—,未分發或放棄,6,逢甲大學 會計學系(通過); 東海大學 企業管理學系(通過); 東海大學 會計學系(通過); 東海大學 資訊管理學系(通過); 逢甲大學 企業管理學系(通過); 中臺科技大學護理系(通過)
CAND_2842,115,fcu_acc,逢甲大學,會計學系,逢甲大學 會計學系,1126,—,備取,—,—,未分發或放棄,5,逢甲大學 會計學系(通過); 中原大學 會計學系(通過); 淡江大學 會計學系(通過); 國立高雄科技大學會計資訊系(通過); 致理科技大學會計資訊系(通過)
CAND_2843,115,fcu_acc,逢甲大學,會計學系,逢甲大學 會計學系,112,葵*洋,備取,東吳大學,東吳大學 資訊管理學系(人工智慧組),其他學校錄取,4,"逢甲大學 會計學系(通過); 東吳大學 資訊管理學系(人工智慧組)(正取,分發); 中原大學 資訊管理學系(備取); 東海大學 資訊管理學系(正取)"
CAND_2844,115,fcu_acc,逢甲大學,會計學系,逢甲大學 會計學系,1129,—,備取,—,—,未分發或放棄,2,逢甲大學 會計學系(通過); 逢甲大學 企業管理學系(通過)
CAND_2845,115,fcu_acc,逢甲大學,會計學系,逢甲大學 會計學系,1123,許*昕,備取,靜宜大學,靜宜大學 食品營養學系,其他學校錄取,3,"逢甲大學 會計學系(通過); 靜宜大學 食品營養學系(備取,分發); 銘傳大學 電機工程學系(桃園校區)(備取)"
CAND_2846,115,fcu_acc,逢甲大學,會計學系,逢甲大學 會計學系,1121,林*呈,備取,逢甲大學,逢甲大學 企業管理學系,原校系/本校留任,3,"逢甲大學 會計學系(通過); 東海大學 企業管理學系(通過); 逢甲大學 企業管理學系(正取,分發)"
CAND_2847,115,fcu_acc,逢甲大學,會計學系,逢甲大學 會計學系,1122,—,備取,—,—,未分發或放棄,6,逢甲大學 會計學系(通過); 東海大學 生命科學系(生態暨生物多樣性組)(通過); 國立高雄大學 生命科學系(通過); 國立高雄科技大學海洋生物技術系(通過); 國立澎湖科技大學水產養殖系(通過); 台鋼科技大學職業運動與管理系(通過)
CAND_2848,115,fcu_acc,逢甲大學,會計學系,逢甲大學 會計學系,1126,賴*諠,正取,東吳大學,東吳大學 會計學系,其他學校錄取,8,"逢甲大學 會計學系(通過); 東吳大學 會計學系(正取,分發); 中國醫藥大學 公共衛生學院大一不分系(通過); 輔仁大學 會計學系(正取); 嘉南藥理大學保健營養系(通過); 弘光科技大學語言治療與聽力學系(通過); 中臺科技大學醫學檢驗生物技術系(通過); 長庚科技大學呼吸照護系(嘉義校區)(通過)"
CAND_2849,115,fcu_acc,逢甲大學,會計學系,逢甲大學 會計學系,1129,*程,備取,逢甲大學,逢甲大學 國際企業管理全英語學士學位學程,原校系/本校留任,6,"逢甲大學 會計學系(通過); 東海大學 國際學院國際經營管理學位學程(通過); 東海大學 永續科學與管理學士學位學程(通過); 逢甲大學 國際企業管理全英語學士學位學程(備取,分發); 逢甲大學 外國語文學系(備取); 亞洲大學 心理學系工商與社會心理組(通過)"
CAND_2850,115,fcu_acc,逢甲大學,會計學系,逢甲大學 會計學系,1125,—,備取,—,—,未分發或放棄,4,逢甲大學 會計學系(通過); 中原大學 會計學系(通過); 中原大學 財務金融學系(通過); 逢甲大學 財務金融學系(通過)
CAND_2851,115,fcu_acc,逢甲大學,會計學系,逢甲大學 會計學系,1125,—,備取,—,—,未分發或放棄,1,逢甲大學 會計學系(通過)
CAND_2852,115,fcu_acc,逢甲大學,會計學系,逢甲大學 會計學系,1123,黄*,備取,國立暨南國際大學,國立暨南國際大學 公共行政與政策學系,其他學校錄取,7,"逢甲大學 會計學系(通過); 逢甲大學 土地管理學系(通過); 國立屏東大學 教育學系(備取); 國立暨南國際大學 公共行政與政策學系(正取,分發); 國立雲林科技大學文化資產維護系(通過); 國立高雄科技大學財政稅務系(通過); 嘉南藥理大學公共安全及消防系(通過)"
CAND_2853,115,fcu_acc,逢甲大學,會計學系,逢甲大學 會計學系,1123,—,備取,—,—,未分發或放棄,10,逢甲大學 會計學系(通過); 淡江大學 歐洲語文學系俄文組(通過); 中國文化大學 國際貿易學系(通過); 靜宜大學 社會工作與兒童少年福利學系(通過); 長榮大學 職業安全與衛生學系職業安全衛生管理組(通過); 國立高雄餐旅大學西餐廚藝系(通過); 樹德科技大學金融管理系(通過); 中信科技大學企業管理系(通過); 南開科技大學長期照顧與管理系(通過); 長庚科技大學護理系(嘉義校區)(通過)
CAND_2854,115,fcu_acc,逢甲大學,會計學系,逢甲大學 會計學系,1127,陳*銓,備取,靜宜大學,靜宜大學 法律學系,其他學校錄取,4,"逢甲大學 會計學系(通過); 東吳大學 社會工作學系(通過); 靜宜大學 法律學系(備取,分發); 長榮大學 護理學系(通過)"
CAND_2855,115,fcu_acc,逢甲大學,會計學系,逢甲大學 會計學系,1124,—,備取,—,—,未分發或放棄,1,逢甲大學 會計學系(通過)
CAND_2856,115,fcu_acc,逢甲大學,會計學系,逢甲大學 會計學系,1123,鄭*,備取,逢甲大學,逢甲大學 財稅學系,原校系/本校留任,4,"逢甲大學 會計學系(通過); 東海大學 日本語言文化學系(通過); 東海大學 財務金融學系(通過); 逢甲大學 財稅學系(正取,分發)"
CAND_2857,115,fcu_acc,逢甲大學,會計學系,逢甲大學 會計學系,1121,江*,正取,國立中興大學,國立中興大學 會計學系,其他學校錄取,6,"逢甲大學 會計學系(通過); 國立中興大學 會計學系(備取,分發); 國立彰化師範大學 會計學系(正取); 國立中正大學 會計與資訊科技學系(備取); 國立臺北大學 會計學系(通過); 國立高雄科技大學會計資訊系(通過)"
CAND_2858,115,fcu_acc,逢甲大學,會計學系,逢甲大學 會計學系,1122,—,備取,—,—,未分發或放棄,2,逢甲大學 會計學系(通過); 逢甲大學 財稅學系(通過)
CAND_2859,115,fcu_acc,逢甲大學,會計學系,逢甲大學 會計學系,1123,—,備取,—,—,未分發或放棄,6,逢甲大學 會計學系(通過); 中信金融管理學院 財務金融學系(通過); 中信金融管理學院 財經法律學系(通過); 崑山科技大學企業管理系(通過); 嘉南藥理大學社會工作系(通過); 台南應用科技大學漫畫系(通過)
CAND_2860,115,fcu_acc,逢甲大學,會計學系,逢甲大學 會計學系,1129,—,備取,—,—,未分發或放棄,7,逢甲大學 會計學系(通過); 中原大學 會計學系(通過); 中原大學 財務金融學系(通過); 逢甲大學 財務金融學系(通過); 國立嘉義大學 企業管理學系(通過); 國立屏東科技大學財務金融國際學士學位學程(通過); 國立高雄科技大學財務管理系(通過)
CAND_2861,115,fcu_acc,逢甲大學,會計學系,逢甲大學 會計學系,1125,—,備取,—,—,未分發或放棄,2,逢甲大學 會計學系(通過); 國立臺南大學 材料科學系(通過)
CAND_2862,115,fcu_acc,逢甲大學,會計學系,逢甲大學 會計學系,1123,—,備取,—,—,未分發或放棄,4,逢甲大學 會計學系(通過); 東海大學 永續科學與管理學士學位學程(通過); 靜宜大學 中國文學系(通過); 靜宜大學 大眾傳播學系(通過)
CAND_2863,115,fcu_acc,逢甲大學,會計學系,逢甲大學 會計學系,1124,—,備取,國立臺南大學,國立臺南大學 特殊教育學系,其他學校錄取,3,"逢甲大學 會計學系(通過); 逢甲大學 財務金融學系(通過); 國立臺南大學 特殊教育學系(備取,分發)"
CAND_2864,115,fcu_acc,逢甲大學,會計學系,逢甲大學 會計學系,1123,—,備取,—,—,未分發或放棄,2,逢甲大學 會計學系(通過); 淡江大學 會計學系(通過)
CAND_2865,115,fcu_acc,逢甲大學,會計學系,逢甲大學 會計學系,1123,—,備取,—,—,未分發或放棄,2,逢甲大學 會計學系(通過); 國立東華大學 會計學系(通過)
CAND_2866,115,fcu_acc,逢甲大學,會計學系,逢甲大學 會計學系,1134,—,備取,—,—,未分發或放棄,2,逢甲大學 會計學系(通過); 逢甲大學 行銷學系(通過)
CAND_2867,115,fcu_acc,逢甲大學,會計學系,逢甲大學 會計學系,1131,—,備取,—,—,未分發或放棄,2,逢甲大學 會計學系(通過); 淡江大學 會計學系(通過)
CAND_2868,115,fcu_acc,逢甲大學,會計學系,逢甲大學 會計學系,1132,—,備取,—,—,未分發或放棄,2,逢甲大學 會計學系(通過); 國立屏東大學 幼兒教育學系(通過)
CAND_2869,115,fcu_acc,逢甲大學,會計學系,逢甲大學 會計學系,113,—,備取,義守大學,義守大學 生物醫學工程學系,其他學校錄取,3,"逢甲大學 會計學系(通過); 國立東華大學 經濟學系(通過); 義守大學 生物醫學工程學系(備取,分發)"
CAND_2870,115,fcu_acc,逢甲大學,會計學系,逢甲大學 會計學系,1139,—,備取,—,—,未分發或放棄,5,逢甲大學 會計學系(通過); 亞洲大學 視光學系(通過); 亞洲大學 生物資訊與醫學工程學系醫學工程組(通過); 弘光科技大學醫療器材發展與應用系(通過); 元培醫事科技大學醫學影像暨放射技術系(通過)
CAND_2871,115,fcu_acc,逢甲大學,會計學系,逢甲大學 會計學系,113,—,備取,—,—,未分發或放棄,5,逢甲大學 會計學系(通過); 淡江大學 全球政治經濟學系全英語學士班(通過); 國立東華大學 會計學系(通過); 國立臺東大學 英美語文學系(通過); 文藻外語大學外語教學系(通過)
CAND_2872,115,fcu_acc,逢甲大學,會計學系,逢甲大學 會計學系,1134,—,備取,—,—,未分發或放棄,4,逢甲大學 會計學系(通過); 中原大學 會計學系(通過); 東海大學 國際學院國際經營管理學位學程(通過); 逢甲大學 金融學院學士班(通過)
CAND_2873,115,fcu_acc,逢甲大學,會計學系,逢甲大學 會計學系,113,吳*潔,備取,逢甲大學,逢甲大學 風險管理與保險學系,原校系/本校留任,2,"逢甲大學 會計學系(通過); 逢甲大學 風險管理與保險學系(正取,分發)"
CAND_2874,115,fcu_acc,逢甲大學,會計學系,逢甲大學 會計學系,113,—,備取,義守大學,義守大學 大眾傳播學系,其他學校錄取,3,"逢甲大學 會計學系(通過); 國立東華大學 觀光暨休閒遊憩學系(通過); 義守大學 大眾傳播學系(正取,分發)"
CAND_2875,115,fcu_acc,逢甲大學,會計學系,逢甲大學 會計學系,1941,—,備取,—,—,未分發或放棄,4,逢甲大學 會計學系(通過); 靜宜大學 食品營養學系(通過); 靜宜大學 化粧品科學系(通過); 靜宜大學 國際企業學系(通過)
CAND_2876,115,ntub_acc,國立臺北商業大學,會計資訊系,國立臺北商業大學 會計資訊系,56090057,吳*晴,正取,國立臺灣科技大學,國立臺灣科技大學企業管理系,其他學校錄取,6,"國立臺北商業大學會計資訊系(臺北校區)(正取); 國立臺灣科技大學企業管理系(正取,分發); 國立臺北科技大學經營管理系(正取); 國立臺北科技大學資訊與財金管理系(正取); 國立臺北商業大學財務金融系(臺北校區)(正取); 國立臺北商業大學財政稅務系(臺北校區)(通過)"
CAND_2877,115,ntub_acc,國立臺北商業大學,會計資訊系,國立臺北商業大學 會計資訊系,68090564,賴*緁,正取,國立臺北科技大學,國立臺北科技大學資訊與財金管理系,其他學校錄取,3,"國立臺北商業大學會計資訊系(臺北校區)(正取); 國立臺北科技大學資訊與財金管理系(正取,分發); 國立臺北商業大學財政稅務系(臺北校區)(正取)"
CAND_2878,115,ntub_acc,國立臺北商業大學,會計資訊系,國立臺北商業大學 會計資訊系,59090314,陳*凊,正取,國立臺北商業大學,國立臺北商業大學會計資訊系(臺北校區),原校系/本校留任,2,"國立臺北商業大學會計資訊系(臺北校區)(正取,分發); 國立臺灣科技大學企業管理系(正取)"
CAND_2879,115,ntub_acc,國立臺北商業大學,會計資訊系,國立臺北商業大學 會計資訊系,58090518,黄*,正取,國立臺北科技大學,國立臺北科技大學資訊與財金管理系,其他學校錄取,5,"國立臺北商業大學會計資訊系(臺北校區)(正取); 國立臺灣科技大學企業管理系(通過); 國立臺北科技大學工業工程與管理系(正取); 國立臺北科技大學資訊與財金管理系(備取,分發); 國立臺北商業大學財務金融系(臺北校區)(正取)"
CAND_2880,115,ntub_acc,國立臺北商業大學,會計資訊系,國立臺北商業大學 會計資訊系,52090105,李*,正取,—,—,未分發或放棄,5,國立臺北商業大學會計資訊系(臺北校區)(正取); 國立臺灣科技大學企業管理系(備取); 國立臺北科技大學經營管理系(正取); 國立臺北商業大學國際商務系(臺北校區)(正取); 國立臺北商業大學企業管理系(臺北校區)(正取)
CAND_2881,115,ntub_acc,國立臺北商業大學,會計資訊系,國立臺北商業大學 會計資訊系,61091352,許*閔,正取,國立臺灣科技大學,國立臺灣科技大學資訊管理系,其他學校錄取,4,"國立臺北商業大學會計資訊系(臺北校區)(正取); 國立臺灣科技大學資訊管理系(正取,分發); 國立臺北商業大學財務金融系(臺北校區)(通過); 國立臺北商業大學資訊管理系(臺北校區)(正取)"
CAND_2882,115,ntub_acc,國立臺北商業大學,會計資訊系,國立臺北商業大學 會計資訊系,69090043,—,正取,國立臺北商業大學,國立臺北商業大學財務金融系(臺北校區),原校系/本校留任,4,"國立臺北商業大學會計資訊系(臺北校區)(正取); 國立高雄科技大學金融系(正取); 國立臺北商業大學財務金融系(臺北校區)(正取,分發); 國立臺北商業大學財政稅務系(臺北校區)(正取)"
CAND_2883,115,ntub_acc,國立臺北商業大學,會計資訊系,國立臺北商業大學 會計資訊系,64090102,林*叡,正取,國立臺北商業大學,國立臺北商業大學會計資訊系(臺北校區),原校系/本校留任,4,"國立臺北商業大學會計資訊系(臺北校區)(正取,分發); 國立雲林科技大學會計系(正取); 國立臺中科技大學會計資訊系(通過); 國立臺北商業大學財務金融系(臺北校區)(通過)"
CAND_2884,115,ntub_acc,國立臺北商業大學,會計資訊系,國立臺北商業大學 會計資訊系,58090529,*潔,正取,國立臺北商業大學,國立臺北商業大學會計資訊系(臺北校區),原校系/本校留任,3,"國立臺北商業大學會計資訊系(臺北校區)(正取,分發); 國立雲林科技大學會計系(正取); 國立臺北商業大學財務金融系(臺北校區)(正取)"
CAND_2885,115,ntub_acc,國立臺北商業大學,會計資訊系,國立臺北商業大學 會計資訊系,56090171,許*翔,正取,國立臺北商業大學,國立臺北商業大學會計資訊系(臺北校區),原校系/本校留任,3,"國立臺北商業大學會計資訊系(臺北校區)(正取,分發); 國立臺北科技大學工業工程與管理系(通過); 國立臺北商業大學財務金融系(臺北校區)(正取)"
CAND_2886,115,ntub_acc,國立臺北商業大學,會計資訊系,國立臺北商業大學 會計資訊系,68090559,宋*甄,正取,國立高雄科技大學,國立高雄科技大學金融系,其他學校錄取,3,"國立臺北商業大學會計資訊系(臺北校區)(正取); 國立高雄科技大學金融系(正取,分發); 國立高雄科技大學財務管理系(正取)"
CAND_2887,115,ntub_acc,國立臺北商業大學,會計資訊系,國立臺北商業大學 會計資訊系,58090528,A*如,正取,國立臺北科技大學,國立臺北科技大學資訊與財金管理系,其他學校錄取,6,"國立臺北商業大學會計資訊系(臺北校區)(正取); 國立臺灣科技大學企業管理系(通過); 國立雲林科技大學財務金融系(通過); 國立臺北科技大學工業工程與管理系(正取); 國立臺北科技大學資訊與財金管理系(備取,分發); 國立臺北商業大學財務金融系(臺北校區)(正取)"
CAND_2888,115,ntub_acc,國立臺北商業大學,會計資訊系,國立臺北商業大學 會計資訊系,56090144,簡*軒,正取,國立臺北商業大學,國立臺北商業大學會計資訊系(臺北校區),原校系/本校留任,2,"國立臺北商業大學會計資訊系(臺北校區)(正取,分發); 國立臺北商業大學財務金融系(臺北校區)(備取)"
CAND_2889,115,ntub_acc,國立臺北商業大學,會計資訊系,國立臺北商業大學 會計資訊系,64090460,李*,正取,國立雲林科技大學,國立雲林科技大學會計系,其他學校錄取,6,"國立臺北商業大學會計資訊系(臺北校區)(正取); 國立雲林科技大學工業工程與管理系(通過); 國立雲林科技大學會計系(正取,分發); 國立臺北商業大學財政稅務系(臺北校區)(通過); 東海大學會計學系(正取); 中原大學會計學系(備取)"
CAND_2890,115,ntub_acc,國立臺北商業大學,會計資訊系,國立臺北商業大學 會計資訊系,64090401,何*喬,正取,國立臺灣科技大學,國立臺灣科技大學企業管理系,其他學校錄取,4,"國立臺北商業大學會計資訊系(臺北校區)(正取); 國立臺灣科技大學企業管理系(正取,分發); 國立臺北科技大學經營管理系(正取); 國立中正大學企業管理學系(正取)"
CAND_2891,115,ntub_acc,國立臺北商業大學,會計資訊系,國立臺北商業大學 會計資訊系,57090637,鄒*宏,正取,國立臺北科技大學,國立臺北科技大學經營管理系,其他學校錄取,5,"國立臺北商業大學會計資訊系(臺北校區)(正取); 國立臺北科技大學工業工程與管理系(備取); 國立臺北科技大學經營管理系(備取,分發); 國立臺北商業大學財務金融系(臺北校區)(備取); 國立臺北商業大學財政稅務系(臺北校區)(通過)"
CAND_2892,115,ntub_acc,國立臺北商業大學,會計資訊系,國立臺北商業大學 會計資訊系,56090019,黄*螢,正取,國立臺北商業大學,國立臺北商業大學會計資訊系(臺北校區),原校系/本校留任,4,"國立臺北商業大學會計資訊系(臺北校區)(正取,分發); 國立雲林科技大學會計系(備取); 國立臺北商業大學企業管理系(臺北校區)(正取); 中原大學會計學系(正取)"
CAND_2893,115,ntub_acc,國立臺北商業大學,會計資訊系,國立臺北商業大學 會計資訊系,55090223,蕭*媗,正取,國立臺北商業大學,國立臺北商業大學會計資訊系(臺北校區),原校系/本校留任,3,"國立臺北商業大學會計資訊系(臺北校區)(正取,分發); 國立臺北商業大學財政稅務系(臺北校區)(備取); 國立臺北商業大學企業管理系(臺北校區)(通過)"
CAND_2894,115,ntub_acc,國立臺北商業大學,會計資訊系,國立臺北商業大學 會計資訊系,52090281,*絜,正取,國立臺北商業大學,國立臺北商業大學會計資訊系(臺北校區),原校系/本校留任,5,"國立臺北商業大學會計資訊系(臺北校區)(正取,分發); 國立臺北商業大學財政稅務系(臺北校區)(備取); 致理科技大學會計資訊系(通過); 實踐大學會計學系(臺北校區)(通過); 大同大學事業與資訊經營學系(通過)"
CAND_2895,115,ntub_acc,國立臺北商業大學,會計資訊系,國立臺北商業大學 會計資訊系,61090053,*晴,正取,國立雲林科技大學,國立雲林科技大學會計系,其他學校錄取,5,"國立臺北商業大學會計資訊系(臺北校區)(正取); 國立雲林科技大學會計系(正取,分發); 國立臺北科技大學經營管理系(通過); 國立勤益科技大學企業管理系(正取); 國立臺中科技大學會計資訊系(正取)"
CAND_2896,115,ntub_acc,國立臺北商業大學,會計資訊系,國立臺北商業大學 會計資訊系,76090018,*明,正取,國立臺北科技大學,國立臺北科技大學經營管理系,其他學校錄取,6,"國立臺北商業大學會計資訊系(臺北校區)(正取); 國立臺北科技大學經營管理系(正取,分發); 國立臺北科技大學資訊與財金管理系(備取); 國立高雄科技大學企業管理系(正取); 國立臺北商業大學財政稅務系(臺北校區)(備取); 國立臺北商業大學企業管理系(臺北校區)(備取)"
CAND_2897,115,ntub_acc,國立臺北商業大學,會計資訊系,國立臺北商業大學 會計資訊系,61090442,周*,正取,國立雲林科技大學,國立雲林科技大學會計系,其他學校錄取,6,"國立臺北商業大學會計資訊系(臺北校區)(正取); 國立雲林科技大學會計系(正取,分發); 國立臺北科技大學資訊與財金管理系(通過); 國立高雄科技大學會計資訊系(通過); 國立臺北商業大學財務金融系(臺北校區)(通過); 國立臺北商業大學財政稅務系(臺北校區)(通過)"
CAND_2898,115,ntub_acc,國立臺北商業大學,會計資訊系,國立臺北商業大學 會計資訊系,61090289,宋*瑄,備取,國立雲林科技大學,國立雲林科技大學財務金融系,其他學校錄取,6,"國立臺北商業大學會計資訊系(臺北校區)(備取); 國立雲林科技大學財務金融系(正取,分發); 國立雲林科技大學會計系(正取); 國立臺北科技大學資訊與財金管理系(備取); 國立臺北商業大學財務金融系(臺北校區)(備取); 國立臺北商業大學財政稅務系(臺北校區)(正取)"
CAND_2899,115,ntub_acc,國立臺北商業大學,會計資訊系,國立臺北商業大學 會計資訊系,57090683,葉*妡,備取,國立臺北商業大學,國立臺北商業大學財政稅務系(臺北校區),原校系/本校留任,6,"國立臺北商業大學會計資訊系(臺北校區)(備取); 國立雲林科技大學會計系(正取); 國立臺北科技大學經營管理系(通過); 國立臺北商業大學財政稅務系(臺北校區)(正取,分發); 國立臺北商業大學國際商務系(臺北校區)(正取); 中原大學會計學系(備取)"
CAND_2900,115,ntub_acc,國立臺北商業大學,會計資訊系,國立臺北商業大學 會計資訊系,51090172,鄭*元,備取,國立臺北商業大學,國立臺北商業大學會計資訊系(臺北校區),原校系/本校留任,3,"國立臺北商業大學會計資訊系(臺北校區)(備取,分發); 國立臺北科技大學工業工程與管理系(備取); 國立臺北商業大學企業管理系(臺北校區)(通過)"
CAND_2901,115,ntub_acc,國立臺北商業大學,會計資訊系,國立臺北商業大學 會計資訊系,57090520,*頡,備取,國立雲林科技大學,國立雲林科技大學會計系,其他學校錄取,5,"國立臺北商業大學會計資訊系(臺北校區)(備取); 國立雲林科技大學會計系(正取,分發); 國立臺北科技大學工業工程與管理系(通過); 東海大學會計學系(備取); 中原大學會計學系(備取)"
CAND_2902,115,ntub_acc,國立臺北商業大學,會計資訊系,國立臺北商業大學 會計資訊系,66090106,楊*庭,備取,國立雲林科技大學,國立雲林科技大學會計系,其他學校錄取,5,"國立臺北商業大學會計資訊系(臺北校區)(備取); 國立雲林科技大學會計系(正取,分發); 國立臺北科技大學工業工程與管理系(備取); 國立彰化師範大學財務金融技術學系(正取); 逢甲大學國際經營與貿易學系(正取)"
CAND_2903,115,ntub_acc,國立臺北商業大學,會計資訊系,國立臺北商業大學 會計資訊系,59090130,何*,備取,國立臺北商業大學,國立臺北商業大學會計資訊系(臺北校區),原校系/本校留任,4,"國立臺北商業大學會計資訊系(臺北校區)(備取,分發); 國立雲林科技大學會計系(通過); 國立臺中科技大學財務金融系(通過); 國立臺北商業大學國際商務系(臺北校區)(通過)"
CAND_2904,115,ntub_acc,國立臺北商業大學,會計資訊系,國立臺北商業大學 會計資訊系,51540001,陳*承,備取,國立臺北科技大學,國立臺北科技大學工業工程與管理系,其他學校錄取,5,"國立臺北商業大學會計資訊系(臺北校區)(備取); 國立臺灣科技大學企業管理系(通過); 國立雲林科技大學企業管理系(正取); 國立雲林科技大學會計系(備取); 國立臺北科技大學工業工程與管理系(備取,分發)"
CAND_2905,115,ntub_acc,國立臺北商業大學,會計資訊系,國立臺北商業大學 會計資訊系,52090270,許*,備取,國立臺北商業大學,國立臺北商業大學會計資訊系(臺北校區),原校系/本校留任,2,"國立臺北商業大學會計資訊系(臺北校區)(備取,分發); 國立臺灣科技大學企業管理系(通過)"
CAND_2906,115,ntub_acc,國立臺北商業大學,會計資訊系,國立臺北商業大學 會計資訊系,52090310,李*栩,備取,國立臺北商業大學,國立臺北商業大學會計資訊系(臺北校區),原校系/本校留任,4,"國立臺北商業大學會計資訊系(臺北校區)(備取,分發); 國立雲林科技大學會計系(通過); 國立臺北科技大學工業工程與管理系(備取); 國立臺北科技大學經營管理系(通過)"
CAND_2907,115,ntub_acc,國立臺北商業大學,會計資訊系,國立臺北商業大學 會計資訊系,59090120,—,備取,國立雲林科技大學,國立雲林科技大學會計系,其他學校錄取,3,"國立臺北商業大學會計資訊系(臺北校區)(備取); 國立雲林科技大學會計系(正取,分發); 國立臺北商業大學財政稅務系(臺北校區)(正取)"
CAND_2908,115,ntub_acc,國立臺北商業大學,會計資訊系,國立臺北商業大學 會計資訊系,65090035,賴*岑,備取,國立雲林科技大學,國立雲林科技大學會計系,其他學校錄取,2,"國立臺北商業大學會計資訊系(臺北校區)(備取); 國立雲林科技大學會計系(備取,分發)"
CAND_2909,115,ntub_acc,國立臺北商業大學,會計資訊系,國立臺北商業大學 會計資訊系,76090047,李*蓉,備取,國立臺北科技大學,國立臺北科技大學工業工程與管理系,其他學校錄取,6,"國立臺北商業大學會計資訊系(臺北校區)(備取); 國立雲林科技大學財務金融系(正取); 國立臺北科技大學工業工程與管理系(正取,分發); 國立臺中科技大學財務金融系(通過); 國立臺北商業大學財務金融系(臺北校區)(備取); 國立臺北商業大學財政稅務系(臺北校區)(備取)"
CAND_2910,115,ntub_acc,國立臺北商業大學,會計資訊系,國立臺北商業大學 會計資訊系,76090050,謝*玲,備取,國立臺北科技大學,國立臺北科技大學工業工程與管理系,其他學校錄取,6,"國立臺北商業大學會計資訊系(臺北校區)(備取); 國立臺北科技大學工業工程與管理系(正取,分發); 國立高雄科技大學工業工程與管理系(正取); 國立高雄科技大學財務管理系(通過); 國立勤益科技大學資訊管理系(正取); 國立臺中科技大學資訊管理系(正取)"
CAND_2911,115,ntub_acc,國立臺北商業大學,會計資訊系,國立臺北商業大學 會計資訊系,55090169,—,備取,國立臺北商業大學,國立臺北商業大學會計資訊系(臺北校區),原校系/本校留任,2,"國立臺北商業大學會計資訊系(臺北校區)(備取,分發); 國立臺北商業大學企業管理系(臺北校區)(正取)"
CAND_2912,115,ntub_acc,國立臺北商業大學,會計資訊系,國立臺北商業大學 會計資訊系,52090608,陳*庭,備取,國立臺北護理健康大學,國立臺北護理健康大學資訊管理系,其他學校錄取,4,"國立臺北商業大學會計資訊系(臺北校區)(備取); 國立臺北護理健康大學健康事業管理系(通過); 國立臺北護理健康大學資訊管理系(備取,分發); 國立臺中科技大學財政稅務系(正取)"
CAND_2913,115,ntub_acc,國立臺北商業大學,會計資訊系,國立臺北商業大學 會計資訊系,55090503,吳*穎,備取,—,—,未分發或放棄,2,國立臺北商業大學會計資訊系(臺北校區)(備取); 國立高雄科技大學會計資訊系(通過)
CAND_2914,115,ntub_acc,國立臺北商業大學,會計資訊系,國立臺北商業大學 會計資訊系,51090054,鄭*凱,備取,—,—,未分發或放棄,3,國立臺北商業大學會計資訊系(臺北校區)(通過); 國立雲林科技大學會計系(通過); 國立高雄科技大學會計資訊系(通過)
CAND_2915,115,ntub_acc,國立臺北商業大學,會計資訊系,國立臺北商業大學 會計資訊系,51090088,*庭,備取,國立臺北科技大學,國立臺北科技大學工業工程與管理系,其他學校錄取,3,"國立臺北商業大學會計資訊系(臺北校區)(通過); 國立臺北科技大學工業工程與管理系(正取,分發); 國立臺北商業大學財務金融系(臺北校區)(通過)"
CAND_2916,115,ntub_acc,國立臺北商業大學,會計資訊系,國立臺北商業大學 會計資訊系,51090113,郭*謙,備取,—,—,未分發或放棄,4,國立臺北商業大學會計資訊系(臺北校區)(通過); 國立臺灣科技大學企業管理系(通過); 國立臺北科技大學資訊與財金管理系(通過); 國立臺北商業大學企業管理系(臺北校區)(通過)
CAND_2917,115,ntub_acc,國立臺北商業大學,會計資訊系,國立臺北商業大學 會計資訊系,52090572,張*宇,備取,國立臺灣科技大學,國立臺灣科技大學資訊管理系,其他學校錄取,6,"國立臺北商業大學會計資訊系(臺北校區)(通過); 國立臺灣科技大學資訊管理系(正取,分發); 國立臺北科技大學工業工程與管理系(正取); 國立臺北科技大學資訊與財金管理系(備取); 國立臺北商業大學財務金融系(臺北校區)(通過); 國立臺北商業大學資訊管理系(臺北校區)(通過)"
CAND_2918,115,ntub_acc,國立臺北商業大學,會計資訊系,國立臺北商業大學 會計資訊系,54090428,潘*,備取,國立臺北科技大學,國立臺北科技大學資訊與財金管理系,其他學校錄取,4,"國立臺北商業大學會計資訊系(臺北校區)(通過); 國立臺灣科技大學企業管理系(通過); 國立臺北科技大學經營管理系(正取); 國立臺北科技大學資訊與財金管理系(備取,分發)"
CAND_2919,115,ntub_acc,國立臺北商業大學,會計資訊系,國立臺北商業大學 會計資訊系,55090287,鄭*潔,備取,—,—,未分發或放棄,2,國立臺北商業大學會計資訊系(臺北校區)(通過); 國立臺灣科技大學企業管理系(通過)
CAND_2920,115,ntub_acc,國立臺北商業大學,會計資訊系,國立臺北商業大學 會計資訊系,55090421,李*瑀,備取,—,—,未分發或放棄,1,國立臺北商業大學會計資訊系(臺北校區)(通過)
CAND_2921,115,ntub_acc,國立臺北商業大學,會計資訊系,國立臺北商業大學 會計資訊系,56090069,黄*有,備取,國立臺北科技大學,國立臺北科技大學工業工程與管理系,其他學校錄取,6,"國立臺北商業大學會計資訊系(臺北校區)(通過); 國立臺灣科技大學企業管理系(通過); 國立臺北科技大學工業工程與管理系(備取,分發); 國立臺北科技大學經營管理系(通過); 國立臺北商業大學財政稅務系(臺北校區)(正取); 國立彰化師範大學財務金融技術學系(通過)"
CAND_2922,115,ntub_acc,國立臺北商業大學,會計資訊系,國立臺北商業大學 會計資訊系,56090374,許*綺,備取,—,—,未分發或放棄,1,國立臺北商業大學會計資訊系(臺北校區)(通過)
CAND_2923,115,ntub_acc,國立臺北商業大學,會計資訊系,國立臺北商業大學 會計資訊系,57090138,李*,備取,國立臺灣科技大學,國立臺灣科技大學企業管理系,其他學校錄取,6,"國立臺北商業大學會計資訊系(臺北校區)(通過); 國立臺灣科技大學企業管理系(備取,分發); 國立臺北科技大學資訊與財金管理系(通過); 國立臺北商業大學財務金融系(臺北校區)(正取); 國立臺北商業大學資訊管理系(臺北校區)(通過); 國立彰化師範大學財務金融技術學系(通過)"
CAND_2924,115,ntub_acc,國立臺北商業大學,會計資訊系,國立臺北商業大學 會計資訊系,57090717,陳*元,備取,—,—,未分發或放棄,3,國立臺北商業大學會計資訊系(臺北校區)(通過); 國立臺灣科技大學企業管理系(通過); 國立高雄科技大學金融系(通過)
CAND_2925,115,ntub_acc,國立臺北商業大學,會計資訊系,國立臺北商業大學 會計資訊系,57090767,*綺,備取,國立臺灣科技大學,國立臺灣科技大學企業管理系,其他學校錄取,6,"國立臺北商業大學會計資訊系(臺北校區)(通過); 國立臺灣科技大學企業管理系(正取,分發); 國立臺北科技大學經營管理系(備取); 國立臺北科技大學資訊與財金管理系(備取); 國立臺北商業大學財務金融系(臺北校區)(通過); 中原大學會計學系(正取)"
CAND_2926,115,ntub_acc,國立臺北商業大學,會計資訊系,國立臺北商業大學 會計資訊系,57090932,葉*喻,備取,國立臺北科技大學,國立臺北科技大學經營管理系,其他學校錄取,6,"國立臺北商業大學會計資訊系(臺北校區)(通過); 國立臺灣科技大學企業管理系(通過); 國立雲林科技大學會計系(通過); 國立臺北科技大學工業工程與管理系(正取); 國立臺北科技大學經營管理系(正取,分發); 國立彰化師範大學財務金融技術學系(通過)"
CAND_2927,115,ntub_acc,國立臺北商業大學,會計資訊系,國立臺北商業大學 會計資訊系,58090289,郭*熙,備取,—,—,未分發或放棄,2,國立臺北商業大學會計資訊系(臺北校區)(通過); 國立雲林科技大學會計系(通過)
CAND_2928,115,ntub_acc,國立臺北商業大學,會計資訊系,國立臺北商業大學 會計資訊系,58090392,*泉,備取,國立臺灣科技大學,國立臺灣科技大學企業管理系,其他學校錄取,2,"國立臺北商業大學會計資訊系(臺北校區)(通過); 國立臺灣科技大學企業管理系(正取,分發)"
CAND_2929,115,ntub_acc,國立臺北商業大學,會計資訊系,國立臺北商業大學 會計資訊系,58090527,*錡,備取,國立臺灣科技大學,國立臺灣科技大學企業管理系,其他學校錄取,5,"國立臺北商業大學會計資訊系(臺北校區)(通過); 國立臺灣科技大學企業管理系(正取,分發); 國立雲林科技大學會計系(通過); 國立臺北科技大學經營管理系(正取); 國立臺北商業大學財務金融系(臺北校區)(通過)"
CAND_2930,115,ntub_acc,國立臺北商業大學,會計資訊系,國立臺北商業大學 會計資訊系,58090538,范*榕,備取,國立臺北科技大學,國立臺北科技大學工業工程與管理系,其他學校錄取,4,"國立臺北商業大學會計資訊系(臺北校區)(通過); 國立臺北科技大學工業工程與管理系(正取,分發); 國立臺北科技大學資訊與財金管理系(備取); 國立臺北商業大學財務金融系(臺北校區)(通過)"
CAND_2931,115,ntub_acc,國立臺北商業大學,會計資訊系,國立臺北商業大學 會計資訊系,59090332,*岑,備取,—,—,未分發或放棄,2,國立臺北商業大學會計資訊系(臺北校區)(通過); 國立臺北科技大學工業工程與管理系(通過)
CAND_2932,115,ntub_acc,國立臺北商業大學,會計資訊系,國立臺北商業大學 會計資訊系,61090244,*甯,備取,逢甲大學,逢甲大學會計學系,其他學校錄取,4,"國立臺北商業大學會計資訊系(臺北校區)(通過); 國立雲林科技大學會計系(通過); 中原大學會計學系(備取); 逢甲大學會計學系(正取,分發)"
CAND_2933,115,ntub_acc,國立臺北商業大學,會計資訊系,國立臺北商業大學 會計資訊系,61090589,葵*,備取,國立臺北科技大學,國立臺北科技大學經營管理系,其他學校錄取,3,"國立臺北商業大學會計資訊系(臺北校區)(通過); 國立臺灣科技大學企業管理系(通過); 國立臺北科技大學經營管理系(正取,分發)"
CAND_2934,115,ntub_acc,國立臺北商業大學,會計資訊系,國立臺北商業大學 會計資訊系,61090705,*綾,備取,國立雲林科技大學,國立雲林科技大學財務金融系,其他學校錄取,6,"國立臺北商業大學會計資訊系(臺北校區)(通過); 國立雲林科技大學財務金融系(正取,分發); 國立雲林科技大學會計系(正取); 國立臺北科技大學工業工程與管理系(通過); 國立臺北商業大學財務金融系(臺北校區)(通過); 國立彰化師範大學財務金融技術學系(通過)"
CAND_2935,115,ntub_acc,國立臺北商業大學,會計資訊系,國立臺北商業大學 會計資訊系,68090363,李*,備取,國立雲林科技大學,國立雲林科技大學會計系,其他學校錄取,5,"國立臺北商業大學會計資訊系(臺北校區)(通過); 國立雲林科技大學財務金融系(正取); 國立雲林科技大學會計系(正取,分發); 國立臺北商業大學財政稅務系(臺北校區)(通過); 國立彰化師範大學財務金融技術學系(正取)"
CAND_2936,115,ntub_acc,國立臺北商業大學,會計資訊系,國立臺北商業大學 會計資訊系,68090553,*豪,備取,—,—,未分發或放棄,5,國立臺北商業大學會計資訊系(臺北校區)(通過); 國立臺北科技大學工業工程與管理系(通過); 國立高雄科技大學工業工程與管理系(通過); 國立高雄科技大學運籌管理系(通過); 國立臺北商業大學財務金融系(臺北校區)(通過)
CAND_2937,115,ntub_acc,國立臺北商業大學,會計資訊系,國立臺北商業大學 會計資訊系,70090691,李*道,備取,—,—,未分發或放棄,2,國立臺北商業大學會計資訊系(臺北校區)(通過); 國立雲林科技大學會計系(通過)
CAND_2938,115,ntub_acc,國立臺北商業大學,會計資訊系,國立臺北商業大學 會計資訊系,70090858,李*恩,備取,—,—,未分發或放棄,2,國立臺北商業大學會計資訊系(臺北校區)(通過); 國立臺灣科技大學企業管理系(通過)
CAND_2939,114,ntub_acc,國立臺北商業大學,會計資訊系,國立臺北商業大學 會計資訊系,59090477,陳*昇,正取,國立成功大學,國立成功大學會計學系,其他學校錄取,5,"國立臺北商業大學會計資訊系(臺北校區)(正取); 國立成功大學會計學系(正取,分發); 國立中興大學應用經濟學系(備取); 國立中央大學經濟學系(正取); 國立中正大學經濟學系(正取)"
CAND_2940,114,ntub_acc,國立臺北商業大學,會計資訊系,國立臺北商業大學 會計資訊系,61090563,陳*橋,正取,國立臺北科技大學,國立臺北科技大學資訊與財金管理系,其他學校錄取,3,"國立臺北商業大學會計資訊系(臺北校區)(正取); 國立臺灣科技大學企業管理系(通過); 國立臺北科技大學資訊與財金管理系(正取,分發)"
CAND_2941,114,ntub_acc,國立臺北商業大學,會計資訊系,國立臺北商業大學 會計資訊系,56090380,陳*蓉,正取,國立臺北商業大學,國立臺北商業大學會計資訊系(臺北校區),原校系/本校留任,2,"國立臺北商業大學會計資訊系(臺北校區)(正取,分發); 國立雲林科技大學會計系(通過)"
CAND_2942,114,ntub_acc,國立臺北商業大學,會計資訊系,國立臺北商業大學 會計資訊系,70090322,吳*,正取,國立臺北商業大學,國立臺北商業大學會計資訊系(臺北校區),原校系/本校留任,1,"國立臺北商業大學會計資訊系(臺北校區)(正取,分發)"
CAND_2943,114,ntub_acc,國立臺北商業大學,會計資訊系,國立臺北商業大學 會計資訊系,57090486,邱*程,正取,國立臺北商業大學,國立臺北商業大學會計資訊系(臺北校區),原校系/本校留任,4,"國立臺北商業大學會計資訊系(臺北校區)(正取,分發); 國立雲林科技大學會計系(通過); 中原大學會計學系(通過); 中原大學資訊管理學系(通過)"
CAND_2944,114,ntub_acc,國立臺北商業大學,會計資訊系,國立臺北商業大學 會計資訊系,55090473,陳*,正取,國立臺北科技大學,國立臺北科技大學資訊與財金管理系,其他學校錄取,4,"國立臺北商業大學會計資訊系(臺北校區)(正取); 國立雲林科技大學資訊管理系(正取); 國立臺北科技大學資訊與財金管理系(正取,分發); 國立高雄科技大學資訊管理系(通過)"
CAND_2945,114,ntub_acc,國立臺北商業大學,會計資訊系,國立臺北商業大學 會計資訊系,67090278,張*瑜,正取,國立雲林科技大學,國立雲林科技大學會計系,其他學校錄取,6,"國立臺北商業大學會計資訊系(臺北校區)(正取); 國立雲林科技大學財務金融系(正取); 國立雲林科技大學會計系(正取,分發); 國立高雄科技大學財務管理系(通過); 國立高雄科技大學會計資訊系(通過); 國立臺中科技大學財務金融系(通過)"
CAND_2946,114,ntub_acc,國立臺北商業大學,會計資訊系,國立臺北商業大學 會計資訊系,64090315,柯*,正取,國立臺北商業大學,國立臺北商業大學會計資訊系(臺北校區),原校系/本校留任,6,"國立臺北商業大學會計資訊系(臺北校區)(正取,分發); 國立雲林科技大學會計系(備取); 國立彰化師範大學財務金融技術學系(正取); 逢甲大學會計學系(正取); 逢甲大學財稅學系(通過); 逢甲大學財務金融學系(通過)"
CAND_2947,114,ntub_acc,國立臺北商業大學,會計資訊系,國立臺北商業大學 會計資訊系,56090370,林*穎,正取,國立臺北商業大學,國立臺北商業大學會計資訊系(臺北校區),原校系/本校留任,4,"國立臺北商業大學會計資訊系(臺北校區)(正取,分發); 國立臺北護理健康大學高齡健康照護系(正取); 國立臺北護理健康大學健康事業管理系(正取); 國立臺中科技大學會計資訊系(通過)"
CAND_2948,114,ntub_acc,國立臺北商業大學,會計資訊系,國立臺北商業大學 會計資訊系,56090236,許*璇,正取,國立臺北科技大學,國立臺北科技大學經營管理系,其他學校錄取,6,"國立臺北商業大學會計資訊系(臺北校區)(正取); 國立臺灣科技大學企業管理系(通過); 國立雲林科技大學財務金融系(通過); 國立臺北科技大學經營管理系(正取,分發); 國立臺北科技大學資訊與財金管理系(備取); 國立彰化師範大學財務金融技術學系(正取)"
CAND_2949,114,ntub_acc,國立臺北商業大學,會計資訊系,國立臺北商業大學 會計資訊系,61091657,陳*女,正取,國立雲林科技大學,國立雲林科技大學會計系,其他學校錄取,3,"國立臺北商業大學會計資訊系(臺北校區)(正取); 國立雲林科技大學會計系(正取,分發); 國立臺中科技大學會計資訊系(通過)"
CAND_2950,114,ntub_acc,國立臺北商業大學,會計資訊系,國立臺北商業大學 會計資訊系,58090061,林*,正取,國立臺北商業大學,國立臺北商業大學會計資訊系(臺北校區),原校系/本校留任,2,"國立臺北商業大學會計資訊系(臺北校區)(正取,分發); 國立臺北科技大學資訊與財金管理系(備取)"
CAND_2951,114,ntub_acc,國立臺北商業大學,會計資訊系,國立臺北商業大學 會計資訊系,61091363,陳*芳,正取,國立雲林科技大學,國立雲林科技大學會計系,其他學校錄取,4,"國立臺北商業大學會計資訊系(臺北校區)(正取); 國立雲林科技大學會計系(正取,分發); 中原大學會計學系(通過); 逢甲大學會計學系(通過)"
CAND_2952,114,ntub_acc,國立臺北商業大學,會計資訊系,國立臺北商業大學 會計資訊系,58090321,陳*,正取,國立臺北科技大學,國立臺北科技大學工業工程與管理系,其他學校錄取,3,"國立臺北商業大學會計資訊系(臺北校區)(正取); 國立臺北科技大學工業工程與管理系(正取,分發); 國立臺北科技大學經營管理系(備取)"
CAND_2953,114,ntub_acc,國立臺北商業大學,會計資訊系,國立臺北商業大學 會計資訊系,61090493,許*,正取,—,—,未分發或放棄,1,國立臺北商業大學會計資訊系(臺北校區)(正取)
CAND_2954,114,ntub_acc,國立臺北商業大學,會計資訊系,國立臺北商業大學 會計資訊系,52090094,趙*靚,正取,國立臺北商業大學,國立臺北商業大學會計資訊系(臺北校區),原校系/本校留任,1,"國立臺北商業大學會計資訊系(臺北校區)(正取,分發)"
CAND_2955,114,ntub_acc,國立臺北商業大學,會計資訊系,國立臺北商業大學 會計資訊系,70090083,陳*岑,正取,國立臺北商業大學,國立臺北商業大學會計資訊系(臺北校區),原校系/本校留任,4,"國立臺北商業大學會計資訊系(臺北校區)(正取,分發); 國立雲林科技大學會計系(通過); 國立臺北科技大學經營管理系(備取); 國立高雄科技大學運籌管理系(通過)"
CAND_2956,114,ntub_acc,國立臺北商業大學,會計資訊系,國立臺北商業大學 會計資訊系,76090034,林*,正取,國立高雄科技大學,國立高雄科技大學會計資訊系,其他學校錄取,4,"國立臺北商業大學會計資訊系(臺北校區)(正取); 國立高雄科技大學會計資訊系(正取,分發); 國立高雄科技大學金融資訊系(正取); 國立臺中科技大學會計資訊系(正取)"
CAND_2957,114,ntub_acc,國立臺北商業大學,會計資訊系,國立臺北商業大學 會計資訊系,57090522,黄*瑄,備取,國立臺北商業大學,國立臺北商業大學會計資訊系(臺北校區),原校系/本校留任,3,"國立臺北商業大學會計資訊系(臺北校區)(備取,分發); 國立雲林科技大學會計系(通過); 中原大學會計學系(正取)"
CAND_2958,114,ntub_acc,國立臺北商業大學,會計資訊系,國立臺北商業大學 會計資訊系,66090011,陳*達,備取,國立雲林科技大學,國立雲林科技大學會計系,其他學校錄取,4,"國立臺北商業大學會計資訊系(臺北校區)(備取); 國立雲林科技大學會計系(正取,分發); 國立高雄科技大學會計資訊系(正取); 國立臺中科技大學會計資訊系(通過)"
CAND_2959,114,ntub_acc,國立臺北商業大學,會計資訊系,國立臺北商業大學 會計資訊系,64090379,李*箏,備取,國立臺北商業大學,國立臺北商業大學會計資訊系(臺北校區),原校系/本校留任,6,"國立臺北商業大學會計資訊系(臺北校區)(備取,分發); 國立雲林科技大學財務金融系(通過); 國立雲林科技大學會計系(正取); 國立高雄科技大學金融資訊系(通過); 國立彰化師範大學財務金融技術學系(備取); 淡江大學會計學系(通過)"
CAND_2960,114,ntub_acc,國立臺北商業大學,會計資訊系,國立臺北商業大學 會計資訊系,59090046,*晨,備取,國立臺北商業大學,國立臺北商業大學會計資訊系(臺北校區),原校系/本校留任,3,"國立臺北商業大學會計資訊系(臺北校區)(備取,分發); 國立雲林科技大學會計系(通過); 逢甲大學會計學系(通過)"
CAND_2961,114,ntub_acc,國立臺北商業大學,會計資訊系,國立臺北商業大學 會計資訊系,52090505,曹*允,備取,國立臺北商業大學,國立臺北商業大學會計資訊系(臺北校區),原校系/本校留任,4,"國立臺北商業大學會計資訊系(臺北校區)(備取,分發); 國立雲林科技大學會計系(通過); 國立高雄科技大學航運管理系(通過); 國立臺中科技大學會計資訊系(正取)"
CAND_2962,114,ntub_acc,國立臺北商業大學,會計資訊系,國立臺北商業大學 會計資訊系,64090172,黄*茜,備取,國立雲林科技大學,國立雲林科技大學會計系,其他學校錄取,2,"國立臺北商業大學會計資訊系(臺北校區)(備取); 國立雲林科技大學會計系(正取,分發)"
CAND_2963,114,ntub_acc,國立臺北商業大學,會計資訊系,國立臺北商業大學 會計資訊系,61090825,陳*羽,備取,國立臺北商業大學,國立臺北商業大學會計資訊系(臺北校區),原校系/本校留任,1,"國立臺北商業大學會計資訊系(臺北校區)(備取,分發)"
CAND_2964,114,ntub_acc,國立臺北商業大學,會計資訊系,國立臺北商業大學 會計資訊系,52090373,高*,備取,國立臺北商業大學,國立臺北商業大學會計資訊系(臺北校區),原校系/本校留任,3,"國立臺北商業大學會計資訊系(臺北校區)(備取,分發); 國立雲林科技大學財務金融系(通過); 國立雲林科技大學會計系(通過)"
CAND_2965,114,ntub_acc,國立臺北商業大學,會計資訊系,國立臺北商業大學 會計資訊系,64090282,汪*庭,備取,國立臺北商業大學,國立臺北商業大學會計資訊系(臺北校區),原校系/本校留任,2,"國立臺北商業大學會計資訊系(臺北校區)(備取,分發); 國立雲林科技大學會計系(備取)"
CAND_2966,114,ntub_acc,國立臺北商業大學,會計資訊系,國立臺北商業大學 會計資訊系,67090322,林*,備取,國立臺北商業大學,國立臺北商業大學會計資訊系(臺北校區),原校系/本校留任,2,"國立臺北商業大學會計資訊系(臺北校區)(備取,分發); 國立雲林科技大學會計系(正取)"
CAND_2967,114,ntub_acc,國立臺北商業大學,會計資訊系,國立臺北商業大學 會計資訊系,70090650,蘇*永,備取,—,—,未分發或放棄,4,國立臺北商業大學會計資訊系(臺北校區)(備取); 國立雲林科技大學會計系(通過); 國立臺中科技大學會計資訊系(通過); 國立彰化師範大學財務金融技術學系(通過)
CAND_2968,114,ntub_acc,國立臺北商業大學,會計資訊系,國立臺北商業大學 會計資訊系,68090097,—,備取,國立雲林科技大學,國立雲林科技大學財務金融系,其他學校錄取,3,"國立臺北商業大學會計資訊系(臺北校區)(備取); 國立雲林科技大學財務金融系(備取,分發); 國立雲林科技大學會計系(備取)"
CAND_2969,114,ntub_acc,國立臺北商業大學,會計資訊系,國立臺北商業大學 會計資訊系,59090182,葵*沂,備取,國立雲林科技大學,國立雲林科技大學會計系,其他學校錄取,3,"國立臺北商業大學會計資訊系(臺北校區)(備取); 國立雲林科技大學資訊管理系(通過); 國立雲林科技大學會計系(正取,分發)"
CAND_2970,114,ntub_acc,國立臺北商業大學,會計資訊系,國立臺北商業大學 會計資訊系,58090176,陳*宇,備取,國立臺北科技大學,國立臺北科技大學經營管理系,其他學校錄取,3,"國立臺北商業大學會計資訊系(臺北校區)(備取); 國立臺北科技大學工業工程與管理系(備取); 國立臺北科技大學經營管理系(備取,分發)"
CAND_2971,114,ntub_acc,國立臺北商業大學,會計資訊系,國立臺北商業大學 會計資訊系,61090857,賴*,備取,國立雲林科技大學,國立雲林科技大學會計系,其他學校錄取,4,"國立臺北商業大學會計資訊系(臺北校區)(備取); 國立雲林科技大學會計系(備取,分發); 國立高雄科技大學財務管理系(通過); 國立高雄科技大學航運管理系(通過)"
CAND_2972,114,ntub_acc,國立臺北商業大學,會計資訊系,國立臺北商業大學 會計資訊系,68090238,葵*瑄,備取,國立雲林科技大學,國立雲林科技大學會計系,其他學校錄取,4,"國立臺北商業大學會計資訊系(臺北校區)(備取); 國立雲林科技大學會計系(正取,分發); 國立臺北科技大學工業工程與管理系(備取); 國立高雄科技大學工業工程與管理系(正取)"
CAND_2973,114,ntub_acc,國立臺北商業大學,會計資訊系,國立臺北商業大學 會計資訊系,63090469,林*廷,備取,國立臺北商業大學,國立臺北商業大學會計資訊系(臺北校區),原校系/本校留任,4,"國立臺北商業大學會計資訊系(臺北校區)(備取,分發); 國立雲林科技大學會計系(備取); 國立臺中科技大學會計資訊系(正取); 國立彰化師範大學財務金融技術學系(備取)"
CAND_2974,114,ntub_acc,國立臺北商業大學,會計資訊系,國立臺北商業大學 會計資訊系,57090882,林*J,備取,中原大學,中原大學會計學系,其他學校錄取,4,"國立臺北商業大學會計資訊系(臺北校區)(備取); 國立雲林科技大學會計系(備取); 國立彰化師範大學財務金融技術學系(正取); 中原大學會計學系(正取,分發)"
CAND_2975,114,ntub_acc,國立臺北商業大學,會計資訊系,國立臺北商業大學 會計資訊系,52090781,謝*珈,備取,國立雲林科技大學,國立雲林科技大學會計系,其他學校錄取,5,"國立臺北商業大學會計資訊系(臺北校區)(備取); 國立雲林科技大學會計系(正取,分發); 國立高雄科技大學會計資訊系(正取); 國立高雄科技大學財政稅務系(正取); 國立臺中科技大學會計資訊系(備取)"
CAND_2976,114,ntub_acc,國立臺北商業大學,會計資訊系,國立臺北商業大學 會計資訊系,70090994,陳*驊,備取,國立彰化師範大學,國立彰化師範大學財務金融技術學系,其他學校錄取,4,"國立臺北商業大學會計資訊系(臺北校區)(備取); 國立雲林科技大學會計系(備取); 國立高雄科技大學金融系(通過); 國立彰化師範大學財務金融技術學系(備取,分發)"
CAND_2977,114,ntub_acc,國立臺北商業大學,會計資訊系,國立臺北商業大學 會計資訊系,64090052,董*鳴,備取,—,—,未分發或放棄,3,國立臺北商業大學會計資訊系(臺北校區)(備取); 國立雲林科技大學財務金融系(通過); 國立臺北科技大學經營管理系(備取)
CAND_2978,114,ntub_acc,國立臺北商業大學,會計資訊系,國立臺北商業大學 會計資訊系,51090267,高*,備取,—,—,未分發或放棄,4,國立臺北商業大學會計資訊系(臺北校區)(備取); 國立雲林科技大學會計系(備取); 國立虎尾科技大學財務金融系(通過); 國立臺中科技大學會計資訊系(通過)
CAND_2979,114,ntub_acc,國立臺北商業大學,會計資訊系,國立臺北商業大學 會計資訊系,61090945,邱*琪,備取,國立彰化師範大學,國立彰化師範大學財務金融技術學系,其他學校錄取,5,"國立臺北商業大學會計資訊系(臺北校區)(備取); 國立雲林科技大學會計系(通過); 國立高雄科技大學會計資訊系(通過); 國立臺中科技大學財務金融系(正取); 國立彰化師範大學財務金融技術學系(正取,分發)"
CAND_2980,114,ntub_acc,國立臺北商業大學,會計資訊系,國立臺北商業大學 會計資訊系,61090903,黄*,備取,國立高雄科技大學,國立高雄科技大學財務管理系,其他學校錄取,4,"國立臺北商業大學會計資訊系(臺北校區)(備取); 國立雲林科技大學會計系(備取); 國立高雄科技大學財務管理系(備取,分發); 國立臺中科技大學會計資訊系(備取)"
CAND_2981,114,ntub_acc,國立臺北商業大學,會計資訊系,國立臺北商業大學 會計資訊系,64090374,柯*岑,備取,—,—,未分發或放棄,3,國立臺北商業大學會計資訊系(臺北校區)(備取); 國立高雄科技大學金融系(通過); 國立臺中科技大學會計資訊系(通過)
CAND_2982,114,ntub_acc,國立臺北商業大學,會計資訊系,國立臺北商業大學 會計資訊系,52090073,*學,備取,—,—,未分發或放棄,1,國立臺北商業大學會計資訊系(臺北校區)(備取)
CAND_2983,114,ntub_acc,國立臺北商業大學,會計資訊系,國立臺北商業大學 會計資訊系,51090012,游*,備取,—,—,未分發或放棄,2,國立臺北商業大學會計資訊系(臺北校區)(通過); 國立臺北科技大學工業工程與管理系(通過)
CAND_2984,114,ntub_acc,國立臺北商業大學,會計資訊系,國立臺北商業大學 會計資訊系,55090373,陳*,備取,—,—,未分發或放棄,6,國立臺北商業大學會計資訊系(臺北校區)(通過); 國立臺灣科技大學企業管理系(通過); 國立臺北科技大學經營管理系(通過); 國立臺北科技大學資訊與財金管理系(通過); 國立高雄科技大學金融系(通過); 國立高雄科技大學財務管理系(通過)
CAND_2985,114,ntub_acc,國立臺北商業大學,會計資訊系,國立臺北商業大學 會計資訊系,57090465,鄧*,備取,—,—,未分發或放棄,1,國立臺北商業大學會計資訊系(臺北校區)(通過)
CAND_2986,114,ntub_acc,國立臺北商業大學,會計資訊系,國立臺北商業大學 會計資訊系,59090361,林*凱,備取,國立臺北科技大學,國立臺北科技大學經營管理系,其他學校錄取,2,"國立臺北商業大學會計資訊系(臺北校區)(通過); 國立臺北科技大學經營管理系(備取,分發)"
CAND_2987,114,ntub_acc,國立臺北商業大學,會計資訊系,國立臺北商業大學 會計資訊系,59090365,A*盲,備取,國立高雄科技大學,國立高雄科技大學財務管理系,其他學校錄取,5,"國立臺北商業大學會計資訊系(臺北校區)(通過); 國立雲林科技大學財務金融系(通過); 國立雲林科技大學會計系(備取); 國立高雄科技大學金融系(通過); 國立高雄科技大學財務管理系(備取,分發)"
CAND_2988,114,ntub_acc,國立臺北商業大學,會計資訊系,國立臺北商業大學 會計資訊系,61090573,*恩,備取,—,—,未分發或放棄,2,國立臺北商業大學會計資訊系(臺北校區)(通過); 國立高雄科技大學金融資訊系(通過)
CAND_2989,114,ntub_acc,國立臺北商業大學,會計資訊系,國立臺北商業大學 會計資訊系,61090769,江*永,備取,國立雲林科技大學,國立雲林科技大學財務金融系,其他學校錄取,6,"國立臺北商業大學會計資訊系(臺北校區)(通過); 國立雲林科技大學財務金融系(正取,分發); 國立高雄科技大學行銷與流通管理系(通過); 國立高雄科技大學財務管理系(通過); 國立高雄科技大學金融資訊系(通過); 國立臺中科技大學財務金融系(通過)"
CAND_2990,114,ntub_acc,國立臺北商業大學,會計資訊系,國立臺北商業大學 會計資訊系,61091203,黄*俐,備取,國立雲林科技大學,國立雲林科技大學會計系,其他學校錄取,3,"國立臺北商業大學會計資訊系(臺北校區)(通過); 國立雲林科技大學會計系(備取,分發); 國立臺北科技大學工業工程與管理系(通過)"
CAND_2991,114,ntub_acc,國立臺北商業大學,會計資訊系,國立臺北商業大學 會計資訊系,64090199,許*叡,備取,—,—,未分發或放棄,1,國立臺北商業大學會計資訊系(臺北校區)(通過)
CAND_2992,114,ntub_acc,國立臺北商業大學,會計資訊系,國立臺北商業大學 會計資訊系,67090112,李*掄,備取,—,—,未分發或放棄,2,國立臺北商業大學會計資訊系(臺北校區)(通過); 國立雲林科技大學資訊管理系(正取)
CAND_2993,113,ntub_acc,國立臺北商業大學,會計資訊系,國立臺北商業大學 會計資訊系,61090855,林*,正取,國立政治大學,國立政治大學金融學系,其他學校錄取,6,"國立臺北商業大學會計資訊系(臺北校區)(正取); 國立臺北科技大學資訊與財金管理系(通過); 國立政治大學金融學系(正取,分發); 國立成功大學會計學系(備取); 國立中興大學企業管理學系(備取); 國立中央大學財務金融學系(備取)"
CAND_2994,113,ntub_acc,國立臺北商業大學,會計資訊系,國立臺北商業大學 會計資訊系,61090709,*翊,正取,國立臺北商業大學,國立臺北商業大學會計資訊系(臺北校區),原校系/本校留任,4,"國立臺北商業大學會計資訊系(臺北校區)(正取,分發); 國立雲林科技大學會計系(通過); 國立臺北商業大學財政稅務系(臺北校區)(通過); 國立彰化師範大學財務金融技術學系(通過)"
CAND_2995,113,ntub_acc,國立臺北商業大學,會計資訊系,國立臺北商業大學 會計資訊系,64090563,*容,正取,國立臺北科技大學,國立臺北科技大學工業工程與管理系,其他學校錄取,4,"國立臺北商業大學會計資訊系(臺北校區)(正取); 國立臺灣科技大學資訊管理系(正取); 國立臺北科技大學工業工程與管理系(正取,分發); 國立臺北商業大學財政稅務系(臺北校區)(正取)"
CAND_2996,113,ntub_acc,國立臺北商業大學,會計資訊系,國立臺北商業大學 會計資訊系,61090508,高*,正取,國立中興大學,國立中興大學企業管理學系,其他學校錄取,4,"國立臺北商業大學會計資訊系(臺北校區)(正取); 國立臺灣科技大學企業管理系(正取); 國立臺北科技大學經營管理系(正取); 國立中興大學企業管理學系(正取,分發)"
CAND_2997,113,ntub_acc,國立臺北商業大學,會計資訊系,國立臺北商業大學 會計資訊系,61090697,陳*瑄,正取,國立彰化師範大學,國立彰化師範大學財務金融技術學系,其他學校錄取,3,"國立臺北商業大學會計資訊系(臺北校區)(正取); 國立臺北商業大學財政稅務系(臺北校區)(通過); 國立彰化師範大學財務金融技術學系(正取,分發)"
CAND_2998,113,ntub_acc,國立臺北商業大學,會計資訊系,國立臺北商業大學 會計資訊系,64090195,張*柴,正取,國立臺灣科技大學,國立臺灣科技大學企業管理系,其他學校錄取,4,"國立臺北商業大學會計資訊系(臺北校區)(正取); 國立臺灣科技大學企業管理系(正取,分發); 國立臺北商業大學財務金融系(臺北校區)(通過); 國立臺北商業大學財政稅務系(臺北校區)(正取)"
CAND_2999,113,ntub_acc,國立臺北商業大學,會計資訊系,國立臺北商業大學 會計資訊系,61091085,*育,正取,國立雲林科技大學,國立雲林科技大學財務金融系,其他學校錄取,3,"國立臺北商業大學會計資訊系(臺北校區)(正取); 國立雲林科技大學財務金融系(正取,分發); 國立雲林科技大學會計系(通過)"
CAND_3000,113,ntub_acc,國立臺北商業大學,會計資訊系,國立臺北商業大學 會計資訊系,71090178,楊*,正取,國立臺北科技大學,國立臺北科技大學經營管理系,其他學校錄取,2,"國立臺北商業大學會計資訊系(臺北校區)(正取); 國立臺北科技大學經營管理系(正取,分發)"
CAND_3001,113,ntub_acc,國立臺北商業大學,會計資訊系,國立臺北商業大學 會計資訊系,67090446,—,正取,國立雲林科技大學,國立雲林科技大學會計系,其他學校錄取,3,"國立臺北商業大學會計資訊系(臺北校區)(正取); 國立雲林科技大學財務金融系(正取); 國立雲林科技大學會計系(正取,分發)"
CAND_3002,113,ntub_acc,國立臺北商業大學,會計資訊系,國立臺北商業大學 會計資訊系,61091185,江*,正取,國立臺北商業大學,國立臺北商業大學會計資訊系(臺北校區),原校系/本校留任,4,"國立臺北商業大學會計資訊系(臺北校區)(正取,分發); 國立雲林科技大學財務金融系(正取); 國立雲林科技大學會計系(正取); 國立臺北商業大學財政稅務系(臺北校區)(正取)"
CAND_3003,113,ntub_acc,國立臺北商業大學,會計資訊系,國立臺北商業大學 會計資訊系,61091233,維*,正取,國立臺北商業大學,國立臺北商業大學會計資訊系(臺北校區),原校系/本校留任,4,"國立臺北商業大學會計資訊系(臺北校區)(正取,分發); 國立雲林科技大學財務金融系(通過); 國立雲林科技大學會計系(通過); 國立臺北商業大學財務金融系(臺北校區)(正取)"
CAND_3004,113,ntub_acc,國立臺北商業大學,會計資訊系,國立臺北商業大學 會計資訊系,57090233,—,正取,國立臺北商業大學,國立臺北商業大學會計資訊系(臺北校區),原校系/本校留任,1,"國立臺北商業大學會計資訊系(臺北校區)(正取,分發)"
CAND_3005,113,ntub_acc,國立臺北商業大學,會計資訊系,國立臺北商業大學 會計資訊系,64090340,林*壕,正取,國立臺北商業大學,國立臺北商業大學財政稅務系(臺北校區),原校系/本校留任,4,"國立臺北商業大學會計資訊系(臺北校區)(正取); 國立臺灣科技大學企業管理系(通過); 國立臺北商業大學財政稅務系(臺北校區)(正取,分發); 國立彰化師範大學財務金融技術學系(通過)"
CAND_3006,113,ntub_acc,國立臺北商業大學,會計資訊系,國立臺北商業大學 會計資訊系,61091577,*綸,正取,國立臺北商業大學,國立臺北商業大學會計資訊系(臺北校區),原校系/本校留任,3,"國立臺北商業大學會計資訊系(臺北校區)(正取,分發); 國立臺北商業大學財政稅務系(臺北校區)(正取); 國立臺北商業大學資訊管理系(臺北校區)(通過)"
CAND_3007,113,ntub_acc,國立臺北商業大學,會計資訊系,國立臺北商業大學 會計資訊系,68090594,*脩,正取,—,—,未分發或放棄,2,國立臺北商業大學會計資訊系(臺北校區)(正取); 國立臺北商業大學財政稅務系(臺北校區)(備取)
CAND_3008,113,ntub_acc,國立臺北商業大學,會計資訊系,國立臺北商業大學 會計資訊系,61090452,歐*,正取,國立臺北商業大學,國立臺北商業大學會計資訊系(臺北校區),原校系/本校留任,3,"國立臺北商業大學會計資訊系(臺北校區)(正取,分發); 逢甲大學經濟學系(正取); 逢甲大學財稅學系(正取)"
CAND_3009,113,ntub_acc,國立臺北商業大學,會計資訊系,國立臺北商業大學 會計資訊系,63090431,*惠,正取,國立臺北商業大學,國立臺北商業大學會計資訊系(臺北校區),原校系/本校留任,2,"國立臺北商業大學會計資訊系(臺北校區)(正取,分發); 國立雲林科技大學會計系(正取)"
CAND_3010,113,ntub_acc,國立臺北商業大學,會計資訊系,國立臺北商業大學 會計資訊系,61090749,*翔,正取,國立彰化師範大學,國立彰化師範大學財務金融技術學系,其他學校錄取,2,"國立臺北商業大學會計資訊系(臺北校區)(正取); 國立彰化師範大學財務金融技術學系(正取,分發)"
CAND_3011,113,ntub_acc,國立臺北商業大學,會計資訊系,國立臺北商業大學 會計資訊系,64090566,粘*,正取,國立臺灣科技大學,國立臺灣科技大學資訊管理系,其他學校錄取,2,"國立臺北商業大學會計資訊系(臺北校區)(正取); 國立臺灣科技大學資訊管理系(正取,分發)"
CAND_3012,113,ntub_acc,國立臺北商業大學,會計資訊系,國立臺北商業大學 會計資訊系,61091241,郭*秀,正取,—,—,未分發或放棄,2,國立臺北商業大學會計資訊系(臺北校區)(正取); 國立臺北商業大學財政稅務系(臺北校區)(通過)
CAND_3013,113,ntub_acc,國立臺北商業大學,會計資訊系,國立臺北商業大學 會計資訊系,56090508,邱*媗,正取,國立臺北科技大學,國立臺北科技大學資訊與財金管理系,其他學校錄取,6,"國立臺北商業大學會計資訊系(臺北校區)(正取); 國立臺灣科技大學企業管理系(備取); 國立臺北科技大學經營管理系(正取); 國立臺北科技大學資訊與財金管理系(正取,分發); 國立臺北商業大學財務金融系(臺北校區)(正取); 國立臺北商業大學財政稅務系(臺北校區)(正取)"
CAND_3014,113,ntub_acc,國立臺北商業大學,會計資訊系,國立臺北商業大學 會計資訊系,76090004,許*,正取,國立臺灣科技大學,國立臺灣科技大學企業管理系,其他學校錄取,6,"國立臺北商業大學會計資訊系(臺北校區)(正取); 國立臺灣科技大學企業管理系(正取,分發); 國立臺灣科技大學資訊管理系(正取); 國立臺北科技大學經營管理系(正取); 國立臺北科技大學資訊與財金管理系(備取); 國立臺北商業大學財務金融系(臺北校區)(正取)"
CAND_3015,113,ntub_acc,國立臺北商業大學,會計資訊系,國立臺北商業大學 會計資訊系,78090020,陳*女,正取,國立臺北商業大學,國立臺北商業大學會計資訊系(臺北校區),原校系/本校留任,4,"國立臺北商業大學會計資訊系(臺北校區)(正取,分發); 國立高雄科技大學財政稅務系(通過); 國立臺中科技大學財務金融系(正取); 國立臺北商業大學財務金融系(臺北校區)(正取)"
CAND_3016,113,ntub_acc,國立臺北商業大學,會計資訊系,國立臺北商業大學 會計資訊系,77090022,葉*均,正取,國立臺北科技大學,國立臺北科技大學資訊與財金管理系,其他學校錄取,6,"國立臺北商業大學會計資訊系(臺北校區)(正取); 國立臺北科技大學經營管理系(正取); 國立臺北科技大學資訊與財金管理系(正取,分發); 國立臺北商業大學財務金融系(臺北校區)(正取); 國立臺北商業大學財政稅務系(臺北校區)(正取); 國立金門大學企業管理學系(備取)"
CAND_3017,113,ntub_acc,國立臺北商業大學,會計資訊系,國立臺北商業大學 會計資訊系,70090909,*豪,備取,國立臺北商業大學,國立臺北商業大學會計資訊系(臺北校區),原校系/本校留任,2,"國立臺北商業大學會計資訊系(臺北校區)(備取,分發); 國立臺北科技大學資訊與財金管理系(備取)"
CAND_3018,113,ntub_acc,國立臺北商業大學,會計資訊系,國立臺北商業大學 會計資訊系,68090125,陳*瑜,備取,國立臺北商業大學,國立臺北商業大學會計資訊系(臺北校區),原校系/本校留任,5,"國立臺北商業大學會計資訊系(臺北校區)(備取,分發); 國立雲林科技大學財務金融系(通過); 國立雲林科技大學會計系(正取); 國立高雄科技大學會計資訊系(通過); 國立臺北商業大學財政稅務系(臺北校區)(通過)"
CAND_3019,113,ntub_acc,國立臺北商業大學,會計資訊系,國立臺北商業大學 會計資訊系,61091471,楊*潔,備取,國立臺北商業大學,國立臺北商業大學會計資訊系(臺北校區),原校系/本校留任,5,"國立臺北商業大學會計資訊系(臺北校區)(備取,分發); 國立雲林科技大學會計系(備取); 國立高雄科技大學會計資訊系(正取); 國立臺中科技大學會計資訊系(正取); 國立臺北商業大學財政稅務系(臺北校區)(正取)"
CAND_3020,113,ntub_acc,國立臺北商業大學,會計資訊系,國立臺北商業大學 會計資訊系,66090050,*晨,備取,國立臺中科技大學,國立臺中科技大學會計資訊系,其他學校錄取,4,"國立臺北商業大學會計資訊系(臺北校區)(備取); 國立高雄科技大學會計資訊系(正取); 國立臺中科技大學會計資訊系(正取,分發); 國立彰化師範大學財務金融技術學系(正取)"
CAND_3021,113,ntub_acc,國立臺北商業大學,會計資訊系,國立臺北商業大學 會計資訊系,61091497,林*𡤃,備取,國立雲林科技大學,國立雲林科技大學會計系,其他學校錄取,2,"國立臺北商業大學會計資訊系(臺北校區)(備取); 國立雲林科技大學會計系(正取,分發)"
CAND_3022,113,ntub_acc,國立臺北商業大學,會計資訊系,國立臺北商業大學 會計資訊系,61091193,李*,備取,國立雲林科技大學,國立雲林科技大學會計系,其他學校錄取,4,"國立臺北商業大學會計資訊系(臺北校區)(備取); 國立雲林科技大學財務金融系(通過); 國立雲林科技大學會計系(正取,分發); 國立臺北商業大學財政稅務系(臺北校區)(通過)"
CAND_3023,113,ntub_acc,國立臺北商業大學,會計資訊系,國立臺北商業大學 會計資訊系,61090605,*霏,備取,國立臺北科技大學,國立臺北科技大學工業工程與管理系,其他學校錄取,3,"國立臺北商業大學會計資訊系(臺北校區)(備取); 國立臺灣科技大學企業管理系(通過); 國立臺北科技大學工業工程與管理系(正取,分發)"
CAND_3024,113,ntub_acc,國立臺北商業大學,會計資訊系,國立臺北商業大學 會計資訊系,70091089,維*彤,備取,國立臺北商業大學,國立臺北商業大學會計資訊系(臺北校區),原校系/本校留任,3,"國立臺北商業大學會計資訊系(臺北校區)(備取,分發); 國立雲林科技大學會計系(備取); 國立高雄科技大學財務管理系(通過)"
CAND_3025,113,ntub_acc,國立臺北商業大學,會計資訊系,國立臺北商業大學 會計資訊系,64090367,林*,備取,國立臺北商業大學,國立臺北商業大學財務金融系(臺北校區),原校系/本校留任,4,"國立臺北商業大學會計資訊系(臺北校區)(備取); 國立雲林科技大學財務金融系(備取); 國立雲林科技大學會計系(備取); 國立臺北商業大學財務金融系(臺北校區)(備取,分發)"
CAND_3026,113,ntub_acc,國立臺北商業大學,會計資訊系,國立臺北商業大學 會計資訊系,69530012,邱*庭,備取,國立臺北商業大學,國立臺北商業大學財政稅務系(臺北校區),原校系/本校留任,3,"國立臺北商業大學會計資訊系(臺北校區)(備取); 國立雲林科技大學會計系(通過); 國立臺北商業大學財政稅務系(臺北校區)(備取,分發)"
CAND_3027,113,ntub_acc,國立臺北商業大學,會計資訊系,國立臺北商業大學 會計資訊系,61090857,紀*慈,備取,國立雲林科技大學,國立雲林科技大學會計系,其他學校錄取,4,"國立臺北商業大學會計資訊系(臺北校區)(備取); 國立臺灣科技大學企業管理系(通過); 國立雲林科技大學財務金融系(通過); 國立雲林科技大學會計系(正取,分發)"
CAND_3028,113,ntub_acc,國立臺北商業大學,會計資訊系,國立臺北商業大學 會計資訊系,61090795,余*秤,備取,國立雲林科技大學,國立雲林科技大學會計系,其他學校錄取,4,"國立臺北商業大學會計資訊系(臺北校區)(備取); 國立雲林科技大學財務金融系(備取); 國立雲林科技大學會計系(備取,分發); 國立臺北商業大學財政稅務系(臺北校區)(備取)"
CAND_3029,113,ntub_acc,國立臺北商業大學,會計資訊系,國立臺北商業大學 會計資訊系,58090285,彭*,備取,國立臺北商業大學,國立臺北商業大學會計資訊系(臺北校區),原校系/本校留任,2,"國立臺北商業大學會計資訊系(臺北校區)(備取,分發); 國立臺北商業大學財政稅務系(臺北校區)(正取)"
CAND_3030,113,ntub_acc,國立臺北商業大學,會計資訊系,國立臺北商業大學 會計資訊系,64090451,周*哲,備取,國立臺北科技大學,國立臺北科技大學經營管理系,其他學校錄取,5,"國立臺北商業大學會計資訊系(臺北校區)(備取); 國立雲林科技大學工業工程與管理系(通過); 國立臺北科技大學經營管理系(備取,分發); 國立臺北商業大學財政稅務系(臺北校區)(正取); 國立臺北商業大學國際商務系(臺北校區)(通過)"
CAND_3031,113,ntub_acc,國立臺北商業大學,會計資訊系,國立臺北商業大學 會計資訊系,59090008,徐*,備取,國立臺北商業大學,國立臺北商業大學會計資訊系(臺北校區),原校系/本校留任,4,"國立臺北商業大學會計資訊系(臺北校區)(備取,分發); 國立雲林科技大學會計系(通過); 國立臺北商業大學財政稅務系(臺北校區)(通過); 國立臺北商業大學國際商務系(臺北校區)(通過)"
CAND_3032,113,ntub_acc,國立臺北商業大學,會計資訊系,國立臺北商業大學 會計資訊系,69090048,*亭,備取,國立臺灣科技大學,國立臺灣科技大學企業管理系,其他學校錄取,3,"國立臺北商業大學會計資訊系(臺北校區)(備取); 國立臺灣科技大學企業管理系(備取,分發); 國立臺北商業大學財政稅務系(臺北校區)(正取)"
CAND_3033,113,ntub_acc,國立臺北商業大學,會計資訊系,國立臺北商業大學 會計資訊系,61090721,陳*永,備取,國立臺北科技大學,國立臺北科技大學資訊與財金管理系,其他學校錄取,5,"國立臺北商業大學會計資訊系(臺北校區)(備取); 國立臺灣科技大學企業管理系(備取); 國立臺北科技大學資訊與財金管理系(備取,分發); 國立臺北商業大學財政稅務系(臺北校區)(通過); 國立彰化師範大學財務金融技術學系(通過)"
CAND_3034,113,ntub_acc,國立臺北商業大學,會計資訊系,國立臺北商業大學 會計資訊系,53090053,柯*妤,備取,國立臺北科技大學,國立臺北科技大學工業工程與管理系,其他學校錄取,3,"國立臺北商業大學會計資訊系(臺北校區)(備取); 國立臺北科技大學工業工程與管理系(備取,分發); 國立臺北商業大學資訊管理系(臺北校區)(正取)"
CAND_3035,113,ntub_acc,國立臺北商業大學,會計資訊系,國立臺北商業大學 會計資訊系,56090252,謝*,備取,國立臺北商業大學,國立臺北商業大學會計資訊系(臺北校區),原校系/本校留任,4,"國立臺北商業大學會計資訊系(臺北校區)(備取,分發); 國立雲林科技大學財務金融系(正取); 國立雲林科技大學會計系(備取); 國立臺北商業大學財政稅務系(臺北校區)(備取)"
CAND_3036,113,ntub_acc,國立臺北商業大學,會計資訊系,國立臺北商業大學 會計資訊系,61090725,邱*,備取,國立臺北商業大學,國立臺北商業大學會計資訊系(臺北校區),原校系/本校留任,3,"國立臺北商業大學會計資訊系(臺北校區)(備取,分發); 國立雲林科技大學會計系(通過); 國立臺北商業大學財政稅務系(臺北校區)(通過)"
CAND_3037,113,ntub_acc,國立臺北商業大學,會計資訊系,國立臺北商業大學 會計資訊系,61090813,陳*均,備取,國立臺北商業大學,國立臺北商業大學企業管理系(臺北校區),原校系/本校留任,4,"國立臺北商業大學會計資訊系(臺北校區)(備取); 國立雲林科技大學財務金融系(正取); 國立雲林科技大學會計系(正取); 國立臺北商業大學企業管理系(臺北校區)(正取,分發)"
CAND_3038,113,ntub_acc,國立臺北商業大學,會計資訊系,國立臺北商業大學 會計資訊系,61090853,陳*臻,備取,國立雲林科技大學,國立雲林科技大學會計系,其他學校錄取,4,"國立臺北商業大學會計資訊系(臺北校區)(備取); 國立雲林科技大學會計系(正取,分發); 國立高雄科技大學金融系(備取); 國立高雄科技大學會計資訊系(通過)"
CAND_3039,113,ntub_acc,國立臺北商業大學,會計資訊系,國立臺北商業大學 會計資訊系,61091319,李*玲,備取,國立臺北商業大學,國立臺北商業大學會計資訊系(臺北校區),原校系/本校留任,3,"國立臺北商業大學會計資訊系(臺北校區)(備取,分發); 國立雲林科技大學會計系(備取); 國立臺中科技大學會計資訊系(通過)"
CAND_3040,113,ntub_acc,國立臺北商業大學,會計資訊系,國立臺北商業大學 會計資訊系,53090065,許*琇,備取,國立臺北商業大學,國立臺北商業大學會計資訊系(臺北校區),原校系/本校留任,1,"國立臺北商業大學會計資訊系(臺北校區)(備取,分發)"
CAND_3041,113,ntub_acc,國立臺北商業大學,會計資訊系,國立臺北商業大學 會計資訊系,58090333,黄*,備取,國立臺北商業大學,國立臺北商業大學財政稅務系(臺北校區),原校系/本校留任,3,"國立臺北商業大學會計資訊系(臺北校區)(備取); 國立雲林科技大學財務金融系(備取); 國立臺北商業大學財政稅務系(臺北校區)(備取,分發)"
CAND_3042,113,ntub_acc,國立臺北商業大學,會計資訊系,國立臺北商業大學 會計資訊系,74090110,吳*,備取,國立臺北商業大學,國立臺北商業大學會計資訊系(臺北校區),原校系/本校留任,5,"國立臺北商業大學會計資訊系(臺北校區)(備取,分發); 國立高雄科技大學會計資訊系(通過); 國立臺中科技大學會計資訊系(正取); 中原大學會計學系(通過); 逢甲大學會計學系(正取)"
CAND_3043,113,ntub_acc,國立臺北商業大學,會計資訊系,國立臺北商業大學 會計資訊系,74090121,陳*甯,備取,國立高雄科技大學,國立高雄科技大學航運管理系,其他學校錄取,5,"國立臺北商業大學會計資訊系(臺北校區)(備取); 國立高雄科技大學財政稅務系(正取); 國立高雄科技大學航運管理系(備取,分發); 國立勤益科技大學企業管理系(通過); 國立臺中科技大學會計資訊系(通過)"
CAND_3044,113,ntub_acc,國立臺北商業大學,會計資訊系,國立臺北商業大學 會計資訊系,76090035,鄭*筠,備取,國立臺北商業大學,國立臺北商業大學財務金融系(臺北校區),原校系/本校留任,6,"國立臺北商業大學會計資訊系(臺北校區)(備取); 國立臺北科技大學經營管理系(正取); 國立高雄科技大學金融系(正取); 國立高雄科技大學會計資訊系(正取); 國立臺北商業大學財務金融系(臺北校區)(正取,分發); 國立臺北商業大學財政稅務系(臺北校區)(正取)"
CAND_3045,113,ntub_acc,國立臺北商業大學,會計資訊系,國立臺北商業大學 會計資訊系,76090049,陳*佑,備取,國立臺北科技大學,國立臺北科技大學經營管理系,其他學校錄取,6,"國立臺北商業大學會計資訊系(臺北校區)(備取); 國立雲林科技大學企業管理系(備取); 國立雲林科技大學會計系(通過); 國立臺北科技大學經營管理系(備取,分發); 國立臺北商業大學財務金融系(臺北校區)(備取); 國立臺北商業大學財政稅務系(臺北校區)(備取)"
CAND_3046,113,ntub_acc,國立臺北商業大學,會計資訊系,國立臺北商業大學 會計資訊系,76090016,*心,備取,國立臺北商業大學,國立臺北商業大學財政稅務系(臺北校區),原校系/本校留任,5,"國立臺北商業大學會計資訊系(臺北校區)(備取); 國立雲林科技大學會計系(正取); 國立高雄科技大學會計資訊系(正取); 國立臺北商業大學財政稅務系(臺北校區)(備取,分發); 國立彰化師範大學財務金融技術學系(備取)"
CAND_3047,113,ntub_acc,國立臺北商業大學,會計資訊系,國立臺北商業大學 會計資訊系,77090025,—,備取,國立金門大學,國立金門大學企業管理學系,其他學校錄取,4,"國立臺北商業大學會計資訊系(臺北校區)(備取); 國立臺北商業大學財務金融系(臺北校區)(備取); 國立臺北商業大學企業管理系(臺北校區)(備取); 國立金門大學企業管理學系(備取,分發)"
CAND_3048,113,ntub_acc,國立臺北商業大學,會計資訊系,國立臺北商業大學 會計資訊系,77090017,許*岑,備取,國立臺北商業大學,國立臺北商業大學會計資訊系(臺北校區),原校系/本校留任,5,"國立臺北商業大學會計資訊系(臺北校區)(備取,分發); 國立勤益科技大學企業管理系(正取); 國立臺中科技大學財務金融系(通過); 國立臺北商業大學財務金融系(臺北校區)(備取); 國立臺北商業大學企業管理系(臺北校區)(備取)"
CAND_3049,113,ntub_acc,國立臺北商業大學,會計資訊系,國立臺北商業大學 會計資訊系,52090177,葵*頡,備取,國立臺北科技大學,國立臺北科技大學經營管理系,其他學校錄取,4,"國立臺北商業大學會計資訊系(臺北校區)(通過); 國立臺北科技大學經營管理系(正取,分發); 國立臺北商業大學財務金融系(臺北校區)(備取); 國立臺北商業大學財政稅務系(臺北校區)(通過)"
CAND_3050,113,ntub_acc,國立臺北商業大學,會計資訊系,國立臺北商業大學 會計資訊系,57090725,鄧*庭,備取,—,—,未分發或放棄,1,國立臺北商業大學會計資訊系(臺北校區)(通過)
CAND_3051,113,ntub_acc,國立臺北商業大學,會計資訊系,國立臺北商業大學 會計資訊系,57090841,*彦,備取,—,—,未分發或放棄,2,國立臺北商業大學會計資訊系(臺北校區)(通過); 國立雲林科技大學會計系(通過)
CAND_3052,113,ntub_acc,國立臺北商業大學,會計資訊系,國立臺北商業大學 會計資訊系,58090437,陳*璇,備取,—,—,未分發或放棄,1,國立臺北商業大學會計資訊系(臺北校區)(通過)
CAND_3053,113,ntub_acc,國立臺北商業大學,會計資訊系,國立臺北商業大學 會計資訊系,58090541,李*,備取,—,—,未分發或放棄,2,國立臺北商業大學會計資訊系(臺北校區)(通過); 國立雲林科技大學工業工程與管理系(通過)
CAND_3054,113,ntub_acc,國立臺北商業大學,會計資訊系,國立臺北商業大學 會計資訊系,59090028,*晴,備取,—,—,未分發或放棄,1,國立臺北商業大學會計資訊系(臺北校區)(通過)
CAND_3055,113,ntub_acc,國立臺北商業大學,會計資訊系,國立臺北商業大學 會計資訊系,59090389,楊*瑄,備取,—,—,未分發或放棄,2,國立臺北商業大學會計資訊系(臺北校區)(通過); 國立臺灣科技大學企業管理系(通過)
CAND_3056,113,ntub_acc,國立臺北商業大學,會計資訊系,國立臺北商業大學 會計資訊系,59090393,林*晴,備取,國立臺北科技大學,國立臺北科技大學工業工程與管理系,其他學校錄取,5,"國立臺北商業大學會計資訊系(臺北校區)(通過); 國立雲林科技大學工業工程與管理系(通過); 國立雲林科技大學財務金融系(通過); 國立臺北科技大學工業工程與管理系(正取,分發); 國立臺北商業大學國際商務系(臺北校區)(通過)"
CAND_3057,113,ntub_acc,國立臺北商業大學,會計資訊系,國立臺北商業大學 會計資訊系,61091217,魏*君,備取,國立臺北商業大學,國立臺北商業大學財務金融系(臺北校區),原校系/本校留任,5,"國立臺北商業大學會計資訊系(臺北校區)(通過); 國立臺北科技大學資訊與財金管理系(備取); 國立臺北商業大學財務金融系(臺北校區)(備取,分發); 國立臺北商業大學商業設計管理系(桃園校區)(通過); 國立臺灣藝術大學圖文傳播藝術學系(通過)"
CAND_3058,113,ntub_acc,國立臺北商業大學,會計資訊系,國立臺北商業大學 會計資訊系,61091629,*瑄,備取,國立成功大學,國立成功大學會計學系,其他學校錄取,6,"國立臺北商業大學會計資訊系(臺北校區)(通過); 國立臺灣科技大學企業管理系(通過); 國立雲林科技大學財務金融系(通過); 國立雲林科技大學會計系(正取); 國立臺北商業大學財政稅務系(臺北校區)(通過); 國立成功大學會計學系(正取,分發)"
CAND_3059,113,ntub_acc,國立臺北商業大學,會計資訊系,國立臺北商業大學 會計資訊系,62090122,許*淇,備取,國立雲林科技大學,國立雲林科技大學會計系,其他學校錄取,2,"國立臺北商業大學會計資訊系(臺北校區)(通過); 國立雲林科技大學會計系(正取,分發)"
CAND_3060,113,ntub_acc,國立臺北商業大學,會計資訊系,國立臺北商業大學 會計資訊系,64090259,陳*葵,備取,—,—,未分發或放棄,4,國立臺北商業大學會計資訊系(臺北校區)(通過); 國立雲林科技大學財務金融系(通過); 國立雲林科技大學會計系(通過); 國立高雄科技大學會計資訊系(通過)
CAND_3061,113,ntub_acc,國立臺北商業大學,會計資訊系,國立臺北商業大學 會計資訊系,65090037,吳*,備取,—,—,未分發或放棄,3,國立臺北商業大學會計資訊系(臺北校區)(通過); 國立臺北科技大學資訊與財金管理系(通過); 國立臺北商業大學財務金融系(臺北校區)(通過)
CAND_3062,113,ntub_acc,國立臺北商業大學,會計資訊系,國立臺北商業大學 會計資訊系,65090070,*靜,備取,—,—,未分發或放棄,2,國立臺北商業大學會計資訊系(臺北校區)(通過); 國立臺北商業大學資訊管理系(臺北校區)(通過)
CAND_3063,113,ntub_acc,國立臺北商業大學,會計資訊系,國立臺北商業大學 會計資訊系,68090625,葵*,備取,國立雲林科技大學,國立雲林科技大學會計系,其他學校錄取,5,"國立臺北商業大學會計資訊系(臺北校區)(通過); 國立臺灣科技大學企業管理系(通過); 國立雲林科技大學會計系(正取,分發); 國立高雄科技大學金融系(通過); 國立臺灣海洋大學航運管理學系(通過)"
CAND_3064,113,ntub_acc,國立臺北商業大學,會計資訊系,國立臺北商業大學 會計資訊系,70090029,吳*儀,備取,—,—,未分發或放棄,1,國立臺北商業大學會計資訊系(臺北校區)(通過)
CAND_3065,113,ntub_acc,國立臺北商業大學,會計資訊系,國立臺北商業大學 會計資訊系,70090042,葵*羽,備取,國立雲林科技大學,國立雲林科技大學會計系,其他學校錄取,4,"國立臺北商業大學會計資訊系(臺北校區)(通過); 國立雲林科技大學財務金融系(通過); 國立雲林科技大學會計系(正取,分發); 國立臺北商業大學財政稅務系(臺北校區)(通過)"
CAND_3066,113,ntub_acc,國立臺北商業大學,會計資訊系,國立臺北商業大學 會計資訊系,74090173,江*謙,備取,—,—,未分發或放棄,3,國立臺北商業大學會計資訊系(臺北校區)(通過); 國立臺灣科技大學企業管理系(通過); 國立彰化師範大學財務金融技術學系(通過)
CAND_3067,113,ntub_acc,國立臺北商業大學,會計資訊系,國立臺北商業大學 會計資訊系,78090021,陳*,備取,國立臺北商業大學,國立臺北商業大學財務金融系(臺北校區),原校系/本校留任,5,"國立臺北商業大學會計資訊系(臺北校區)(通過); 國立高雄科技大學金融系(通過); 國立臺北商業大學財務金融系(臺北校區)(備取,分發); 朝陽科技大學財務金融系(通過); 致理科技大學會計資訊系(通過)"
